Order_ID,Order_Date,Month,Region,Category,Product,Customer_Segment,Quantity,Unit_Price,Discount,Sales,Cost,Profit
ORD-102902,2025-01-01,2025-01,South,Electronics,Laptop,Small Business,4,55000,0.0,220000.0,168000,52000.0
ORD-104151,2025-01-01,2025-01,East,Accessories,Water Bottle,Corporate,1,600,0.0,600.0,280,320.0
ORD-104725,2025-01-01,2025-01,Central,Accessories,Water Bottle,Corporate,1,600,0.1,540.0,280,260.0
ORD-102714,2025-01-01,2025-01,North,Electronics,Smartphone,Consumer,1,28000,0.05,26600.0,21000,5600.0
ORD-104776,2025-01-01,2025-01,East,Electronics,Smartwatch,Consumer,2,9000,0.0,18000.0,12000,6000.0
ORD-104129,2025-01-01,2025-01,Central,Electronics,Smartwatch,Consumer,5,9000,0.0,45000.0,30000,15000.0
ORD-103626,2025-01-01,2025-01,South,Stationery,Notebook Pack,Consumer,2,450,0.05,855.0,500,355.0
ORD-104978,2025-01-01,2025-01,Central,Stationery,Pen Set,Consumer,2,300,0.0,600.0,280,320.0
ORD-102604,2025-01-01,2025-01,South,Accessories,Water Bottle,Consumer,2,600,0.15,1020.0,560,460.0
ORD-102911,2025-01-02,2025-01,South,Accessories,Desk Lamp,Consumer,1,1400,0.0,1400.0,750,650.0
ORD-103217,2025-01-02,2025-01,South,Stationery,Pen Set,Consumer,1,300,0.05,285.0,140,145.0
ORD-102327,2025-01-02,2025-01,West,Electronics,Smartphone,Consumer,2,28000,0.1,50400.0,42000,8400.0
ORD-102611,2025-01-03,2025-01,North,Electronics,Laptop,Consumer,2,55000,0.1,99000.0,84000,15000.0
ORD-104411,2025-01-03,2025-01,West,Accessories,Backpack,Consumer,1,1800,0.0,1800.0,950,850.0
ORD-101921,2025-01-03,2025-01,North,Electronics,Headphones,Consumer,3,3500,0.0,10500.0,6300,4200.0
ORD-102632,2025-01-03,2025-01,South,Electronics,Smartphone,Consumer,5,28000,0.2,112000.0,105000,7000.0
ORD-100208,2025-01-04,2025-01,West,Electronics,Laptop,Consumer,2,55000,0.1,99000.0,84000,15000.0
ORD-103317,2025-01-04,2025-01,West,Stationery,Notebook Pack,Small Business,2,450,0.05,855.0,500,355.0
ORD-100821,2025-01-04,2025-01,South,Electronics,Smartphone,Small Business,1,28000,0.05,26600.0,21000,5600.0
ORD-101426,2025-01-04,2025-01,Central,Electronics,Smartphone,Consumer,1,28000,0.0,28000.0,21000,7000.0
ORD-100072,2025-01-04,2025-01,South,Stationery,Pen Set,Corporate,1,300,0.2,240.0,140,100.0
ORD-101483,2025-01-04,2025-01,North,Stationery,Pen Set,Consumer,2,300,0.0,600.0,280,320.0
ORD-102294,2025-01-04,2025-01,North,Electronics,Smartwatch,Corporate,1,9000,0.0,9000.0,6000,3000.0
ORD-101901,2025-01-04,2025-01,North,Accessories,Desk Lamp,Consumer,1,1400,0.0,1400.0,750,650.0
ORD-104503,2025-01-05,2025-01,Central,Stationery,Notebook Pack,Consumer,3,450,0.1,1215.0,750,465.0
ORD-104900,2025-01-05,2025-01,North,Electronics,Headphones,Consumer,3,3500,0.05,9975.0,6300,3675.0
ORD-100128,2025-01-05,2025-01,South,Stationery,Pen Set,Small Business,1,300,0.0,300.0,140,160.0
ORD-104770,2025-01-05,2025-01,West,Accessories,Water Bottle,Small Business,1,600,0.0,600.0,280,320.0
ORD-103744,2025-01-05,2025-01,East,Electronics,Smartphone,Consumer,1,28000,0.0,28000.0,21000,7000.0
ORD-103912,2025-01-05,2025-01,West,Stationery,Pen Set,Small Business,1,300,0.0,300.0,140,160.0
ORD-101168,2025-01-05,2025-01,North,Stationery,Notebook Pack,Consumer,3,450,0.0,1350.0,750,600.0
ORD-102295,2025-01-06,2025-01,Central,Accessories,Water Bottle,Corporate,1,600,0.1,540.0,280,260.0
ORD-103098,2025-01-06,2025-01,South,Furniture,Office Chair,Consumer,1,8500,0.05,8075.0,5500,2575.0
ORD-103313,2025-01-06,2025-01,East,Stationery,Pen Set,Consumer,1,300,0.0,300.0,140,160.0
ORD-101515,2025-01-06,2025-01,South,Stationery,Pen Set,Consumer,1,300,0.1,270.0,140,130.0
ORD-102761,2025-01-06,2025-01,North,Stationery,Pen Set,Corporate,4,300,0.0,1200.0,560,640.0
ORD-103107,2025-01-07,2025-01,East,Accessories,Water Bottle,Consumer,3,600,0.0,1800.0,840,960.0
ORD-102349,2025-01-07,2025-01,Central,Electronics,Headphones,Consumer,3,3500,0.05,9975.0,6300,3675.0
ORD-103271,2025-01-07,2025-01,North,Furniture,Office Chair,Consumer,1,8500,0.0,8500.0,5500,3000.0
ORD-102528,2025-01-07,2025-01,East,Stationery,Pen Set,Small Business,2,300,0.0,600.0,280,320.0
ORD-101283,2025-01-07,2025-01,West,Electronics,Laptop,Consumer,3,55000,0.0,165000.0,126000,39000.0
ORD-101886,2025-01-07,2025-01,North,Electronics,Smartwatch,Small Business,2,9000,0.0,18000.0,12000,6000.0
ORD-100205,2025-01-07,2025-01,South,Electronics,Headphones,Consumer,1,3500,0.0,3500.0,2100,1400.0
ORD-102818,2025-01-07,2025-01,Central,Stationery,Notebook Pack,Corporate,2,450,0.1,810.0,500,310.0
ORD-102692,2025-01-07,2025-01,South,Stationery,Notebook Pack,Small Business,3,450,0.05,1282.5,750,532.5
ORD-104756,2025-01-07,2025-01,South,Stationery,Notebook Pack,Consumer,1,450,0.2,360.0,250,110.0
ORD-103782,2025-01-08,2025-01,South,Furniture,Study Desk,Consumer,3,12000,0.05,34200.0,24000,10200.0
ORD-100945,2025-01-08,2025-01,South,Stationery,Pen Set,Consumer,1,300,0.15,255.0,140,115.0
ORD-100407,2025-01-08,2025-01,South,Stationery,Pen Set,Consumer,2,300,0.15,510.0,280,230.0
ORD-101264,2025-01-08,2025-01,West,Accessories,Backpack,Consumer,1,1800,0.05,1710.0,950,760.0
ORD-104687,2025-01-08,2025-01,South,Accessories,Backpack,Consumer,3,1800,0.15,4590.0,2850,1740.0
ORD-100456,2025-01-08,2025-01,South,Electronics,Smartwatch,Small Business,1,9000,0.1,8100.0,6000,2100.0
ORD-102977,2025-01-08,2025-01,West,Electronics,Laptop,Consumer,1,55000,0.0,55000.0,42000,13000.0
ORD-103710,2025-01-08,2025-01,West,Furniture,Bookshelf,Corporate,1,6500,0.1,5850.0,4200,1650.0
ORD-103964,2025-01-08,2025-01,East,Accessories,Backpack,Consumer,4,1800,0.0,7200.0,3800,3400.0
ORD-101743,2025-01-08,2025-01,West,Accessories,Desk Lamp,Small Business,2,1400,0.1,2520.0,1500,1020.0
ORD-101799,2025-01-09,2025-01,East,Furniture,Bookshelf,Small Business,1,6500,0.0,6500.0,4200,2300.0
ORD-100470,2025-01-09,2025-01,West,Stationery,Pen Set,Consumer,1,300,0.0,300.0,140,160.0
ORD-102360,2025-01-09,2025-01,West,Accessories,Backpack,Corporate,2,1800,0.0,3600.0,1900,1700.0
ORD-102817,2025-01-09,2025-01,Central,Accessories,Desk Lamp,Corporate,1,1400,0.0,1400.0,750,650.0
ORD-103007,2025-01-09,2025-01,South,Accessories,Desk Lamp,Small Business,4,1400,0.15,4760.0,3000,1760.0
ORD-104155,2025-01-09,2025-01,North,Accessories,Water Bottle,Consumer,1,600,0.05,570.0,280,290.0
ORD-101752,2025-01-09,2025-01,South,Accessories,Backpack,Consumer,3,1800,0.0,5400.0,2850,2550.0
ORD-102224,2025-01-09,2025-01,West,Accessories,Backpack,Small Business,1,1800,0.0,1800.0,950,850.0
ORD-100898,2025-01-09,2025-01,Central,Electronics,Smartphone,Consumer,1,28000,0.0,28000.0,21000,7000.0
ORD-100840,2025-01-09,2025-01,South,Accessories,Water Bottle,Corporate,1,600,0.1,540.0,280,260.0
ORD-102131,2025-01-09,2025-01,South,Electronics,Smartwatch,Consumer,1,9000,0.05,8550.0,6000,2550.0
ORD-100563,2025-01-10,2025-01,South,Electronics,Headphones,Consumer,3,3500,0.0,10500.0,6300,4200.0
ORD-103117,2025-01-10,2025-01,South,Stationery,Notebook Pack,Small Business,2,450,0.15,765.0,500,265.0
ORD-104546,2025-01-10,2025-01,North,Stationery,Notebook Pack,Corporate,1,450,0.0,450.0,250,200.0
ORD-104812,2025-01-10,2025-01,South,Stationery,Notebook Pack,Small Business,1,450,0.15,382.5,250,132.5
ORD-100332,2025-01-10,2025-01,North,Electronics,Smartphone,Corporate,3,28000,0.0,84000.0,63000,21000.0
ORD-104096,2025-01-10,2025-01,South,Stationery,Pen Set,Corporate,2,300,0.15,510.0,280,230.0
ORD-103419,2025-01-10,2025-01,North,Accessories,Backpack,Small Business,2,1800,0.05,3420.0,1900,1520.0
ORD-102533,2025-01-10,2025-01,East,Furniture,Office Chair,Small Business,2,8500,0.0,17000.0,11000,6000.0
ORD-102682,2025-01-11,2025-01,East,Furniture,Bookshelf,Corporate,3,6500,0.05,18525.0,12600,5925.0
ORD-103087,2025-01-11,2025-01,West,Accessories,Desk Lamp,Consumer,1,1400,0.15,1190.0,750,440.0
ORD-103066,2025-01-11,2025-01,South,Stationery,Pen Set,Consumer,2,300,0.0,600.0,280,320.0
ORD-100244,2025-01-11,2025-01,West,Electronics,Smartwatch,Consumer,2,9000,0.0,18000.0,12000,6000.0
ORD-104135,2025-01-12,2025-01,East,Furniture,Office Chair,Corporate,1,8500,0.1,7650.0,5500,2150.0
ORD-102703,2025-01-12,2025-01,South,Accessories,Backpack,Corporate,5,1800,0.0,9000.0,4750,4250.0
ORD-100171,2025-01-12,2025-01,East,Electronics,Headphones,Consumer,1,3500,0.0,3500.0,2100,1400.0
ORD-104055,2025-01-12,2025-01,Central,Accessories,Water Bottle,Small Business,4,600,0.0,2400.0,1120,1280.0
ORD-103945,2025-01-12,2025-01,West,Accessories,Water Bottle,Small Business,3,600,0.05,1710.0,840,870.0
ORD-101073,2025-01-13,2025-01,South,Electronics,Laptop,Small Business,1,55000,0.0,55000.0,42000,13000.0
ORD-100371,2025-01-13,2025-01,South,Accessories,Water Bottle,Corporate,1,600,0.1,540.0,280,260.0
ORD-100936,2025-01-13,2025-01,West,Accessories,Water Bottle,Consumer,1,600,0.0,600.0,280,320.0
ORD-101513,2025-01-13,2025-01,West,Furniture,Study Desk,Consumer,1,12000,0.1,10800.0,8000,2800.0
ORD-100794,2025-01-13,2025-01,East,Electronics,Headphones,Consumer,2,3500,0.0,7000.0,4200,2800.0
ORD-102212,2025-01-13,2025-01,South,Accessories,Desk Lamp,Corporate,1,1400,0.0,1400.0,750,650.0
ORD-103263,2025-01-13,2025-01,North,Accessories,Backpack,Small Business,1,1800,0.0,1800.0,950,850.0
ORD-102708,2025-01-13,2025-01,East,Stationery,Notebook Pack,Small Business,1,450,0.05,427.5,250,177.5
ORD-103223,2025-01-14,2025-01,West,Accessories,Water Bottle,Small Business,1,600,0.0,600.0,280,320.0
ORD-102516,2025-01-14,2025-01,South,Stationery,Notebook Pack,Corporate,1,450,0.0,450.0,250,200.0
ORD-103689,2025-01-14,2025-01,North,Accessories,Backpack,Consumer,2,1800,0.0,3600.0,1900,1700.0
ORD-102685,2025-01-14,2025-01,West,Accessories,Water Bottle,Small Business,4,600,0.0,2400.0,1120,1280.0
ORD-103470,2025-01-14,2025-01,South,Electronics,Headphones,Consumer,1,3500,0.05,3325.0,2100,1225.0
ORD-100882,2025-01-14,2025-01,South,Furniture,Study Desk,Consumer,3,12000,0.1,32400.0,24000,8400.0
ORD-101746,2025-01-14,2025-01,West,Electronics,Laptop,Corporate,1,55000,0.05,52250.0,42000,10250.0
ORD-104551,2025-01-14,2025-01,Central,Electronics,Smartphone,Consumer,3,28000,0.05,79800.0,63000,16800.0
ORD-100640,2025-01-14,2025-01,East,Stationery,Pen Set,Consumer,1,300,0.0,300.0,140,160.0
ORD-102018,2025-01-15,2025-01,South,Electronics,Headphones,Corporate,5,3500,0.0,17500.0,10500,7000.0
ORD-100010,2025-01-15,2025-01,North,Accessories,Water Bottle,Consumer,1,600,0.15,510.0,280,230.0
ORD-103161,2025-01-15,2025-01,North,Stationery,Pen Set,Corporate,1,300,0.1,270.0,140,130.0
ORD-104234,2025-01-15,2025-01,West,Accessories,Desk Lamp,Corporate,1,1400,0.05,1330.0,750,580.0
ORD-101049,2025-01-15,2025-01,Central,Electronics,Headphones,Corporate,1,3500,0.05,3325.0,2100,1225.0
ORD-101813,2025-01-15,2025-01,West,Electronics,Headphones,Consumer,1,3500,0.0,3500.0,2100,1400.0
ORD-103412,2025-01-16,2025-01,South,Electronics,Laptop,Small Business,4,55000,0.2,176000.0,168000,8000.0
ORD-102421,2025-01-16,2025-01,West,Stationery,Notebook Pack,Consumer,4,450,0.05,1710.0,1000,710.0
ORD-101202,2025-01-16,2025-01,Central,Stationery,Pen Set,Consumer,3,300,0.1,810.0,420,390.0
ORD-100377,2025-01-16,2025-01,South,Stationery,Notebook Pack,Corporate,3,450,0.15,1147.5,750,397.5
ORD-104519,2025-01-16,2025-01,South,Stationery,Notebook Pack,Corporate,4,450,0.05,1710.0,1000,710.0
ORD-100925,2025-01-16,2025-01,West,Electronics,Headphones,Small Business,4,3500,0.0,14000.0,8400,5600.0
ORD-104326,2025-01-16,2025-01,West,Furniture,Bookshelf,Consumer,2,6500,0.0,13000.0,8400,4600.0
ORD-101576,2025-01-17,2025-01,Central,Stationery,Pen Set,Corporate,1,300,0.15,255.0,140,115.0
ORD-104507,2025-01-17,2025-01,East,Furniture,Study Desk,Small Business,3,12000,0.1,32400.0,24000,8400.0
ORD-100237,2025-01-17,2025-01,West,Furniture,Office Chair,Corporate,4,8500,0.05,32300.0,22000,10300.0
ORD-102719,2025-01-17,2025-01,Central,Electronics,Smartphone,Corporate,1,28000,0.0,28000.0,21000,7000.0
ORD-101047,2025-01-17,2025-01,East,Furniture,Study Desk,Consumer,3,12000,0.05,34200.0,24000,10200.0
ORD-104417,2025-01-17,2025-01,South,Stationery,Pen Set,Small Business,2,300,0.1,540.0,280,260.0
ORD-101970,2025-01-17,2025-01,North,Electronics,Smartphone,Consumer,1,28000,0.1,25200.0,21000,4200.0
ORD-103950,2025-01-17,2025-01,South,Accessories,Desk Lamp,Small Business,4,1400,0.05,5320.0,3000,2320.0
ORD-101201,2025-01-17,2025-01,South,Furniture,Bookshelf,Corporate,2,6500,0.05,12350.0,8400,3950.0
ORD-103668,2025-01-18,2025-01,South,Accessories,Water Bottle,Small Business,1,600,0.0,600.0,280,320.0
ORD-101502,2025-01-18,2025-01,South,Stationery,Pen Set,Corporate,3,300,0.0,900.0,420,480.0
ORD-104888,2025-01-18,2025-01,North,Accessories,Desk Lamp,Corporate,5,1400,0.1,6300.0,3750,2550.0
ORD-100874,2025-01-18,2025-01,South,Accessories,Water Bottle,Consumer,1,600,0.1,540.0,280,260.0
ORD-104196,2025-01-18,2025-01,West,Electronics,Headphones,Consumer,2,3500,0.15,5950.0,4200,1750.0
ORD-100312,2025-01-18,2025-01,Central,Accessories,Desk Lamp,Consumer,1,1400,0.1,1260.0,750,510.0
ORD-102975,2025-01-18,2025-01,North,Stationery,Pen Set,Consumer,5,300,0.1,1350.0,700,650.0
ORD-103925,2025-01-18,2025-01,East,Electronics,Headphones,Consumer,1,3500,0.1,3150.0,2100,1050.0
ORD-102397,2025-01-18,2025-01,West,Electronics,Headphones,Corporate,1,3500,0.15,2975.0,2100,875.0
ORD-101696,2025-01-18,2025-01,West,Stationery,Notebook Pack,Corporate,2,450,0.0,900.0,500,400.0
ORD-101969,2025-01-18,2025-01,South,Accessories,Backpack,Consumer,2,1800,0.0,3600.0,1900,1700.0
ORD-100098,2025-01-18,2025-01,South,Electronics,Smartwatch,Corporate,4,9000,0.05,34200.0,24000,10200.0
ORD-104486,2025-01-18,2025-01,North,Electronics,Laptop,Small Business,1,55000,0.1,49500.0,42000,7500.0
ORD-100515,2025-01-19,2025-01,West,Stationery,Notebook Pack,Consumer,1,450,0.0,450.0,250,200.0
ORD-100878,2025-01-19,2025-01,South,Electronics,Smartphone,Consumer,4,28000,0.05,106400.0,84000,22400.0
ORD-102413,2025-01-19,2025-01,West,Accessories,Desk Lamp,Consumer,2,1400,0.05,2660.0,1500,1160.0
ORD-100356,2025-01-19,2025-01,North,Accessories,Backpack,Corporate,1,1800,0.0,1800.0,950,850.0
ORD-100901,2025-01-19,2025-01,East,Stationery,Pen Set,Consumer,1,300,0.0,300.0,140,160.0
ORD-102080,2025-01-19,2025-01,South,Stationery,Pen Set,Consumer,4,300,0.2,960.0,560,400.0
ORD-100557,2025-01-20,2025-01,West,Accessories,Water Bottle,Small Business,2,600,0.0,1200.0,560,640.0
ORD-103962,2025-01-20,2025-01,South,Accessories,Desk Lamp,Corporate,1,1400,0.1,1260.0,750,510.0
ORD-104099,2025-01-20,2025-01,South,Accessories,Water Bottle,Corporate,1,600,0.05,570.0,280,290.0
ORD-102829,2025-01-20,2025-01,North,Electronics,Smartphone,Corporate,2,28000,0.0,56000.0,42000,14000.0
ORD-103503,2025-01-21,2025-01,Central,Electronics,Smartphone,Consumer,3,28000,0.15,71400.0,63000,8400.0
ORD-103654,2025-01-21,2025-01,South,Stationery,Pen Set,Corporate,2,300,0.15,510.0,280,230.0
ORD-101435,2025-01-21,2025-01,East,Stationery,Notebook Pack,Corporate,1,450,0.05,427.5,250,177.5
ORD-101159,2025-01-21,2025-01,West,Stationery,Pen Set,Consumer,1,300,0.05,285.0,140,145.0
ORD-103695,2025-01-21,2025-01,East,Electronics,Smartphone,Consumer,1,28000,0.0,28000.0,21000,7000.0
ORD-101454,2025-01-21,2025-01,Central,Accessories,Desk Lamp,Consumer,2,1400,0.1,2520.0,1500,1020.0
ORD-101339,2025-01-21,2025-01,South,Furniture,Bookshelf,Consumer,2,6500,0.15,11050.0,8400,2650.0
ORD-100290,2025-01-21,2025-01,South,Stationery,Notebook Pack,Consumer,3,450,0.0,1350.0,750,600.0
ORD-103382,2025-01-22,2025-01,West,Accessories,Backpack,Small Business,4,1800,0.0,7200.0,3800,3400.0
ORD-101300,2025-01-22,2025-01,West,Stationery,Notebook Pack,Consumer,2,450,0.0,900.0,500,400.0
ORD-101233,2025-01-22,2025-01,North,Stationery,Pen Set,Consumer,3,300,0.2,720.0,420,300.0
ORD-100100,2025-01-22,2025-01,South,Accessories,Desk Lamp,Consumer,4,1400,0.0,5600.0,3000,2600.0
ORD-103488,2025-01-22,2025-01,South,Electronics,Smartwatch,Corporate,2,9000,0.05,17100.0,12000,5100.0
ORD-102418,2025-01-22,2025-01,North,Accessories,Backpack,Consumer,2,1800,0.0,3600.0,1900,1700.0
ORD-100974,2025-01-22,2025-01,South,Accessories,Backpack,Corporate,1,1800,0.05,1710.0,950,760.0
ORD-102010,2025-01-23,2025-01,South,Accessories,Desk Lamp,Small Business,5,1400,0.0,7000.0,3750,3250.0
ORD-103841,2025-01-23,2025-01,West,Stationery,Notebook Pack,Small Business,1,450,0.05,427.5,250,177.5
ORD-103794,2025-01-23,2025-01,South,Accessories,Water Bottle,Consumer,1,600,0.05,570.0,280,290.0
ORD-101288,2025-01-23,2025-01,Central,Stationery,Notebook Pack,Consumer,1,450,0.0,450.0,250,200.0
ORD-100764,2025-01-23,2025-01,West,Accessories,Backpack,Consumer,1,1800,0.0,1800.0,950,850.0
ORD-102182,2025-01-23,2025-01,West,Stationery,Notebook Pack,Consumer,1,450,0.0,450.0,250,200.0
ORD-101247,2025-01-23,2025-01,West,Furniture,Study Desk,Corporate,1,12000,0.1,10800.0,8000,2800.0
ORD-100042,2025-01-24,2025-01,North,Electronics,Headphones,Consumer,2,3500,0.05,6650.0,4200,2450.0
ORD-104010,2025-01-24,2025-01,South,Accessories,Water Bottle,Corporate,1,600,0.2,480.0,280,200.0
ORD-103384,2025-01-24,2025-01,South,Stationery,Notebook Pack,Consumer,4,450,0.05,1710.0,1000,710.0
ORD-101019,2025-01-24,2025-01,North,Accessories,Desk Lamp,Small Business,4,1400,0.0,5600.0,3000,2600.0
ORD-103663,2025-01-24,2025-01,East,Stationery,Pen Set,Consumer,5,300,0.1,1350.0,700,650.0
ORD-102241,2025-01-24,2025-01,Central,Electronics,Smartphone,Consumer,1,28000,0.15,23800.0,21000,2800.0
ORD-101903,2025-01-25,2025-01,East,Furniture,Bookshelf,Consumer,1,6500,0.0,6500.0,4200,2300.0
ORD-104742,2025-01-25,2025-01,West,Accessories,Backpack,Consumer,1,1800,0.1,1620.0,950,670.0
ORD-102858,2025-01-25,2025-01,North,Stationery,Notebook Pack,Consumer,1,450,0.05,427.5,250,177.5
ORD-101650,2025-01-25,2025-01,North,Furniture,Study Desk,Consumer,1,12000,0.1,10800.0,8000,2800.0
ORD-100285,2025-01-25,2025-01,West,Electronics,Smartphone,Corporate,3,28000,0.0,84000.0,63000,21000.0
ORD-100628,2025-01-26,2025-01,East,Electronics,Headphones,Small Business,4,3500,0.1,12600.0,8400,4200.0
ORD-100145,2025-01-26,2025-01,West,Accessories,Backpack,Small Business,2,1800,0.0,3600.0,1900,1700.0
ORD-102297,2025-01-26,2025-01,South,Stationery,Pen Set,Corporate,2,300,0.1,540.0,280,260.0
ORD-101030,2025-01-26,2025-01,East,Electronics,Smartwatch,Consumer,1,9000,0.05,8550.0,6000,2550.0
ORD-100291,2025-01-26,2025-01,North,Electronics,Laptop,Corporate,3,55000,0.0,165000.0,126000,39000.0
ORD-100856,2025-01-26,2025-01,North,Stationery,Pen Set,Small Business,2,300,0.05,570.0,280,290.0
ORD-102899,2025-01-26,2025-01,West,Electronics,Laptop,Consumer,2,55000,0.15,93500.0,84000,9500.0
ORD-101402,2025-01-26,2025-01,North,Accessories,Water Bottle,Consumer,1,600,0.05,570.0,280,290.0
ORD-104979,2025-01-27,2025-01,East,Accessories,Backpack,Consumer,1,1800,0.05,1710.0,950,760.0
ORD-103959,2025-01-27,2025-01,West,Furniture,Study Desk,Small Business,1,12000,0.0,12000.0,8000,4000.0
ORD-104747,2025-01-27,2025-01,South,Stationery,Notebook Pack,Corporate,3,450,0.0,1350.0,750,600.0
ORD-103423,2025-01-27,2025-01,North,Stationery,Pen Set,Corporate,3,300,0.05,855.0,420,435.0
ORD-103388,2025-01-27,2025-01,East,Stationery,Pen Set,Corporate,1,300,0.0,300.0,140,160.0
ORD-101416,2025-01-27,2025-01,South,Accessories,Water Bottle,Small Business,1,600,0.0,600.0,280,320.0
ORD-102857,2025-01-27,2025-01,South,Stationery,Pen Set,Corporate,1,300,0.1,270.0,140,130.0
ORD-101780,2025-01-27,2025-01,South,Furniture,Office Chair,Consumer,1,8500,0.05,8075.0,5500,2575.0
ORD-102417,2025-01-27,2025-01,North,Stationery,Pen Set,Consumer,2,300,0.05,570.0,280,290.0
ORD-103910,2025-01-27,2025-01,West,Accessories,Water Bottle,Consumer,5,600,0.0,3000.0,1400,1600.0
ORD-102467,2025-01-27,2025-01,West,Electronics,Headphones,Consumer,5,3500,0.1,15750.0,10500,5250.0
ORD-101013,2025-01-27,2025-01,East,Electronics,Smartwatch,Small Business,1,9000,0.05,8550.0,6000,2550.0
ORD-100610,2025-01-27,2025-01,North,Stationery,Notebook Pack,Corporate,1,450,0.0,450.0,250,200.0
ORD-100599,2025-01-28,2025-01,West,Stationery,Notebook Pack,Consumer,5,450,0.0,2250.0,1250,1000.0
ORD-104057,2025-01-28,2025-01,South,Accessories,Water Bottle,Consumer,1,600,0.0,600.0,280,320.0
ORD-100335,2025-01-28,2025-01,Central,Accessories,Backpack,Corporate,1,1800,0.0,1800.0,950,850.0
ORD-101349,2025-01-28,2025-01,West,Accessories,Water Bottle,Consumer,2,600,0.0,1200.0,560,640.0
ORD-103967,2025-01-28,2025-01,West,Accessories,Desk Lamp,Consumer,1,1400,0.2,1120.0,750,370.0
ORD-104838,2025-01-28,2025-01,West,Electronics,Headphones,Consumer,2,3500,0.15,5950.0,4200,1750.0
ORD-101273,2025-01-28,2025-01,East,Electronics,Smartphone,Corporate,2,28000,0.0,56000.0,42000,14000.0
ORD-104317,2025-01-28,2025-01,South,Electronics,Laptop,Small Business,1,55000,0.05,52250.0,42000,10250.0
ORD-100168,2025-01-28,2025-01,North,Stationery,Notebook Pack,Corporate,1,450,0.2,360.0,250,110.0
ORD-103637,2025-01-28,2025-01,South,Stationery,Notebook Pack,Consumer,2,450,0.0,900.0,500,400.0
ORD-103409,2025-01-28,2025-01,South,Accessories,Water Bottle,Corporate,2,600,0.1,1080.0,560,520.0
ORD-102203,2025-01-29,2025-01,North,Accessories,Backpack,Consumer,3,1800,0.05,5130.0,2850,2280.0
ORD-103874,2025-01-29,2025-01,Central,Furniture,Bookshelf,Small Business,2,6500,0.1,11700.0,8400,3300.0
ORD-101072,2025-01-29,2025-01,North,Furniture,Study Desk,Small Business,1,12000,0.0,12000.0,8000,4000.0
ORD-101826,2025-01-29,2025-01,North,Furniture,Office Chair,Corporate,2,8500,0.0,17000.0,11000,6000.0
ORD-101794,2025-01-29,2025-01,South,Stationery,Notebook Pack,Consumer,4,450,0.0,1800.0,1000,800.0
ORD-104216,2025-01-29,2025-01,East,Electronics,Smartphone,Small Business,2,28000,0.0,56000.0,42000,14000.0
ORD-101422,2025-01-29,2025-01,North,Accessories,Desk Lamp,Consumer,1,1400,0.0,1400.0,750,650.0
ORD-102365,2025-01-30,2025-01,South,Electronics,Headphones,Small Business,1,3500,0.1,3150.0,2100,1050.0
ORD-101866,2025-01-30,2025-01,South,Electronics,Smartphone,Corporate,2,28000,0.1,50400.0,42000,8400.0
ORD-101548,2025-01-30,2025-01,North,Stationery,Notebook Pack,Consumer,2,450,0.1,810.0,500,310.0
ORD-100472,2025-01-30,2025-01,North,Accessories,Backpack,Corporate,1,1800,0.15,1530.0,950,580.0
ORD-104843,2025-01-30,2025-01,West,Stationery,Pen Set,Small Business,2,300,0.0,600.0,280,320.0
ORD-102939,2025-01-30,2025-01,South,Electronics,Smartwatch,Small Business,1,9000,0.0,9000.0,6000,3000.0
ORD-102837,2025-01-31,2025-01,West,Furniture,Bookshelf,Consumer,1,6500,0.0,6500.0,4200,2300.0
ORD-102776,2025-01-31,2025-01,South,Electronics,Headphones,Corporate,1,3500,0.0,3500.0,2100,1400.0
ORD-100347,2025-01-31,2025-01,South,Accessories,Water Bottle,Corporate,1,600,0.0,600.0,280,320.0
ORD-100514,2025-01-31,2025-01,North,Stationery,Pen Set,Consumer,2,300,0.0,600.0,280,320.0
ORD-104389,2025-01-31,2025-01,East,Furniture,Office Chair,Consumer,4,8500,0.15,28900.0,22000,6900.0
ORD-104089,2025-01-31,2025-01,East,Stationery,Notebook Pack,Corporate,2,450,0.05,855.0,500,355.0
ORD-100058,2025-01-31,2025-01,East,Stationery,Notebook Pack,Consumer,4,450,0.05,1710.0,1000,710.0
ORD-101194,2025-02-01,2025-02,West,Electronics,Smartphone,Small Business,3,28000,0.0,84000.0,63000,21000.0
ORD-104393,2025-02-01,2025-02,West,Stationery,Pen Set,Corporate,1,300,0.1,270.0,140,130.0
ORD-100486,2025-02-01,2025-02,South,Electronics,Laptop,Small Business,1,55000,0.05,52250.0,42000,10250.0
ORD-100029,2025-02-01,2025-02,North,Stationery,Pen Set,Consumer,1,300,0.0,300.0,140,160.0
ORD-100334,2025-02-01,2025-02,Central,Electronics,Headphones,Consumer,3,3500,0.05,9975.0,6300,3675.0
ORD-102283,2025-02-01,2025-02,East,Furniture,Bookshelf,Corporate,1,6500,0.05,6175.0,4200,1975.0
ORD-102606,2025-02-02,2025-02,North,Stationery,Pen Set,Consumer,3,300,0.05,855.0,420,435.0
ORD-100957,2025-02-02,2025-02,South,Stationery,Pen Set,Consumer,4,300,0.05,1140.0,560,580.0
ORD-104676,2025-02-02,2025-02,Central,Electronics,Headphones,Corporate,1,3500,0.0,3500.0,2100,1400.0
ORD-102644,2025-02-03,2025-02,North,Furniture,Office Chair,Small Business,2,8500,0.0,17000.0,11000,6000.0
ORD-104341,2025-02-03,2025-02,East,Electronics,Headphones,Corporate,1,3500,0.15,2975.0,2100,875.0
ORD-102231,2025-02-03,2025-02,South,Accessories,Desk Lamp,Corporate,1,1400,0.0,1400.0,750,650.0
ORD-101465,2025-02-03,2025-02,North,Electronics,Laptop,Consumer,4,55000,0.0,220000.0,168000,52000.0
ORD-104563,2025-02-03,2025-02,East,Accessories,Water Bottle,Consumer,2,600,0.2,960.0,560,400.0
ORD-104387,2025-02-03,2025-02,South,Stationery,Pen Set,Consumer,4,300,0.1,1080.0,560,520.0
ORD-104924,2025-02-04,2025-02,East,Stationery,Notebook Pack,Consumer,1,450,0.1,405.0,250,155.0
ORD-103808,2025-02-04,2025-02,North,Electronics,Smartwatch,Consumer,1,9000,0.2,7200.0,6000,1200.0
ORD-103671,2025-02-04,2025-02,North,Electronics,Laptop,Small Business,3,55000,0.0,165000.0,126000,39000.0
ORD-103958,2025-02-04,2025-02,East,Stationery,Pen Set,Consumer,2,300,0.0,600.0,280,320.0
ORD-103662,2025-02-04,2025-02,North,Stationery,Pen Set,Consumer,3,300,0.1,810.0,420,390.0
ORD-102780,2025-02-04,2025-02,South,Stationery,Pen Set,Consumer,1,300,0.05,285.0,140,145.0
ORD-102562,2025-02-04,2025-02,North,Stationery,Pen Set,Corporate,4,300,0.05,1140.0,560,580.0
ORD-103978,2025-02-04,2025-02,East,Electronics,Laptop,Consumer,2,55000,0.05,104500.0,84000,20500.0
ORD-104107,2025-02-04,2025-02,West,Electronics,Smartwatch,Consumer,2,9000,0.1,16200.0,12000,4200.0
ORD-100300,2025-02-05,2025-02,West,Accessories,Water Bottle,Small Business,3,600,0.05,1710.0,840,870.0
ORD-104372,2025-02-05,2025-02,North,Accessories,Backpack,Consumer,1,1800,0.05,1710.0,950,760.0
ORD-100977,2025-02-05,2025-02,North,Accessories,Backpack,Corporate,4,1800,0.15,6120.0,3800,2320.0
ORD-102653,2025-02-05,2025-02,West,Stationery,Notebook Pack,Corporate,3,450,0.1,1215.0,750,465.0
ORD-104951,2025-02-05,2025-02,West,Electronics,Headphones,Small Business,4,3500,0.0,14000.0,8400,5600.0
ORD-103487,2025-02-05,2025-02,East,Stationery,Pen Set,Consumer,1,300,0.05,285.0,140,145.0
ORD-102023,2025-02-05,2025-02,West,Accessories,Desk Lamp,Consumer,3,1400,0.0,4200.0,2250,1950.0
ORD-101302,2025-02-05,2025-02,South,Stationery,Notebook Pack,Consumer,3,450,0.0,1350.0,750,600.0
ORD-100148,2025-02-05,2025-02,East,Accessories,Water Bottle,Small Business,1,600,0.0,600.0,280,320.0
ORD-102329,2025-02-05,2025-02,East,Electronics,Headphones,Consumer,4,3500,0.2,11200.0,8400,2800.0
ORD-103009,2025-02-05,2025-02,North,Electronics,Headphones,Consumer,4,3500,0.0,14000.0,8400,5600.0
ORD-103993,2025-02-05,2025-02,South,Furniture,Study Desk,Consumer,5,12000,0.0,60000.0,40000,20000.0
ORD-100701,2025-02-05,2025-02,South,Stationery,Notebook Pack,Consumer,1,450,0.0,450.0,250,200.0
ORD-102064,2025-02-05,2025-02,North,Accessories,Desk Lamp,Corporate,2,1400,0.0,2800.0,1500,1300.0
ORD-102986,2025-02-05,2025-02,West,Accessories,Desk Lamp,Consumer,1,1400,0.05,1330.0,750,580.0
ORD-103449,2025-02-06,2025-02,West,Electronics,Headphones,Consumer,1,3500,0.1,3150.0,2100,1050.0
ORD-104650,2025-02-06,2025-02,South,Electronics,Headphones,Consumer,1,3500,0.0,3500.0,2100,1400.0
ORD-103809,2025-02-06,2025-02,North,Electronics,Smartphone,Corporate,1,28000,0.2,22400.0,21000,1400.0
ORD-104745,2025-02-07,2025-02,West,Stationery,Notebook Pack,Corporate,2,450,0.15,765.0,500,265.0
ORD-100818,2025-02-07,2025-02,Central,Electronics,Headphones,Consumer,1,3500,0.1,3150.0,2100,1050.0
ORD-102905,2025-02-07,2025-02,Central,Stationery,Pen Set,Small Business,3,300,0.0,900.0,420,480.0
ORD-102601,2025-02-07,2025-02,North,Stationery,Notebook Pack,Corporate,5,450,0.0,2250.0,1250,1000.0
ORD-104721,2025-02-07,2025-02,South,Electronics,Smartphone,Consumer,1,28000,0.0,28000.0,21000,7000.0
ORD-104335,2025-02-07,2025-02,North,Accessories,Desk Lamp,Small Business,2,1400,0.0,2800.0,1500,1300.0
ORD-100458,2025-02-08,2025-02,Central,Electronics,Laptop,Corporate,1,55000,0.0,55000.0,42000,13000.0
ORD-103164,2025-02-08,2025-02,South,Furniture,Office Chair,Corporate,3,8500,0.1,22950.0,16500,6450.0
ORD-100528,2025-02-08,2025-02,South,Accessories,Water Bottle,Consumer,4,600,0.0,2400.0,1120,1280.0
ORD-103743,2025-02-08,2025-02,North,Stationery,Pen Set,Small Business,1,300,0.15,255.0,140,115.0
ORD-104891,2025-02-08,2025-02,North,Stationery,Notebook Pack,Consumer,2,450,0.05,855.0,500,355.0
ORD-100424,2025-02-09,2025-02,South,Accessories,Backpack,Small Business,4,1800,0.15,6120.0,3800,2320.0
ORD-102448,2025-02-09,2025-02,West,Stationery,Pen Set,Consumer,5,300,0.0,1500.0,700,800.0
ORD-101413,2025-02-09,2025-02,South,Electronics,Smartphone,Corporate,2,28000,0.0,56000.0,42000,14000.0
ORD-103024,2025-02-09,2025-02,South,Stationery,Notebook Pack,Corporate,1,450,0.15,382.5,250,132.5
ORD-102732,2025-02-09,2025-02,North,Stationery,Pen Set,Consumer,1,300,0.1,270.0,140,130.0
ORD-101716,2025-02-09,2025-02,North,Electronics,Smartphone,Consumer,1,28000,0.0,28000.0,21000,7000.0
ORD-101100,2025-02-09,2025-02,South,Electronics,Smartwatch,Corporate,2,9000,0.0,18000.0,12000,6000.0
ORD-104009,2025-02-09,2025-02,East,Accessories,Desk Lamp,Consumer,1,1400,0.0,1400.0,750,650.0
ORD-103233,2025-02-09,2025-02,East,Electronics,Laptop,Consumer,1,55000,0.0,55000.0,42000,13000.0
ORD-103562,2025-02-09,2025-02,West,Stationery,Pen Set,Consumer,1,300,0.0,300.0,140,160.0
ORD-104209,2025-02-09,2025-02,East,Electronics,Laptop,Small Business,2,55000,0.0,110000.0,84000,26000.0
ORD-101998,2025-02-09,2025-02,South,Accessories,Desk Lamp,Corporate,3,1400,0.0,4200.0,2250,1950.0
ORD-104236,2025-02-09,2025-02,North,Accessories,Desk Lamp,Consumer,3,1400,0.05,3990.0,2250,1740.0
ORD-104283,2025-02-10,2025-02,North,Stationery,Pen Set,Corporate,1,300,0.0,300.0,140,160.0
ORD-102677,2025-02-10,2025-02,Central,Accessories,Backpack,Consumer,1,1800,0.0,1800.0,950,850.0
ORD-100006,2025-02-10,2025-02,West,Electronics,Laptop,Consumer,5,55000,0.0,275000.0,210000,65000.0
ORD-101714,2025-02-10,2025-02,West,Electronics,Headphones,Small Business,3,3500,0.0,10500.0,6300,4200.0
ORD-101940,2025-02-10,2025-02,West,Electronics,Smartphone,Corporate,1,28000,0.0,28000.0,21000,7000.0
ORD-102331,2025-02-11,2025-02,West,Accessories,Desk Lamp,Corporate,1,1400,0.05,1330.0,750,580.0
ORD-101319,2025-02-11,2025-02,North,Accessories,Desk Lamp,Corporate,1,1400,0.1,1260.0,750,510.0
ORD-104455,2025-02-11,2025-02,South,Furniture,Study Desk,Consumer,1,12000,0.05,11400.0,8000,3400.0
ORD-104360,2025-02-11,2025-02,East,Accessories,Desk Lamp,Consumer,3,1400,0.0,4200.0,2250,1950.0
ORD-101621,2025-02-11,2025-02,South,Electronics,Smartwatch,Corporate,1,9000,0.0,9000.0,6000,3000.0
ORD-104085,2025-02-11,2025-02,North,Stationery,Notebook Pack,Corporate,1,450,0.0,450.0,250,200.0
ORD-104792,2025-02-11,2025-02,North,Stationery,Pen Set,Consumer,2,300,0.1,540.0,280,260.0
ORD-101520,2025-02-11,2025-02,South,Stationery,Pen Set,Consumer,1,300,0.0,300.0,140,160.0
ORD-104380,2025-02-12,2025-02,North,Accessories,Desk Lamp,Corporate,1,1400,0.1,1260.0,750,510.0
ORD-103726,2025-02-12,2025-02,South,Accessories,Desk Lamp,Consumer,1,1400,0.1,1260.0,750,510.0
ORD-104267,2025-02-12,2025-02,South,Electronics,Smartphone,Corporate,2,28000,0.0,56000.0,42000,14000.0
ORD-102759,2025-02-12,2025-02,North,Furniture,Office Chair,Consumer,2,8500,0.05,16150.0,11000,5150.0
ORD-101711,2025-02-12,2025-02,South,Electronics,Smartphone,Consumer,1,28000,0.15,23800.0,21000,2800.0
ORD-104251,2025-02-12,2025-02,East,Accessories,Water Bottle,Consumer,5,600,0.15,2550.0,1400,1150.0
ORD-100616,2025-02-12,2025-02,West,Accessories,Desk Lamp,Consumer,1,1400,0.0,1400.0,750,650.0
ORD-100083,2025-02-13,2025-02,South,Stationery,Notebook Pack,Consumer,3,450,0.1,1215.0,750,465.0
ORD-101725,2025-02-13,2025-02,North,Furniture,Bookshelf,Corporate,2,6500,0.05,12350.0,8400,3950.0
ORD-102011,2025-02-13,2025-02,West,Furniture,Office Chair,Corporate,2,8500,0.0,17000.0,11000,6000.0
ORD-103509,2025-02-13,2025-02,South,Stationery,Pen Set,Consumer,1,300,0.1,270.0,140,130.0
ORD-100704,2025-02-13,2025-02,Central,Electronics,Smartphone,Consumer,3,28000,0.0,84000.0,63000,21000.0
ORD-103539,2025-02-13,2025-02,West,Furniture,Office Chair,Corporate,2,8500,0.05,16150.0,11000,5150.0
ORD-103122,2025-02-13,2025-02,North,Electronics,Smartphone,Corporate,1,28000,0.1,25200.0,21000,4200.0
ORD-102060,2025-02-13,2025-02,Central,Accessories,Desk Lamp,Consumer,1,1400,0.05,1330.0,750,580.0
ORD-102510,2025-02-13,2025-02,West,Furniture,Office Chair,Consumer,1,8500,0.0,8500.0,5500,3000.0
ORD-104611,2025-02-13,2025-02,South,Accessories,Water Bottle,Consumer,1,600,0.05,570.0,280,290.0
ORD-102609,2025-02-13,2025-02,North,Accessories,Water Bottle,Consumer,1,600,0.05,570.0,280,290.0
ORD-101258,2025-02-14,2025-02,West,Accessories,Water Bottle,Consumer,2,600,0.05,1140.0,560,580.0
ORD-103157,2025-02-14,2025-02,South,Electronics,Smartphone,Consumer,1,28000,0.1,25200.0,21000,4200.0
ORD-101929,2025-02-14,2025-02,East,Electronics,Smartwatch,Corporate,1,9000,0.1,8100.0,6000,2100.0
ORD-102246,2025-02-14,2025-02,West,Electronics,Laptop,Consumer,2,55000,0.2,88000.0,84000,4000.0
ORD-102081,2025-02-15,2025-02,West,Stationery,Pen Set,Corporate,2,300,0.15,510.0,280,230.0
ORD-101038,2025-02-15,2025-02,North,Accessories,Water Bottle,Corporate,3,600,0.0,1800.0,840,960.0
ORD-102549,2025-02-15,2025-02,West,Accessories,Water Bottle,Consumer,1,600,0.1,540.0,280,260.0
ORD-102726,2025-02-15,2025-02,North,Accessories,Water Bottle,Consumer,1,600,0.0,600.0,280,320.0
ORD-102008,2025-02-15,2025-02,South,Stationery,Notebook Pack,Small Business,2,450,0.15,765.0,500,265.0
ORD-100032,2025-02-15,2025-02,East,Accessories,Water Bottle,Consumer,2,600,0.05,1140.0,560,580.0
ORD-103688,2025-02-15,2025-02,South,Electronics,Smartwatch,Consumer,1,9000,0.0,9000.0,6000,3000.0
ORD-100859,2025-02-15,2025-02,East,Stationery,Pen Set,Consumer,2,300,0.15,510.0,280,230.0
ORD-101187,2025-02-16,2025-02,South,Stationery,Pen Set,Small Business,1,300,0.0,300.0,140,160.0
ORD-100722,2025-02-16,2025-02,West,Stationery,Notebook Pack,Corporate,5,450,0.0,2250.0,1250,1000.0
ORD-103321,2025-02-16,2025-02,West,Furniture,Office Chair,Corporate,1,8500,0.2,6800.0,5500,1300.0
ORD-101190,2025-02-16,2025-02,West,Stationery,Pen Set,Corporate,1,300,0.05,285.0,140,145.0
ORD-101606,2025-02-16,2025-02,North,Furniture,Study Desk,Corporate,1,12000,0.05,11400.0,8000,3400.0
ORD-104731,2025-02-16,2025-02,West,Electronics,Smartphone,Consumer,1,28000,0.0,28000.0,21000,7000.0
ORD-101788,2025-02-16,2025-02,West,Stationery,Notebook Pack,Small Business,2,450,0.0,900.0,500,400.0
ORD-103511,2025-02-16,2025-02,West,Accessories,Desk Lamp,Consumer,1,1400,0.0,1400.0,750,650.0
ORD-103791,2025-02-16,2025-02,North,Electronics,Smartwatch,Corporate,1,9000,0.1,8100.0,6000,2100.0
ORD-102357,2025-02-16,2025-02,Central,Accessories,Backpack,Consumer,1,1800,0.0,1800.0,950,850.0
ORD-102046,2025-02-16,2025-02,West,Furniture,Bookshelf,Corporate,1,6500,0.0,6500.0,4200,2300.0
ORD-103295,2025-02-16,2025-02,West,Electronics,Headphones,Corporate,1,3500,0.0,3500.0,2100,1400.0
ORD-103038,2025-02-16,2025-02,South,Stationery,Pen Set,Corporate,1,300,0.05,285.0,140,145.0
ORD-100850,2025-02-16,2025-02,North,Stationery,Notebook Pack,Consumer,1,450,0.0,450.0,250,200.0
ORD-103290,2025-02-16,2025-02,Central,Stationery,Notebook Pack,Small Business,3,450,0.05,1282.5,750,532.5
ORD-103400,2025-02-16,2025-02,East,Accessories,Desk Lamp,Corporate,1,1400,0.0,1400.0,750,650.0
ORD-103139,2025-02-17,2025-02,South,Electronics,Smartphone,Small Business,4,28000,0.0,112000.0,84000,28000.0
ORD-104862,2025-02-17,2025-02,Central,Electronics,Smartphone,Consumer,2,28000,0.0,56000.0,42000,14000.0
ORD-103307,2025-02-17,2025-02,South,Accessories,Water Bottle,Corporate,1,600,0.0,600.0,280,320.0
ORD-101997,2025-02-17,2025-02,Central,Furniture,Office Chair,Corporate,2,8500,0.15,14450.0,11000,3450.0
ORD-101695,2025-02-17,2025-02,West,Furniture,Office Chair,Corporate,5,8500,0.0,42500.0,27500,15000.0
ORD-104994,2025-02-17,2025-02,North,Accessories,Backpack,Small Business,1,1800,0.0,1800.0,950,850.0
ORD-102884,2025-02-17,2025-02,North,Electronics,Smartphone,Consumer,5,28000,0.0,140000.0,105000,35000.0
ORD-104780,2025-02-17,2025-02,South,Accessories,Water Bottle,Consumer,2,600,0.05,1140.0,560,580.0
ORD-103849,2025-02-17,2025-02,North,Electronics,Headphones,Corporate,1,3500,0.1,3150.0,2100,1050.0
ORD-103265,2025-02-17,2025-02,North,Accessories,Desk Lamp,Corporate,1,1400,0.0,1400.0,750,650.0
ORD-103018,2025-02-17,2025-02,South,Furniture,Bookshelf,Consumer,1,6500,0.15,5525.0,4200,1325.0
ORD-104801,2025-02-18,2025-02,North,Accessories,Water Bottle,Consumer,4,600,0.05,2280.0,1120,1160.0
ORD-103869,2025-02-18,2025-02,South,Stationery,Notebook Pack,Consumer,1,450,0.2,360.0,250,110.0
ORD-101604,2025-02-18,2025-02,East,Furniture,Study Desk,Consumer,1,12000,0.1,10800.0,8000,2800.0
ORD-102171,2025-02-18,2025-02,West,Accessories,Water Bottle,Consumer,1,600,0.05,570.0,280,290.0
ORD-103174,2025-02-18,2025-02,East,Electronics,Headphones,Small Business,3,3500,0.0,10500.0,6300,4200.0
ORD-100354,2025-02-18,2025-02,East,Stationery,Notebook Pack,Consumer,4,450,0.05,1710.0,1000,710.0
ORD-104112,2025-02-18,2025-02,East,Electronics,Headphones,Consumer,1,3500,0.0,3500.0,2100,1400.0
ORD-100369,2025-02-18,2025-02,North,Stationery,Pen Set,Consumer,1,300,0.15,255.0,140,115.0
ORD-102279,2025-02-19,2025-02,East,Furniture,Bookshelf,Consumer,1,6500,0.0,6500.0,4200,2300.0
ORD-102883,2025-02-19,2025-02,West,Stationery,Notebook Pack,Corporate,3,450,0.1,1215.0,750,465.0
ORD-100374,2025-02-19,2025-02,South,Accessories,Desk Lamp,Consumer,1,1400,0.0,1400.0,750,650.0
ORD-103518,2025-02-19,2025-02,South,Electronics,Smartwatch,Consumer,2,9000,0.0,18000.0,12000,6000.0
ORD-102586,2025-02-19,2025-02,South,Electronics,Headphones,Corporate,1,3500,0.1,3150.0,2100,1050.0
ORD-101798,2025-02-19,2025-02,North,Electronics,Smartphone,Consumer,2,28000,0.2,44800.0,42000,2800.0
ORD-102401,2025-02-19,2025-02,West,Stationery,Notebook Pack,Corporate,1,450,0.05,427.5,250,177.5
ORD-104381,2025-02-19,2025-02,South,Stationery,Pen Set,Consumer,3,300,0.1,810.0,420,390.0
ORD-102341,2025-02-19,2025-02,South,Furniture,Office Chair,Corporate,1,8500,0.0,8500.0,5500,3000.0
ORD-100436,2025-02-20,2025-02,North,Electronics,Smartwatch,Corporate,1,9000,0.0,9000.0,6000,3000.0
ORD-102796,2025-02-20,2025-02,Central,Accessories,Water Bottle,Consumer,1,600,0.15,510.0,280,230.0
ORD-104701,2025-02-20,2025-02,North,Electronics,Laptop,Consumer,5,55000,0.05,261250.0,210000,51250.0
ORD-101493,2025-02-20,2025-02,North,Accessories,Backpack,Consumer,5,1800,0.05,8550.0,4750,3800.0
ORD-101338,2025-02-20,2025-02,South,Accessories,Water Bottle,Consumer,1,600,0.05,570.0,280,290.0
ORD-102554,2025-02-20,2025-02,East,Stationery,Pen Set,Small Business,3,300,0.1,810.0,420,390.0
ORD-104434,2025-02-20,2025-02,South,Accessories,Water Bottle,Consumer,1,600,0.0,600.0,280,320.0
ORD-102563,2025-02-20,2025-02,West,Accessories,Water Bottle,Consumer,2,600,0.1,1080.0,560,520.0
ORD-101797,2025-02-20,2025-02,South,Stationery,Notebook Pack,Consumer,4,450,0.0,1800.0,1000,800.0
ORD-101265,2025-02-20,2025-02,East,Accessories,Water Bottle,Corporate,2,600,0.0,1200.0,560,640.0
ORD-101391,2025-02-21,2025-02,South,Electronics,Headphones,Consumer,1,3500,0.1,3150.0,2100,1050.0
ORD-100068,2025-02-21,2025-02,Central,Stationery,Notebook Pack,Consumer,1,450,0.15,382.5,250,132.5
ORD-103297,2025-02-21,2025-02,East,Accessories,Backpack,Small Business,1,1800,0.0,1800.0,950,850.0
ORD-100476,2025-02-21,2025-02,South,Electronics,Smartwatch,Corporate,2,9000,0.0,18000.0,12000,6000.0
ORD-100077,2025-02-21,2025-02,South,Stationery,Notebook Pack,Consumer,1,450,0.0,450.0,250,200.0
ORD-100983,2025-02-22,2025-02,North,Furniture,Study Desk,Corporate,3,12000,0.2,28800.0,24000,4800.0
ORD-102739,2025-02-22,2025-02,North,Accessories,Backpack,Consumer,3,1800,0.0,5400.0,2850,2550.0
ORD-102770,2025-02-22,2025-02,East,Accessories,Backpack,Corporate,1,1800,0.05,1710.0,950,760.0
ORD-101135,2025-02-22,2025-02,North,Electronics,Headphones,Consumer,1,3500,0.05,3325.0,2100,1225.0
ORD-100586,2025-02-22,2025-02,South,Electronics,Smartphone,Consumer,1,28000,0.0,28000.0,21000,7000.0
ORD-103285,2025-02-22,2025-02,West,Accessories,Desk Lamp,Corporate,2,1400,0.2,2240.0,1500,740.0
ORD-103058,2025-02-22,2025-02,South,Accessories,Water Bottle,Consumer,1,600,0.0,600.0,280,320.0
ORD-104410,2025-02-23,2025-02,North,Stationery,Notebook Pack,Corporate,3,450,0.0,1350.0,750,600.0
ORD-102558,2025-02-23,2025-02,East,Accessories,Water Bottle,Corporate,1,600,0.0,600.0,280,320.0
ORD-103057,2025-02-23,2025-02,South,Electronics,Laptop,Consumer,2,55000,0.1,99000.0,84000,15000.0
ORD-103355,2025-02-23,2025-02,South,Accessories,Backpack,Corporate,4,1800,0.0,7200.0,3800,3400.0
ORD-102546,2025-02-23,2025-02,West,Stationery,Pen Set,Corporate,4,300,0.0,1200.0,560,640.0
ORD-104397,2025-02-23,2025-02,South,Electronics,Laptop,Corporate,1,55000,0.0,55000.0,42000,13000.0
ORD-101034,2025-02-23,2025-02,East,Accessories,Backpack,Corporate,1,1800,0.05,1710.0,950,760.0
ORD-100109,2025-02-23,2025-02,Central,Electronics,Headphones,Consumer,1,3500,0.0,3500.0,2100,1400.0
ORD-103855,2025-02-23,2025-02,North,Accessories,Water Bottle,Corporate,4,600,0.1,2160.0,1120,1040.0
ORD-101939,2025-02-23,2025-02,South,Stationery,Notebook Pack,Consumer,3,450,0.15,1147.5,750,397.5
ORD-102238,2025-02-24,2025-02,West,Furniture,Office Chair,Corporate,3,8500,0.05,24225.0,16500,7725.0
ORD-103717,2025-02-24,2025-02,West,Accessories,Backpack,Consumer,1,1800,0.2,1440.0,950,490.0
ORD-100311,2025-02-24,2025-02,East,Electronics,Smartwatch,Corporate,1,9000,0.0,9000.0,6000,3000.0
ORD-104806,2025-02-24,2025-02,West,Electronics,Smartwatch,Corporate,2,9000,0.1,16200.0,12000,4200.0
ORD-101289,2025-02-24,2025-02,South,Stationery,Pen Set,Consumer,1,300,0.1,270.0,140,130.0
ORD-100497,2025-02-24,2025-02,West,Stationery,Pen Set,Consumer,1,300,0.0,300.0,140,160.0
ORD-102342,2025-02-25,2025-02,West,Furniture,Office Chair,Corporate,1,8500,0.05,8075.0,5500,2575.0
ORD-104366,2025-02-25,2025-02,East,Accessories,Desk Lamp,Small Business,1,1400,0.0,1400.0,750,650.0
ORD-104291,2025-02-25,2025-02,East,Electronics,Laptop,Small Business,1,55000,0.05,52250.0,42000,10250.0
ORD-104305,2025-02-25,2025-02,North,Stationery,Pen Set,Corporate,1,300,0.05,285.0,140,145.0
ORD-101310,2025-02-25,2025-02,South,Electronics,Smartphone,Corporate,2,28000,0.0,56000.0,42000,14000.0
ORD-102136,2025-02-25,2025-02,West,Accessories,Backpack,Corporate,1,1800,0.1,1620.0,950,670.0
ORD-100672,2025-02-25,2025-02,East,Electronics,Headphones,Consumer,2,3500,0.1,6300.0,4200,2100.0
ORD-101597,2025-02-25,2025-02,South,Electronics,Smartphone,Corporate,5,28000,0.0,140000.0,105000,35000.0
ORD-101132,2025-02-26,2025-02,East,Furniture,Office Chair,Small Business,1,8500,0.1,7650.0,5500,2150.0
ORD-101318,2025-02-26,2025-02,East,Furniture,Study Desk,Consumer,3,12000,0.1,32400.0,24000,8400.0
ORD-101676,2025-02-26,2025-02,East,Furniture,Office Chair,Corporate,1,8500,0.1,7650.0,5500,2150.0
ORD-104895,2025-02-26,2025-02,North,Electronics,Smartphone,Corporate,1,28000,0.1,25200.0,21000,4200.0
ORD-104538,2025-02-26,2025-02,North,Accessories,Water Bottle,Consumer,1,600,0.1,540.0,280,260.0
ORD-104097,2025-02-26,2025-02,North,Accessories,Desk Lamp,Corporate,4,1400,0.05,5320.0,3000,2320.0
ORD-102049,2025-02-26,2025-02,South,Electronics,Headphones,Consumer,1,3500,0.15,2975.0,2100,875.0
ORD-103127,2025-02-26,2025-02,Central,Stationery,Pen Set,Small Business,1,300,0.1,270.0,140,130.0
ORD-101985,2025-02-26,2025-02,South,Stationery,Pen Set,Consumer,4,300,0.1,1080.0,560,520.0
ORD-100613,2025-02-26,2025-02,South,Furniture,Study Desk,Consumer,2,12000,0.0,24000.0,16000,8000.0
ORD-104032,2025-02-26,2025-02,South,Accessories,Water Bottle,Small Business,1,600,0.05,570.0,280,290.0
ORD-104300,2025-02-26,2025-02,South,Electronics,Headphones,Corporate,5,3500,0.0,17500.0,10500,7000.0
ORD-100439,2025-02-26,2025-02,West,Furniture,Office Chair,Consumer,1,8500,0.05,8075.0,5500,2575.0
ORD-101814,2025-02-27,2025-02,South,Electronics,Smartwatch,Corporate,2,9000,0.1,16200.0,12000,4200.0
ORD-100960,2025-02-27,2025-02,South,Furniture,Office Chair,Corporate,3,8500,0.1,22950.0,16500,6450.0
ORD-103558,2025-02-27,2025-02,West,Electronics,Smartphone,Corporate,1,28000,0.05,26600.0,21000,5600.0
ORD-101216,2025-02-27,2025-02,North,Stationery,Notebook Pack,Consumer,2,450,0.0,900.0,500,400.0
ORD-103546,2025-02-27,2025-02,West,Stationery,Pen Set,Consumer,2,300,0.15,510.0,280,230.0
ORD-103825,2025-02-28,2025-02,South,Electronics,Smartwatch,Corporate,3,9000,0.1,24300.0,18000,6300.0
ORD-102118,2025-02-28,2025-02,West,Accessories,Backpack,Consumer,5,1800,0.15,7650.0,4750,2900.0
ORD-103222,2025-02-28,2025-02,North,Accessories,Backpack,Corporate,1,1800,0.0,1800.0,950,850.0
ORD-100201,2025-02-28,2025-02,Central,Electronics,Headphones,Consumer,1,3500,0.05,3325.0,2100,1225.0
ORD-103990,2025-02-28,2025-02,South,Electronics,Smartphone,Consumer,1,28000,0.05,26600.0,21000,5600.0
ORD-103942,2025-02-28,2025-02,West,Electronics,Smartphone,Consumer,1,28000,0.1,25200.0,21000,4200.0
ORD-103490,2025-02-28,2025-02,West,Accessories,Water Bottle,Small Business,3,600,0.15,1530.0,840,690.0
ORD-100434,2025-02-28,2025-02,East,Accessories,Water Bottle,Consumer,2,600,0.1,1080.0,560,520.0
ORD-100449,2025-02-28,2025-02,North,Accessories,Desk Lamp,Consumer,4,1400,0.2,4480.0,3000,1480.0
ORD-104328,2025-03-01,2025-03,South,Furniture,Office Chair,Consumer,2,8500,0.15,14450.0,11000,3450.0
ORD-100846,2025-03-01,2025-03,North,Stationery,Pen Set,Corporate,3,300,0.05,855.0,420,435.0
ORD-100899,2025-03-01,2025-03,East,Furniture,Office Chair,Consumer,2,8500,0.0,17000.0,11000,6000.0
ORD-100440,2025-03-01,2025-03,South,Stationery,Pen Set,Small Business,1,300,0.05,285.0,140,145.0
ORD-103516,2025-03-01,2025-03,Central,Stationery,Notebook Pack,Corporate,2,450,0.0,900.0,500,400.0
ORD-104208,2025-03-01,2025-03,West,Accessories,Water Bottle,Consumer,1,600,0.0,600.0,280,320.0
ORD-104161,2025-03-01,2025-03,East,Electronics,Smartphone,Consumer,5,28000,0.15,119000.0,105000,14000.0
ORD-101598,2025-03-01,2025-03,Central,Electronics,Headphones,Corporate,5,3500,0.15,14875.0,10500,4375.0
ORD-101795,2025-03-01,2025-03,South,Accessories,Water Bottle,Consumer,2,600,0.0,1200.0,560,640.0
ORD-100299,2025-03-01,2025-03,North,Accessories,Water Bottle,Consumer,1,600,0.1,540.0,280,260.0
ORD-100650,2025-03-02,2025-03,West,Accessories,Desk Lamp,Consumer,2,1400,0.05,2660.0,1500,1160.0
ORD-103615,2025-03-02,2025-03,Central,Accessories,Backpack,Corporate,4,1800,0.0,7200.0,3800,3400.0
ORD-102306,2025-03-02,2025-03,West,Stationery,Notebook Pack,Consumer,3,450,0.15,1147.5,750,397.5
ORD-101286,2025-03-02,2025-03,West,Accessories,Desk Lamp,Small Business,2,1400,0.0,2800.0,1500,1300.0
ORD-104835,2025-03-02,2025-03,North,Stationery,Notebook Pack,Consumer,1,450,0.0,450.0,250,200.0
ORD-101654,2025-03-02,2025-03,South,Accessories,Water Bottle,Small Business,3,600,0.1,1620.0,840,780.0
ORD-101126,2025-03-02,2025-03,East,Accessories,Water Bottle,Small Business,1,600,0.0,600.0,280,320.0
ORD-104539,2025-03-02,2025-03,East,Furniture,Office Chair,Consumer,3,8500,0.05,24225.0,16500,7725.0
ORD-102626,2025-03-03,2025-03,West,Furniture,Study Desk,Corporate,2,12000,0.0,24000.0,16000,8000.0
ORD-101644,2025-03-03,2025-03,South,Electronics,Smartwatch,Consumer,1,9000,0.0,9000.0,6000,3000.0
ORD-103378,2025-03-03,2025-03,East,Stationery,Pen Set,Corporate,2,300,0.05,570.0,280,290.0
ORD-100603,2025-03-03,2025-03,West,Accessories,Water Bottle,Corporate,2,600,0.0,1200.0,560,640.0
ORD-101081,2025-03-03,2025-03,Central,Furniture,Office Chair,Consumer,3,8500,0.0,25500.0,16500,9000.0
ORD-104898,2025-03-03,2025-03,West,Electronics,Laptop,Small Business,1,55000,0.05,52250.0,42000,10250.0
ORD-101950,2025-03-03,2025-03,West,Accessories,Desk Lamp,Small Business,2,1400,0.0,2800.0,1500,1300.0
ORD-100056,2025-03-03,2025-03,South,Stationery,Notebook Pack,Consumer,1,450,0.15,382.5,250,132.5
ORD-102544,2025-03-03,2025-03,North,Electronics,Smartwatch,Consumer,3,9000,0.0,27000.0,18000,9000.0
ORD-103113,2025-03-04,2025-03,West,Stationery,Notebook Pack,Consumer,3,450,0.15,1147.5,750,397.5
ORD-101116,2025-03-04,2025-03,West,Accessories,Water Bottle,Small Business,1,600,0.0,600.0,280,320.0
ORD-100422,2025-03-04,2025-03,Central,Stationery,Pen Set,Consumer,2,300,0.15,510.0,280,230.0
ORD-104113,2025-03-04,2025-03,South,Stationery,Notebook Pack,Consumer,5,450,0.0,2250.0,1250,1000.0
ORD-100409,2025-03-04,2025-03,East,Electronics,Headphones,Consumer,1,3500,0.1,3150.0,2100,1050.0
ORD-100164,2025-03-04,2025-03,North,Accessories,Water Bottle,Consumer,1,600,0.1,540.0,280,260.0
ORD-104512,2025-03-04,2025-03,North,Electronics,Smartphone,Small Business,1,28000,0.15,23800.0,21000,2800.0
ORD-103100,2025-03-05,2025-03,West,Electronics,Headphones,Consumer,2,3500,0.0,7000.0,4200,2800.0
ORD-100995,2025-03-05,2025-03,West,Furniture,Study Desk,Consumer,1,12000,0.0,12000.0,8000,4000.0
ORD-101925,2025-03-05,2025-03,North,Accessories,Water Bottle,Small Business,1,600,0.0,600.0,280,320.0
ORD-100190,2025-03-05,2025-03,South,Stationery,Pen Set,Small Business,1,300,0.15,255.0,140,115.0
ORD-103727,2025-03-05,2025-03,North,Accessories,Water Bottle,Consumer,1,600,0.0,600.0,280,320.0
ORD-103061,2025-03-05,2025-03,South,Electronics,Smartwatch,Small Business,2,9000,0.0,18000.0,12000,6000.0
ORD-100222,2025-03-06,2025-03,North,Accessories,Desk Lamp,Small Business,2,1400,0.0,2800.0,1500,1300.0
ORD-100372,2025-03-06,2025-03,South,Stationery,Notebook Pack,Corporate,3,450,0.0,1350.0,750,600.0
ORD-101441,2025-03-06,2025-03,North,Stationery,Notebook Pack,Consumer,1,450,0.0,450.0,250,200.0
ORD-100283,2025-03-06,2025-03,West,Accessories,Water Bottle,Consumer,1,600,0.0,600.0,280,320.0
ORD-104142,2025-03-06,2025-03,Central,Stationery,Notebook Pack,Corporate,1,450,0.1,405.0,250,155.0
ORD-103634,2025-03-06,2025-03,South,Stationery,Pen Set,Consumer,5,300,0.0,1500.0,700,800.0
ORD-102827,2025-03-07,2025-03,South,Electronics,Laptop,Consumer,3,55000,0.0,165000.0,126000,39000.0
ORD-103986,2025-03-07,2025-03,South,Electronics,Laptop,Small Business,1,55000,0.2,44000.0,42000,2000.0
ORD-103401,2025-03-07,2025-03,Central,Stationery,Pen Set,Corporate,2,300,0.05,570.0,280,290.0
ORD-102222,2025-03-07,2025-03,North,Electronics,Headphones,Small Business,1,3500,0.05,3325.0,2100,1225.0
ORD-101575,2025-03-07,2025-03,West,Electronics,Headphones,Small Business,2,3500,0.0,7000.0,4200,2800.0
ORD-101567,2025-03-07,2025-03,East,Stationery,Notebook Pack,Corporate,1,450,0.0,450.0,250,200.0
ORD-104167,2025-03-07,2025-03,North,Accessories,Water Bottle,Consumer,3,600,0.1,1620.0,840,780.0
ORD-104388,2025-03-08,2025-03,South,Furniture,Study Desk,Consumer,5,12000,0.05,57000.0,40000,17000.0
ORD-104767,2025-03-08,2025-03,West,Accessories,Desk Lamp,Consumer,2,1400,0.1,2520.0,1500,1020.0
ORD-101628,2025-03-08,2025-03,East,Furniture,Office Chair,Corporate,2,8500,0.0,17000.0,11000,6000.0
ORD-100259,2025-03-08,2025-03,West,Electronics,Smartphone,Corporate,2,28000,0.05,53200.0,42000,11200.0
ORD-100037,2025-03-08,2025-03,Central,Electronics,Smartwatch,Consumer,1,9000,0.05,8550.0,6000,2550.0
ORD-101762,2025-03-08,2025-03,North,Stationery,Pen Set,Consumer,2,300,0.15,510.0,280,230.0
ORD-100339,2025-03-08,2025-03,North,Accessories,Water Bottle,Consumer,5,600,0.15,2550.0,1400,1150.0
ORD-104169,2025-03-08,2025-03,South,Furniture,Study Desk,Corporate,2,12000,0.1,21600.0,16000,5600.0
ORD-104427,2025-03-08,2025-03,West,Electronics,Laptop,Consumer,3,55000,0.0,165000.0,126000,39000.0
ORD-101890,2025-03-09,2025-03,South,Stationery,Pen Set,Corporate,5,300,0.05,1425.0,700,725.0
ORD-100888,2025-03-09,2025-03,West,Accessories,Water Bottle,Consumer,4,600,0.0,2400.0,1120,1280.0
ORD-101809,2025-03-09,2025-03,South,Electronics,Smartphone,Consumer,1,28000,0.05,26600.0,21000,5600.0
ORD-104420,2025-03-09,2025-03,Central,Accessories,Desk Lamp,Small Business,4,1400,0.1,5040.0,3000,2040.0
ORD-102154,2025-03-10,2025-03,South,Stationery,Pen Set,Corporate,5,300,0.0,1500.0,700,800.0
ORD-103033,2025-03-10,2025-03,North,Electronics,Smartphone,Consumer,1,28000,0.0,28000.0,21000,7000.0
ORD-103944,2025-03-10,2025-03,South,Electronics,Smartwatch,Consumer,1,9000,0.05,8550.0,6000,2550.0
ORD-101723,2025-03-10,2025-03,South,Stationery,Pen Set,Corporate,3,300,0.0,900.0,420,480.0
ORD-100370,2025-03-10,2025-03,South,Furniture,Study Desk,Consumer,1,12000,0.05,11400.0,8000,3400.0
ORD-100433,2025-03-10,2025-03,North,Stationery,Notebook Pack,Corporate,3,450,0.0,1350.0,750,600.0
ORD-103523,2025-03-10,2025-03,South,Accessories,Water Bottle,Small Business,1,600,0.0,600.0,280,320.0
ORD-101523,2025-03-10,2025-03,North,Electronics,Smartphone,Consumer,1,28000,0.0,28000.0,21000,7000.0
ORD-100206,2025-03-10,2025-03,West,Accessories,Backpack,Corporate,3,1800,0.05,5130.0,2850,2280.0
ORD-101184,2025-03-11,2025-03,North,Stationery,Pen Set,Consumer,1,300,0.1,270.0,140,130.0
ORD-100400,2025-03-11,2025-03,South,Electronics,Headphones,Corporate,2,3500,0.05,6650.0,4200,2450.0
ORD-100664,2025-03-11,2025-03,East,Stationery,Pen Set,Corporate,5,300,0.2,1200.0,700,500.0
ORD-103797,2025-03-11,2025-03,East,Stationery,Pen Set,Small Business,1,300,0.2,240.0,140,100.0
ORD-102854,2025-03-11,2025-03,East,Furniture,Office Chair,Consumer,1,8500,0.2,6800.0,5500,1300.0
ORD-102615,2025-03-11,2025-03,South,Stationery,Pen Set,Consumer,1,300,0.0,300.0,140,160.0
ORD-103198,2025-03-11,2025-03,East,Furniture,Office Chair,Corporate,2,8500,0.05,16150.0,11000,5150.0
ORD-104065,2025-03-11,2025-03,South,Accessories,Water Bottle,Consumer,2,600,0.05,1140.0,560,580.0
ORD-102945,2025-03-11,2025-03,North,Furniture,Office Chair,Consumer,3,8500,0.15,21675.0,16500,5175.0
ORD-103097,2025-03-11,2025-03,North,Electronics,Smartphone,Small Business,2,28000,0.0,56000.0,42000,14000.0
ORD-101297,2025-03-12,2025-03,North,Electronics,Smartphone,Small Business,1,28000,0.0,28000.0,21000,7000.0
ORD-104146,2025-03-12,2025-03,South,Stationery,Pen Set,Consumer,2,300,0.0,600.0,280,320.0
ORD-101275,2025-03-12,2025-03,West,Furniture,Office Chair,Consumer,1,8500,0.0,8500.0,5500,3000.0
ORD-102270,2025-03-12,2025-03,South,Accessories,Water Bottle,Consumer,4,600,0.0,2400.0,1120,1280.0
ORD-100883,2025-03-12,2025-03,Central,Stationery,Pen Set,Consumer,2,300,0.0,600.0,280,320.0
ORD-101593,2025-03-12,2025-03,West,Electronics,Smartwatch,Consumer,2,9000,0.1,16200.0,12000,4200.0
ORD-103785,2025-03-12,2025-03,South,Electronics,Headphones,Corporate,5,3500,0.0,17500.0,10500,7000.0
ORD-103077,2025-03-13,2025-03,East,Stationery,Pen Set,Consumer,2,300,0.0,600.0,280,320.0
ORD-104210,2025-03-13,2025-03,Central,Electronics,Smartphone,Consumer,2,28000,0.0,56000.0,42000,14000.0
ORD-104666,2025-03-13,2025-03,North,Electronics,Headphones,Consumer,2,3500,0.05,6650.0,4200,2450.0
ORD-101705,2025-03-13,2025-03,West,Stationery,Pen Set,Consumer,3,300,0.0,900.0,420,480.0
ORD-101462,2025-03-13,2025-03,Central,Stationery,Pen Set,Consumer,3,300,0.2,720.0,420,300.0
ORD-103228,2025-03-13,2025-03,East,Electronics,Smartphone,Corporate,1,28000,0.0,28000.0,21000,7000.0
ORD-103167,2025-03-13,2025-03,West,Electronics,Headphones,Corporate,4,3500,0.2,11200.0,8400,2800.0
ORD-102086,2025-03-13,2025-03,West,Stationery,Pen Set,Corporate,1,300,0.1,270.0,140,130.0
ORD-102641,2025-03-13,2025-03,South,Stationery,Pen Set,Consumer,2,300,0.0,600.0,280,320.0
ORD-100982,2025-03-13,2025-03,Central,Accessories,Water Bottle,Small Business,1,600,0.0,600.0,280,320.0
ORD-103864,2025-03-13,2025-03,North,Accessories,Backpack,Corporate,3,1800,0.05,5130.0,2850,2280.0
ORD-101541,2025-03-14,2025-03,West,Electronics,Smartphone,Consumer,1,28000,0.1,25200.0,21000,4200.0
ORD-100099,2025-03-14,2025-03,North,Electronics,Headphones,Consumer,1,3500,0.15,2975.0,2100,875.0
ORD-104204,2025-03-14,2025-03,Central,Accessories,Water Bottle,Consumer,1,600,0.0,600.0,280,320.0
ORD-100634,2025-03-14,2025-03,North,Furniture,Study Desk,Consumer,1,12000,0.05,11400.0,8000,3400.0
ORD-101177,2025-03-14,2025-03,North,Accessories,Desk Lamp,Consumer,2,1400,0.0,2800.0,1500,1300.0
ORD-104790,2025-03-14,2025-03,South,Stationery,Notebook Pack,Consumer,1,450,0.15,382.5,250,132.5
ORD-102298,2025-03-14,2025-03,South,Electronics,Smartphone,Corporate,1,28000,0.15,23800.0,21000,2800.0
ORD-102505,2025-03-15,2025-03,Central,Accessories,Desk Lamp,Corporate,2,1400,0.0,2800.0,1500,1300.0
ORD-101758,2025-03-15,2025-03,Central,Accessories,Water Bottle,Consumer,1,600,0.1,540.0,280,260.0
ORD-104613,2025-03-15,2025-03,North,Stationery,Pen Set,Consumer,2,300,0.1,540.0,280,260.0
ORD-104849,2025-03-15,2025-03,East,Furniture,Bookshelf,Consumer,1,6500,0.0,6500.0,4200,2300.0
ORD-104884,2025-03-15,2025-03,North,Stationery,Notebook Pack,Corporate,3,450,0.0,1350.0,750,600.0
ORD-100123,2025-03-15,2025-03,South,Accessories,Backpack,Corporate,2,1800,0.15,3060.0,1900,1160.0
ORD-102551,2025-03-16,2025-03,South,Electronics,Headphones,Consumer,1,3500,0.0,3500.0,2100,1400.0
ORD-100770,2025-03-16,2025-03,East,Stationery,Notebook Pack,Consumer,1,450,0.0,450.0,250,200.0
ORD-100454,2025-03-16,2025-03,West,Accessories,Water Bottle,Consumer,2,600,0.0,1200.0,560,640.0
ORD-104741,2025-03-16,2025-03,North,Stationery,Pen Set,Consumer,1,300,0.1,270.0,140,130.0
ORD-101067,2025-03-16,2025-03,South,Furniture,Office Chair,Consumer,1,8500,0.0,8500.0,5500,3000.0
ORD-102678,2025-03-16,2025-03,North,Accessories,Backpack,Corporate,2,1800,0.0,3600.0,1900,1700.0
ORD-102201,2025-03-16,2025-03,North,Accessories,Backpack,Corporate,1,1800,0.0,1800.0,950,850.0
ORD-103673,2025-03-16,2025-03,North,Electronics,Smartwatch,Small Business,5,9000,0.0,45000.0,30000,15000.0
ORD-103180,2025-03-16,2025-03,North,Electronics,Smartphone,Small Business,2,28000,0.0,56000.0,42000,14000.0
ORD-102194,2025-03-16,2025-03,West,Furniture,Office Chair,Consumer,1,8500,0.05,8075.0,5500,2575.0
ORD-102219,2025-03-17,2025-03,Central,Furniture,Office Chair,Consumer,4,8500,0.2,27200.0,22000,5200.0
ORD-100809,2025-03-17,2025-03,South,Stationery,Pen Set,Consumer,3,300,0.15,765.0,420,345.0
ORD-100676,2025-03-17,2025-03,East,Accessories,Water Bottle,Consumer,1,600,0.0,600.0,280,320.0
ORD-101411,2025-03-17,2025-03,South,Furniture,Bookshelf,Corporate,1,6500,0.0,6500.0,4200,2300.0
ORD-104673,2025-03-17,2025-03,North,Accessories,Backpack,Corporate,2,1800,0.1,3240.0,1900,1340.0
ORD-103042,2025-03-17,2025-03,North,Accessories,Desk Lamp,Consumer,2,1400,0.0,2800.0,1500,1300.0
ORD-102334,2025-03-18,2025-03,South,Furniture,Office Chair,Consumer,5,8500,0.0,42500.0,27500,15000.0
ORD-100546,2025-03-18,2025-03,North,Accessories,Desk Lamp,Corporate,3,1400,0.0,4200.0,2250,1950.0
ORD-102308,2025-03-18,2025-03,West,Electronics,Headphones,Consumer,5,3500,0.15,14875.0,10500,4375.0
ORD-100694,2025-03-18,2025-03,West,Accessories,Water Bottle,Consumer,2,600,0.0,1200.0,560,640.0
ORD-102249,2025-03-18,2025-03,West,Accessories,Desk Lamp,Small Business,1,1400,0.1,1260.0,750,510.0
ORD-100181,2025-03-18,2025-03,West,Stationery,Notebook Pack,Consumer,2,450,0.05,855.0,500,355.0
ORD-102036,2025-03-18,2025-03,South,Electronics,Smartwatch,Consumer,2,9000,0.0,18000.0,12000,6000.0
ORD-102043,2025-03-18,2025-03,North,Stationery,Notebook Pack,Corporate,1,450,0.1,405.0,250,155.0
ORD-103251,2025-03-19,2025-03,Central,Stationery,Notebook Pack,Consumer,1,450,0.2,360.0,250,110.0
ORD-100079,2025-03-19,2025-03,South,Accessories,Desk Lamp,Consumer,1,1400,0.05,1330.0,750,580.0
ORD-102426,2025-03-19,2025-03,North,Stationery,Notebook Pack,Consumer,2,450,0.1,810.0,500,310.0
ORD-101668,2025-03-19,2025-03,North,Stationery,Pen Set,Corporate,1,300,0.05,285.0,140,145.0
ORD-103769,2025-03-19,2025-03,North,Electronics,Headphones,Corporate,1,3500,0.0,3500.0,2100,1400.0
ORD-104260,2025-03-19,2025-03,South,Stationery,Notebook Pack,Consumer,2,450,0.15,765.0,500,265.0
ORD-100333,2025-03-19,2025-03,South,Stationery,Pen Set,Corporate,1,300,0.15,255.0,140,115.0
ORD-103851,2025-03-19,2025-03,South,Stationery,Pen Set,Consumer,1,300,0.0,300.0,140,160.0
ORD-102832,2025-03-20,2025-03,North,Furniture,Study Desk,Consumer,1,12000,0.05,11400.0,8000,3400.0
ORD-104150,2025-03-20,2025-03,East,Stationery,Pen Set,Consumer,2,300,0.15,510.0,280,230.0
ORD-101252,2025-03-20,2025-03,South,Accessories,Water Bottle,Consumer,1,600,0.2,480.0,280,200.0
ORD-100938,2025-03-20,2025-03,South,Electronics,Laptop,Consumer,1,55000,0.05,52250.0,42000,10250.0
ORD-100380,2025-03-20,2025-03,South,Accessories,Backpack,Small Business,2,1800,0.0,3600.0,1900,1700.0
ORD-103253,2025-03-20,2025-03,East,Electronics,Smartwatch,Consumer,1,9000,0.0,9000.0,6000,3000.0
ORD-103215,2025-03-20,2025-03,East,Stationery,Notebook Pack,Consumer,1,450,0.05,427.5,250,177.5
ORD-100750,2025-03-20,2025-03,South,Stationery,Notebook Pack,Consumer,4,450,0.15,1530.0,1000,530.0
ORD-100460,2025-03-20,2025-03,West,Stationery,Notebook Pack,Consumer,2,450,0.1,810.0,500,310.0
ORD-100429,2025-03-20,2025-03,West,Accessories,Water Bottle,Consumer,1,600,0.05,570.0,280,290.0
ORD-101960,2025-03-20,2025-03,East,Accessories,Desk Lamp,Corporate,1,1400,0.2,1120.0,750,370.0
ORD-104996,2025-03-21,2025-03,West,Electronics,Headphones,Consumer,2,3500,0.1,6300.0,4200,2100.0
ORD-100132,2025-03-21,2025-03,North,Stationery,Pen Set,Small Business,3,300,0.05,855.0,420,435.0
ORD-104735,2025-03-21,2025-03,East,Electronics,Laptop,Consumer,1,55000,0.05,52250.0,42000,10250.0
ORD-103788,2025-03-21,2025-03,North,Accessories,Backpack,Small Business,1,1800,0.05,1710.0,950,760.0
ORD-100459,2025-03-21,2025-03,Central,Stationery,Notebook Pack,Consumer,1,450,0.1,405.0,250,155.0
ORD-104630,2025-03-21,2025-03,North,Accessories,Water Bottle,Consumer,1,600,0.15,510.0,280,230.0
ORD-103760,2025-03-21,2025-03,North,Electronics,Laptop,Consumer,1,55000,0.1,49500.0,42000,7500.0
ORD-103837,2025-03-21,2025-03,East,Accessories,Water Bottle,Consumer,2,600,0.1,1080.0,560,520.0
ORD-100644,2025-03-21,2025-03,East,Electronics,Headphones,Consumer,1,3500,0.05,3325.0,2100,1225.0
ORD-100090,2025-03-21,2025-03,North,Electronics,Headphones,Consumer,2,3500,0.05,6650.0,4200,2450.0
ORD-100604,2025-03-22,2025-03,North,Furniture,Bookshelf,Consumer,1,6500,0.1,5850.0,4200,1650.0
ORD-101821,2025-03-22,2025-03,East,Stationery,Pen Set,Consumer,3,300,0.05,855.0,420,435.0
ORD-102355,2025-03-22,2025-03,West,Electronics,Headphones,Consumer,1,3500,0.1,3150.0,2100,1050.0
ORD-101846,2025-03-22,2025-03,South,Accessories,Water Bottle,Corporate,1,600,0.1,540.0,280,260.0
ORD-104247,2025-03-22,2025-03,South,Accessories,Backpack,Consumer,3,1800,0.0,5400.0,2850,2550.0
ORD-101481,2025-03-22,2025-03,South,Furniture,Bookshelf,Corporate,1,6500,0.1,5850.0,4200,1650.0
ORD-102706,2025-03-22,2025-03,East,Electronics,Headphones,Corporate,2,3500,0.0,7000.0,4200,2800.0
ORD-101033,2025-03-22,2025-03,South,Accessories,Backpack,Consumer,1,1800,0.0,1800.0,950,850.0
ORD-101721,2025-03-22,2025-03,North,Accessories,Water Bottle,Consumer,1,600,0.15,510.0,280,230.0
ORD-104730,2025-03-22,2025-03,North,Accessories,Desk Lamp,Consumer,2,1400,0.2,2240.0,1500,740.0
ORD-102338,2025-03-22,2025-03,West,Accessories,Backpack,Consumer,4,1800,0.05,6840.0,3800,3040.0
ORD-103929,2025-03-22,2025-03,Central,Stationery,Pen Set,Corporate,3,300,0.0,900.0,420,480.0
ORD-100040,2025-03-23,2025-03,West,Accessories,Water Bottle,Consumer,1,600,0.2,480.0,280,200.0
ORD-101535,2025-03-23,2025-03,South,Accessories,Water Bottle,Corporate,3,600,0.0,1800.0,840,960.0
ORD-101417,2025-03-23,2025-03,Central,Furniture,Study Desk,Corporate,5,12000,0.1,54000.0,40000,14000.0
ORD-104798,2025-03-23,2025-03,South,Furniture,Bookshelf,Small Business,2,6500,0.1,11700.0,8400,3300.0
ORD-104400,2025-03-23,2025-03,West,Electronics,Laptop,Corporate,3,55000,0.0,165000.0,126000,39000.0
ORD-102366,2025-03-23,2025-03,East,Accessories,Water Bottle,Corporate,2,600,0.05,1140.0,560,580.0
ORD-104902,2025-03-23,2025-03,North,Electronics,Smartphone,Consumer,1,28000,0.1,25200.0,21000,4200.0
ORD-102580,2025-03-23,2025-03,West,Accessories,Backpack,Consumer,2,1800,0.15,3060.0,1900,1160.0
ORD-104976,2025-03-23,2025-03,South,Stationery,Notebook Pack,Consumer,1,450,0.0,450.0,250,200.0
ORD-104312,2025-03-24,2025-03,West,Stationery,Pen Set,Consumer,1,300,0.05,285.0,140,145.0
ORD-104800,2025-03-24,2025-03,West,Accessories,Desk Lamp,Small Business,2,1400,0.1,2520.0,1500,1020.0
ORD-100718,2025-03-24,2025-03,North,Electronics,Laptop,Consumer,3,55000,0.0,165000.0,126000,39000.0
ORD-102686,2025-03-24,2025-03,West,Stationery,Pen Set,Consumer,1,300,0.1,270.0,140,130.0
ORD-100812,2025-03-24,2025-03,West,Electronics,Smartphone,Corporate,1,28000,0.0,28000.0,21000,7000.0
ORD-102478,2025-03-24,2025-03,West,Electronics,Smartwatch,Corporate,2,9000,0.1,16200.0,12000,4200.0
ORD-101253,2025-03-24,2025-03,North,Accessories,Water Bottle,Consumer,2,600,0.1,1080.0,560,520.0
ORD-104278,2025-03-25,2025-03,North,Accessories,Backpack,Consumer,1,1800,0.05,1710.0,950,760.0
ORD-103681,2025-03-25,2025-03,West,Accessories,Water Bottle,Corporate,5,600,0.0,3000.0,1400,1600.0
ORD-104066,2025-03-25,2025-03,South,Accessories,Desk Lamp,Consumer,1,1400,0.0,1400.0,750,650.0
ORD-104202,2025-03-25,2025-03,East,Accessories,Backpack,Small Business,5,1800,0.0,9000.0,4750,4250.0
ORD-102167,2025-03-25,2025-03,South,Accessories,Backpack,Small Business,1,1800,0.05,1710.0,950,760.0
ORD-103588,2025-03-25,2025-03,East,Electronics,Laptop,Corporate,4,55000,0.05,209000.0,168000,41000.0
ORD-102702,2025-03-25,2025-03,East,Accessories,Backpack,Consumer,2,1800,0.1,3240.0,1900,1340.0
ORD-101592,2025-03-26,2025-03,South,Furniture,Office Chair,Corporate,2,8500,0.1,15300.0,11000,4300.0
ORD-102900,2025-03-26,2025-03,East,Accessories,Water Bottle,Consumer,1,600,0.05,570.0,280,290.0
ORD-100294,2025-03-26,2025-03,West,Stationery,Notebook Pack,Consumer,1,450,0.0,450.0,250,200.0
ORD-100588,2025-03-26,2025-03,Central,Accessories,Backpack,Consumer,3,1800,0.0,5400.0,2850,2550.0
ORD-104186,2025-03-26,2025-03,West,Stationery,Notebook Pack,Corporate,1,450,0.05,427.5,250,177.5
ORD-101836,2025-03-26,2025-03,South,Stationery,Pen Set,Corporate,2,300,0.0,600.0,280,320.0
ORD-100655,2025-03-26,2025-03,North,Accessories,Desk Lamp,Consumer,3,1400,0.15,3570.0,2250,1320.0
ORD-101646,2025-03-26,2025-03,West,Furniture,Study Desk,Small Business,3,12000,0.1,32400.0,24000,8400.0
ORD-100772,2025-03-26,2025-03,South,Stationery,Notebook Pack,Consumer,2,450,0.0,900.0,500,400.0
ORD-104399,2025-03-26,2025-03,North,Electronics,Smartphone,Consumer,4,28000,0.0,112000.0,84000,28000.0
ORD-100587,2025-03-27,2025-03,South,Accessories,Water Bottle,Consumer,1,600,0.0,600.0,280,320.0
ORD-103411,2025-03-27,2025-03,Central,Electronics,Headphones,Small Business,1,3500,0.0,3500.0,2100,1400.0
ORD-101119,2025-03-27,2025-03,West,Stationery,Notebook Pack,Consumer,2,450,0.0,900.0,500,400.0
ORD-101199,2025-03-27,2025-03,North,Accessories,Desk Lamp,Corporate,1,1400,0.0,1400.0,750,650.0
ORD-100539,2025-03-27,2025-03,South,Stationery,Notebook Pack,Corporate,2,450,0.05,855.0,500,355.0
ORD-101161,2025-03-27,2025-03,South,Furniture,Office Chair,Corporate,1,8500,0.0,8500.0,5500,3000.0
ORD-103535,2025-03-27,2025-03,South,Electronics,Smartwatch,Consumer,1,9000,0.05,8550.0,6000,2550.0
ORD-104587,2025-03-28,2025-03,South,Electronics,Headphones,Small Business,1,3500,0.0,3500.0,2100,1400.0
ORD-101734,2025-03-28,2025-03,North,Stationery,Notebook Pack,Small Business,2,450,0.05,855.0,500,355.0
ORD-101387,2025-03-28,2025-03,West,Accessories,Water Bottle,Corporate,1,600,0.0,600.0,280,320.0
ORD-102994,2025-03-28,2025-03,North,Furniture,Study Desk,Corporate,1,12000,0.15,10200.0,8000,2200.0
ORD-102315,2025-03-28,2025-03,Central,Electronics,Headphones,Corporate,1,3500,0.0,3500.0,2100,1400.0
ORD-101246,2025-03-28,2025-03,North,Stationery,Notebook Pack,Consumer,4,450,0.1,1620.0,1000,620.0
ORD-104086,2025-03-28,2025-03,South,Accessories,Backpack,Consumer,1,1800,0.15,1530.0,950,580.0
ORD-102476,2025-03-28,2025-03,West,Electronics,Headphones,Consumer,1,3500,0.0,3500.0,2100,1400.0
ORD-101868,2025-03-28,2025-03,East,Stationery,Pen Set,Consumer,1,300,0.05,285.0,140,145.0
ORD-104643,2025-03-28,2025-03,North,Stationery,Pen Set,Consumer,2,300,0.1,540.0,280,260.0
ORD-101365,2025-03-28,2025-03,East,Accessories,Backpack,Consumer,1,1800,0.1,1620.0,950,670.0
ORD-104871,2025-03-29,2025-03,East,Furniture,Bookshelf,Consumer,3,6500,0.0,19500.0,12600,6900.0
ORD-101684,2025-03-29,2025-03,West,Accessories,Desk Lamp,Consumer,1,1400,0.1,1260.0,750,510.0
ORD-104466,2025-03-29,2025-03,Central,Furniture,Office Chair,Small Business,2,8500,0.0,17000.0,11000,6000.0
ORD-101984,2025-03-29,2025-03,West,Furniture,Bookshelf,Consumer,1,6500,0.0,6500.0,4200,2300.0
ORD-104184,2025-03-29,2025-03,West,Stationery,Pen Set,Small Business,1,300,0.0,300.0,140,160.0
ORD-104331,2025-03-29,2025-03,West,Electronics,Smartphone,Small Business,1,28000,0.0,28000.0,21000,7000.0
ORD-101291,2025-03-29,2025-03,South,Furniture,Office Chair,Consumer,1,8500,0.0,8500.0,5500,3000.0
ORD-104497,2025-03-29,2025-03,South,Stationery,Notebook Pack,Small Business,5,450,0.0,2250.0,1250,1000.0
ORD-104463,2025-03-30,2025-03,South,Electronics,Laptop,Corporate,2,55000,0.0,110000.0,84000,26000.0
ORD-102521,2025-03-30,2025-03,East,Accessories,Water Bottle,Corporate,1,600,0.15,510.0,280,230.0
ORD-102599,2025-03-30,2025-03,South,Stationery,Notebook Pack,Corporate,2,450,0.0,900.0,500,400.0
ORD-100703,2025-03-30,2025-03,South,Accessories,Desk Lamp,Consumer,4,1400,0.05,5320.0,3000,2320.0
ORD-100556,2025-03-30,2025-03,North,Electronics,Smartphone,Small Business,1,28000,0.0,28000.0,21000,7000.0
ORD-104141,2025-03-30,2025-03,North,Stationery,Pen Set,Corporate,4,300,0.1,1080.0,560,520.0
ORD-101993,2025-03-30,2025-03,North,Electronics,Laptop,Consumer,1,55000,0.1,49500.0,42000,7500.0
ORD-101697,2025-03-30,2025-03,South,Accessories,Water Bottle,Consumer,4,600,0.0,2400.0,1120,1280.0
ORD-102764,2025-03-30,2025-03,West,Accessories,Backpack,Consumer,4,1800,0.1,6480.0,3800,2680.0
ORD-100946,2025-03-31,2025-03,South,Electronics,Smartphone,Consumer,5,28000,0.1,126000.0,105000,21000.0
ORD-100562,2025-03-31,2025-03,South,Electronics,Smartphone,Corporate,2,28000,0.0,56000.0,42000,14000.0
ORD-100997,2025-03-31,2025-03,West,Stationery,Pen Set,Corporate,1,300,0.0,300.0,140,160.0
ORD-102666,2025-03-31,2025-03,East,Accessories,Water Bottle,Consumer,3,600,0.0,1800.0,840,960.0
ORD-103953,2025-03-31,2025-03,East,Accessories,Backpack,Corporate,1,1800,0.1,1620.0,950,670.0
ORD-101585,2025-03-31,2025-03,South,Stationery,Pen Set,Corporate,1,300,0.0,300.0,140,160.0
ORD-100179,2025-04-01,2025-04,Central,Accessories,Backpack,Consumer,1,1800,0.1,1620.0,950,670.0
ORD-104634,2025-04-01,2025-04,South,Stationery,Pen Set,Consumer,1,300,0.05,285.0,140,145.0
ORD-104698,2025-04-01,2025-04,East,Electronics,Headphones,Consumer,3,3500,0.15,8925.0,6300,2625.0
ORD-103551,2025-04-01,2025-04,North,Stationery,Notebook Pack,Small Business,1,450,0.05,427.5,250,177.5
ORD-101749,2025-04-01,2025-04,South,Electronics,Smartphone,Consumer,1,28000,0.0,28000.0,21000,7000.0
ORD-104568,2025-04-01,2025-04,East,Accessories,Backpack,Consumer,5,1800,0.0,9000.0,4750,4250.0
ORD-101434,2025-04-02,2025-04,West,Accessories,Water Bottle,Consumer,1,600,0.15,510.0,280,230.0
ORD-100754,2025-04-02,2025-04,Central,Electronics,Headphones,Small Business,2,3500,0.1,6300.0,4200,2100.0
ORD-100262,2025-04-02,2025-04,East,Stationery,Pen Set,Corporate,2,300,0.0,600.0,280,320.0
ORD-104686,2025-04-02,2025-04,South,Furniture,Office Chair,Consumer,1,8500,0.1,7650.0,5500,2150.0
ORD-102284,2025-04-02,2025-04,North,Electronics,Smartwatch,Consumer,3,9000,0.0,27000.0,18000,9000.0
ORD-102013,2025-04-02,2025-04,North,Accessories,Water Bottle,Consumer,1,600,0.05,570.0,280,290.0
ORD-100590,2025-04-02,2025-04,South,Accessories,Backpack,Corporate,2,1800,0.15,3060.0,1900,1160.0
ORD-104457,2025-04-02,2025-04,West,Electronics,Smartphone,Consumer,1,28000,0.15,23800.0,21000,2800.0
ORD-103328,2025-04-02,2025-04,West,Furniture,Office Chair,Consumer,2,8500,0.0,17000.0,11000,6000.0
ORD-100919,2025-04-02,2025-04,East,Electronics,Smartwatch,Corporate,1,9000,0.05,8550.0,6000,2550.0
ORD-100021,2025-04-02,2025-04,South,Electronics,Laptop,Corporate,1,55000,0.0,55000.0,42000,13000.0
ORD-100726,2025-04-02,2025-04,North,Furniture,Study Desk,Consumer,3,12000,0.0,36000.0,24000,12000.0
ORD-102455,2025-04-02,2025-04,Central,Electronics,Headphones,Consumer,2,3500,0.1,6300.0,4200,2100.0
ORD-100930,2025-04-02,2025-04,North,Accessories,Water Bottle,Consumer,2,600,0.0,1200.0,560,640.0
ORD-102156,2025-04-03,2025-04,East,Electronics,Laptop,Corporate,2,55000,0.05,104500.0,84000,20500.0
ORD-102743,2025-04-03,2025-04,South,Electronics,Headphones,Corporate,2,3500,0.1,6300.0,4200,2100.0
ORD-102411,2025-04-03,2025-04,South,Accessories,Water Bottle,Consumer,1,600,0.0,600.0,280,320.0
ORD-100832,2025-04-03,2025-04,West,Furniture,Study Desk,Consumer,5,12000,0.15,51000.0,40000,11000.0
ORD-100066,2025-04-03,2025-04,South,Stationery,Pen Set,Consumer,1,300,0.0,300.0,140,160.0
ORD-102359,2025-04-03,2025-04,West,Stationery,Notebook Pack,Corporate,1,450,0.05,427.5,250,177.5
ORD-103600,2025-04-03,2025-04,South,Electronics,Headphones,Consumer,2,3500,0.1,6300.0,4200,2100.0
ORD-104847,2025-04-03,2025-04,South,Accessories,Desk Lamp,Consumer,1,1400,0.0,1400.0,750,650.0
ORD-102110,2025-04-03,2025-04,West,Electronics,Smartphone,Corporate,1,28000,0.15,23800.0,21000,2800.0
ORD-103611,2025-04-04,2025-04,Central,Accessories,Water Bottle,Consumer,2,600,0.1,1080.0,560,520.0
ORD-103255,2025-04-04,2025-04,West,Electronics,Smartwatch,Consumer,4,9000,0.0,36000.0,24000,12000.0
ORD-104118,2025-04-04,2025-04,Central,Accessories,Desk Lamp,Corporate,4,1400,0.0,5600.0,3000,2600.0
ORD-101720,2025-04-04,2025-04,West,Electronics,Smartphone,Consumer,2,28000,0.15,47600.0,42000,5600.0
ORD-104296,2025-04-04,2025-04,West,Accessories,Water Bottle,Consumer,2,600,0.0,1200.0,560,640.0
ORD-102594,2025-04-04,2025-04,North,Electronics,Smartphone,Corporate,2,28000,0.1,50400.0,42000,8400.0
ORD-104407,2025-04-04,2025-04,East,Stationery,Pen Set,Consumer,5,300,0.2,1200.0,700,500.0
ORD-102393,2025-04-04,2025-04,East,Accessories,Water Bottle,Corporate,1,600,0.15,510.0,280,230.0
ORD-102537,2025-04-04,2025-04,South,Accessories,Backpack,Small Business,2,1800,0.0,3600.0,1900,1700.0
ORD-101278,2025-04-04,2025-04,West,Accessories,Water Bottle,Consumer,1,600,0.1,540.0,280,260.0
ORD-100430,2025-04-04,2025-04,East,Electronics,Headphones,Corporate,4,3500,0.0,14000.0,8400,5600.0
ORD-103554,2025-04-05,2025-04,South,Accessories,Backpack,Consumer,1,1800,0.05,1710.0,950,760.0
ORD-100152,2025-04-05,2025-04,Central,Electronics,Smartwatch,Small Business,1,9000,0.1,8100.0,6000,2100.0
ORD-104378,2025-04-05,2025-04,West,Furniture,Office Chair,Consumer,1,8500,0.0,8500.0,5500,3000.0
ORD-104856,2025-04-06,2025-04,North,Stationery,Notebook Pack,Consumer,3,450,0.0,1350.0,750,600.0
ORD-103525,2025-04-06,2025-04,North,Accessories,Water Bottle,Small Business,1,600,0.05,570.0,280,290.0
ORD-101693,2025-04-06,2025-04,West,Accessories,Water Bottle,Consumer,1,600,0.0,600.0,280,320.0
ORD-103542,2025-04-06,2025-04,West,Electronics,Smartphone,Consumer,1,28000,0.15,23800.0,21000,2800.0
ORD-102760,2025-04-06,2025-04,East,Electronics,Headphones,Corporate,2,3500,0.05,6650.0,4200,2450.0
ORD-104622,2025-04-06,2025-04,South,Furniture,Study Desk,Consumer,1,12000,0.0,12000.0,8000,4000.0
ORD-103896,2025-04-06,2025-04,South,Stationery,Pen Set,Corporate,2,300,0.0,600.0,280,320.0
ORD-100576,2025-04-06,2025-04,West,Accessories,Desk Lamp,Consumer,3,1400,0.0,4200.0,2250,1950.0
ORD-102747,2025-04-06,2025-04,West,Accessories,Backpack,Consumer,1,1800,0.1,1620.0,950,670.0
ORD-104896,2025-04-06,2025-04,West,Stationery,Notebook Pack,Consumer,2,450,0.0,900.0,500,400.0
ORD-101909,2025-04-07,2025-04,South,Electronics,Laptop,Consumer,3,55000,0.15,140250.0,126000,14250.0
ORD-100844,2025-04-07,2025-04,West,Electronics,Smartphone,Consumer,5,28000,0.05,133000.0,105000,28000.0
ORD-101947,2025-04-07,2025-04,South,Electronics,Smartwatch,Small Business,2,9000,0.0,18000.0,12000,6000.0
ORD-104867,2025-04-07,2025-04,North,Furniture,Bookshelf,Consumer,5,6500,0.05,30875.0,21000,9875.0
ORD-101423,2025-04-07,2025-04,South,Stationery,Notebook Pack,Corporate,2,450,0.05,855.0,500,355.0
ORD-102483,2025-04-07,2025-04,East,Electronics,Smartphone,Consumer,1,28000,0.05,26600.0,21000,5600.0
ORD-100519,2025-04-08,2025-04,East,Stationery,Pen Set,Corporate,1,300,0.1,270.0,140,130.0
ORD-104004,2025-04-08,2025-04,East,Accessories,Backpack,Corporate,5,1800,0.05,8550.0,4750,3800.0
ORD-100775,2025-04-08,2025-04,South,Electronics,Laptop,Corporate,5,55000,0.0,275000.0,210000,65000.0
ORD-101790,2025-04-08,2025-04,West,Accessories,Water Bottle,Corporate,2,600,0.1,1080.0,560,520.0
ORD-103730,2025-04-08,2025-04,North,Furniture,Office Chair,Corporate,4,8500,0.1,30600.0,22000,8600.0
ORD-101764,2025-04-08,2025-04,West,Stationery,Notebook Pack,Corporate,2,450,0.0,900.0,500,400.0
ORD-100801,2025-04-09,2025-04,North,Accessories,Water Bottle,Consumer,4,600,0.05,2280.0,1120,1160.0
ORD-104297,2025-04-09,2025-04,West,Electronics,Laptop,Corporate,1,55000,0.0,55000.0,42000,13000.0
ORD-103631,2025-04-09,2025-04,South,Electronics,Smartphone,Consumer,1,28000,0.0,28000.0,21000,7000.0
ORD-101710,2025-04-09,2025-04,North,Accessories,Water Bottle,Corporate,3,600,0.05,1710.0,840,870.0
ORD-104272,2025-04-09,2025-04,West,Electronics,Headphones,Consumer,1,3500,0.0,3500.0,2100,1400.0
ORD-100589,2025-04-09,2025-04,East,Electronics,Headphones,Consumer,2,3500,0.0,7000.0,4200,2800.0
ORD-102037,2025-04-09,2025-04,South,Accessories,Water Bottle,Consumer,1,600,0.0,600.0,280,320.0
ORD-101221,2025-04-09,2025-04,West,Furniture,Bookshelf,Consumer,3,6500,0.0,19500.0,12600,6900.0
ORD-101637,2025-04-09,2025-04,East,Stationery,Pen Set,Consumer,1,300,0.0,300.0,140,160.0
ORD-100760,2025-04-09,2025-04,West,Electronics,Laptop,Consumer,1,55000,0.1,49500.0,42000,7500.0
ORD-102115,2025-04-09,2025-04,Central,Electronics,Smartphone,Consumer,5,28000,0.0,140000.0,105000,35000.0
ORD-102894,2025-04-09,2025-04,East,Furniture,Study Desk,Consumer,3,12000,0.0,36000.0,24000,12000.0
ORD-101109,2025-04-10,2025-04,Central,Stationery,Pen Set,Consumer,2,300,0.1,540.0,280,260.0
ORD-100790,2025-04-10,2025-04,South,Accessories,Backpack,Corporate,1,1800,0.15,1530.0,950,580.0
ORD-104985,2025-04-10,2025-04,East,Stationery,Notebook Pack,Small Business,3,450,0.05,1282.5,750,532.5
ORD-104003,2025-04-10,2025-04,South,Stationery,Notebook Pack,Consumer,4,450,0.0,1800.0,1000,800.0
ORD-104552,2025-04-10,2025-04,West,Accessories,Backpack,Small Business,2,1800,0.0,3600.0,1900,1700.0
ORD-103480,2025-04-10,2025-04,North,Stationery,Pen Set,Consumer,1,300,0.0,300.0,140,160.0
ORD-100665,2025-04-10,2025-04,West,Electronics,Headphones,Corporate,3,3500,0.1,9450.0,6300,3150.0
ORD-102439,2025-04-10,2025-04,North,Electronics,Smartwatch,Small Business,4,9000,0.15,30600.0,24000,6600.0
ORD-103645,2025-04-11,2025-04,South,Stationery,Pen Set,Consumer,2,300,0.0,600.0,280,320.0
ORD-100698,2025-04-11,2025-04,Central,Accessories,Backpack,Corporate,5,1800,0.05,8550.0,4750,3800.0
ORD-103545,2025-04-11,2025-04,East,Stationery,Pen Set,Corporate,1,300,0.0,300.0,140,160.0
ORD-100866,2025-04-11,2025-04,West,Electronics,Laptop,Corporate,4,55000,0.0,220000.0,168000,52000.0
ORD-104833,2025-04-11,2025-04,Central,Stationery,Notebook Pack,Small Business,3,450,0.0,1350.0,750,600.0
ORD-102396,2025-04-11,2025-04,North,Stationery,Pen Set,Consumer,4,300,0.0,1200.0,560,640.0
ORD-103078,2025-04-11,2025-04,South,Accessories,Water Bottle,Consumer,3,600,0.0,1800.0,840,960.0
ORD-100318,2025-04-12,2025-04,North,Stationery,Pen Set,Corporate,1,300,0.0,300.0,140,160.0
ORD-100875,2025-04-12,2025-04,South,Furniture,Office Chair,Small Business,1,8500,0.0,8500.0,5500,3000.0
ORD-102996,2025-04-12,2025-04,North,Stationery,Pen Set,Corporate,3,300,0.1,810.0,420,390.0
ORD-103872,2025-04-12,2025-04,West,Stationery,Pen Set,Corporate,3,300,0.05,855.0,420,435.0
ORD-104027,2025-04-12,2025-04,North,Electronics,Laptop,Corporate,1,55000,0.1,49500.0,42000,7500.0
ORD-103461,2025-04-12,2025-04,Central,Electronics,Headphones,Corporate,1,3500,0.0,3500.0,2100,1400.0
ORD-103343,2025-04-12,2025-04,South,Stationery,Pen Set,Corporate,3,300,0.15,765.0,420,345.0
ORD-100004,2025-04-12,2025-04,West,Stationery,Notebook Pack,Consumer,1,450,0.05,427.5,250,177.5
ORD-104034,2025-04-12,2025-04,South,Stationery,Pen Set,Consumer,1,300,0.05,285.0,140,145.0
ORD-100005,2025-04-12,2025-04,North,Accessories,Water Bottle,Consumer,2,600,0.0,1200.0,560,640.0
ORD-102102,2025-04-13,2025-04,Central,Accessories,Desk Lamp,Corporate,1,1400,0.0,1400.0,750,650.0
ORD-104467,2025-04-13,2025-04,Central,Accessories,Water Bottle,Consumer,1,600,0.05,570.0,280,290.0
ORD-101991,2025-04-13,2025-04,South,Electronics,Headphones,Consumer,1,3500,0.0,3500.0,2100,1400.0
ORD-101156,2025-04-13,2025-04,West,Accessories,Desk Lamp,Consumer,2,1400,0.1,2520.0,1500,1020.0
ORD-103210,2025-04-14,2025-04,North,Stationery,Pen Set,Consumer,1,300,0.0,300.0,140,160.0
ORD-102420,2025-04-14,2025-04,North,Accessories,Desk Lamp,Small Business,1,1400,0.0,1400.0,750,650.0
ORD-103667,2025-04-14,2025-04,North,Electronics,Smartwatch,Small Business,1,9000,0.2,7200.0,6000,1200.0
ORD-103173,2025-04-14,2025-04,South,Accessories,Water Bottle,Consumer,3,600,0.2,1440.0,840,600.0
ORD-100667,2025-04-14,2025-04,West,Electronics,Smartwatch,Consumer,1,9000,0.05,8550.0,6000,2550.0
ORD-103172,2025-04-14,2025-04,South,Furniture,Study Desk,Consumer,2,12000,0.15,20400.0,16000,4400.0
ORD-103937,2025-04-14,2025-04,West,Accessories,Backpack,Small Business,1,1800,0.0,1800.0,950,850.0
ORD-100209,2025-04-14,2025-04,North,Stationery,Pen Set,Consumer,1,300,0.05,285.0,140,145.0
ORD-104825,2025-04-14,2025-04,West,Electronics,Smartphone,Corporate,1,28000,0.0,28000.0,21000,7000.0
ORD-101164,2025-04-14,2025-04,South,Furniture,Office Chair,Consumer,2,8500,0.0,17000.0,11000,6000.0
ORD-101884,2025-04-14,2025-04,Central,Accessories,Backpack,Consumer,1,1800,0.05,1710.0,950,760.0
ORD-101321,2025-04-14,2025-04,East,Stationery,Pen Set,Small Business,1,300,0.05,285.0,140,145.0
ORD-102807,2025-04-15,2025-04,West,Furniture,Office Chair,Corporate,1,8500,0.0,8500.0,5500,3000.0
ORD-104905,2025-04-15,2025-04,South,Accessories,Water Bottle,Consumer,3,600,0.0,1800.0,840,960.0
ORD-103999,2025-04-15,2025-04,Central,Accessories,Backpack,Corporate,2,1800,0.15,3060.0,1900,1160.0
ORD-100202,2025-04-15,2025-04,East,Furniture,Office Chair,Consumer,1,8500,0.05,8075.0,5500,2575.0
ORD-100111,2025-04-15,2025-04,West,Electronics,Laptop,Corporate,3,55000,0.05,156750.0,126000,30750.0
ORD-102130,2025-04-15,2025-04,South,Stationery,Pen Set,Corporate,3,300,0.1,810.0,420,390.0
ORD-104254,2025-04-15,2025-04,West,Accessories,Water Bottle,Consumer,3,600,0.15,1530.0,840,690.0
ORD-103728,2025-04-15,2025-04,South,Electronics,Headphones,Consumer,1,3500,0.0,3500.0,2100,1400.0
ORD-103844,2025-04-15,2025-04,North,Stationery,Notebook Pack,Corporate,1,450,0.1,405.0,250,155.0
ORD-102813,2025-04-15,2025-04,South,Electronics,Smartphone,Consumer,1,28000,0.1,25200.0,21000,4200.0
ORD-104480,2025-04-15,2025-04,North,Electronics,Smartphone,Consumer,4,28000,0.0,112000.0,84000,28000.0
ORD-103221,2025-04-15,2025-04,North,Accessories,Desk Lamp,Corporate,1,1400,0.0,1400.0,750,650.0
ORD-100505,2025-04-15,2025-04,North,Stationery,Notebook Pack,Corporate,2,450,0.0,900.0,500,400.0
ORD-104280,2025-04-15,2025-04,South,Accessories,Water Bottle,Consumer,1,600,0.0,600.0,280,320.0
ORD-104368,2025-04-16,2025-04,West,Accessories,Desk Lamp,Corporate,1,1400,0.0,1400.0,750,650.0
ORD-101212,2025-04-16,2025-04,South,Stationery,Pen Set,Consumer,2,300,0.0,600.0,280,320.0
ORD-100353,2025-04-16,2025-04,East,Accessories,Water Bottle,Small Business,2,600,0.1,1080.0,560,520.0
ORD-102971,2025-04-16,2025-04,East,Accessories,Water Bottle,Corporate,3,600,0.1,1620.0,840,780.0
ORD-103768,2025-04-16,2025-04,South,Accessories,Backpack,Corporate,4,1800,0.05,6840.0,3800,3040.0
ORD-100730,2025-04-16,2025-04,West,Furniture,Study Desk,Corporate,5,12000,0.05,57000.0,40000,17000.0
ORD-101380,2025-04-16,2025-04,East,Stationery,Notebook Pack,Consumer,1,450,0.0,450.0,250,200.0
ORD-100729,2025-04-16,2025-04,Central,Stationery,Pen Set,Consumer,2,300,0.1,540.0,280,260.0
ORD-103948,2025-04-16,2025-04,South,Stationery,Notebook Pack,Corporate,2,450,0.0,900.0,500,400.0
ORD-104796,2025-04-16,2025-04,Central,Electronics,Smartwatch,Corporate,4,9000,0.15,30600.0,24000,6600.0
ORD-104914,2025-04-17,2025-04,South,Furniture,Bookshelf,Consumer,2,6500,0.05,12350.0,8400,3950.0
ORD-103216,2025-04-17,2025-04,East,Furniture,Office Chair,Corporate,2,8500,0.0,17000.0,11000,6000.0
ORD-102052,2025-04-17,2025-04,Central,Stationery,Pen Set,Consumer,1,300,0.0,300.0,140,160.0
ORD-102127,2025-04-17,2025-04,South,Accessories,Desk Lamp,Consumer,5,1400,0.05,6650.0,3750,2900.0
ORD-103224,2025-04-17,2025-04,South,Stationery,Notebook Pack,Consumer,1,450,0.0,450.0,250,200.0
ORD-102777,2025-04-17,2025-04,West,Accessories,Water Bottle,Consumer,1,600,0.1,540.0,280,260.0
ORD-102068,2025-04-17,2025-04,North,Accessories,Water Bottle,Corporate,4,600,0.1,2160.0,1120,1040.0
ORD-100958,2025-04-17,2025-04,West,Stationery,Notebook Pack,Consumer,1,450,0.15,382.5,250,132.5
ORD-101867,2025-04-17,2025-04,North,Electronics,Laptop,Consumer,1,55000,0.0,55000.0,42000,13000.0
ORD-101087,2025-04-18,2025-04,North,Stationery,Notebook Pack,Small Business,4,450,0.1,1620.0,1000,620.0
ORD-104827,2025-04-18,2025-04,East,Stationery,Pen Set,Consumer,1,300,0.0,300.0,140,160.0
ORD-101400,2025-04-18,2025-04,West,Electronics,Headphones,Corporate,2,3500,0.05,6650.0,4200,2450.0
ORD-101401,2025-04-18,2025-04,West,Stationery,Notebook Pack,Corporate,2,450,0.0,900.0,500,400.0
ORD-103455,2025-04-18,2025-04,North,Accessories,Water Bottle,Consumer,1,600,0.15,510.0,280,230.0
ORD-101571,2025-04-18,2025-04,North,Stationery,Notebook Pack,Consumer,1,450,0.15,382.5,250,132.5
ORD-102935,2025-04-18,2025-04,North,Accessories,Backpack,Corporate,4,1800,0.1,6480.0,3800,2680.0
ORD-101296,2025-04-18,2025-04,South,Stationery,Notebook Pack,Consumer,1,450,0.05,427.5,250,177.5
ORD-102633,2025-04-18,2025-04,Central,Stationery,Notebook Pack,Corporate,4,450,0.0,1800.0,1000,800.0
ORD-102391,2025-04-18,2025-04,North,Accessories,Desk Lamp,Small Business,2,1400,0.15,2380.0,1500,880.0
ORD-104729,2025-04-18,2025-04,North,Accessories,Desk Lamp,Corporate,1,1400,0.05,1330.0,750,580.0
ORD-103524,2025-04-18,2025-04,East,Stationery,Notebook Pack,Consumer,1,450,0.0,450.0,250,200.0
ORD-103469,2025-04-19,2025-04,North,Stationery,Notebook Pack,Consumer,1,450,0.0,450.0,250,200.0
ORD-104649,2025-04-19,2025-04,North,Stationery,Notebook Pack,Consumer,1,450,0.15,382.5,250,132.5
ORD-104655,2025-04-19,2025-04,East,Accessories,Water Bottle,Corporate,1,600,0.0,600.0,280,320.0
ORD-100600,2025-04-19,2025-04,South,Electronics,Headphones,Consumer,3,3500,0.0,10500.0,6300,4200.0
ORD-103876,2025-04-19,2025-04,North,Stationery,Notebook Pack,Consumer,1,450,0.05,427.5,250,177.5
ORD-100254,2025-04-19,2025-04,West,Accessories,Desk Lamp,Corporate,1,1400,0.0,1400.0,750,650.0
ORD-104810,2025-04-19,2025-04,North,Electronics,Smartwatch,Consumer,1,9000,0.0,9000.0,6000,3000.0
ORD-100682,2025-04-20,2025-04,Central,Electronics,Smartwatch,Consumer,1,9000,0.0,9000.0,6000,3000.0
ORD-101392,2025-04-20,2025-04,West,Stationery,Pen Set,Corporate,3,300,0.0,900.0,420,480.0
ORD-100031,2025-04-20,2025-04,East,Accessories,Desk Lamp,Small Business,1,1400,0.1,1260.0,750,510.0
ORD-103653,2025-04-20,2025-04,East,Stationery,Notebook Pack,Corporate,2,450,0.1,810.0,500,310.0
ORD-103938,2025-04-20,2025-04,South,Stationery,Notebook Pack,Consumer,1,450,0.05,427.5,250,177.5
ORD-103332,2025-04-20,2025-04,West,Stationery,Notebook Pack,Consumer,2,450,0.05,855.0,500,355.0
ORD-104398,2025-04-20,2025-04,South,Accessories,Backpack,Consumer,1,1800,0.0,1800.0,950,850.0
ORD-100597,2025-04-21,2025-04,West,Stationery,Pen Set,Corporate,1,300,0.1,270.0,140,130.0
ORD-103798,2025-04-21,2025-04,North,Accessories,Water Bottle,Small Business,3,600,0.0,1800.0,840,960.0
ORD-104540,2025-04-21,2025-04,North,Furniture,Office Chair,Small Business,1,8500,0.0,8500.0,5500,3000.0
ORD-103245,2025-04-21,2025-04,West,Stationery,Pen Set,Corporate,4,300,0.2,960.0,560,400.0
ORD-100934,2025-04-21,2025-04,South,Stationery,Notebook Pack,Consumer,1,450,0.1,405.0,250,155.0
ORD-100342,2025-04-22,2025-04,North,Electronics,Headphones,Consumer,1,3500,0.0,3500.0,2100,1400.0
ORD-101690,2025-04-22,2025-04,West,Electronics,Smartwatch,Corporate,4,9000,0.05,34200.0,24000,10200.0
ORD-100317,2025-04-22,2025-04,Central,Electronics,Headphones,Consumer,2,3500,0.0,7000.0,4200,2800.0
ORD-101105,2025-04-22,2025-04,North,Electronics,Smartphone,Consumer,1,28000,0.0,28000.0,21000,7000.0
ORD-100175,2025-04-22,2025-04,West,Electronics,Smartphone,Corporate,1,28000,0.15,23800.0,21000,2800.0
ORD-102172,2025-04-22,2025-04,South,Electronics,Laptop,Consumer,1,55000,0.0,55000.0,42000,13000.0
ORD-100670,2025-04-22,2025-04,West,Accessories,Water Bottle,Corporate,1,600,0.05,570.0,280,290.0
ORD-104103,2025-04-22,2025-04,West,Furniture,Office Chair,Consumer,2,8500,0.05,16150.0,11000,5150.0
ORD-101808,2025-04-22,2025-04,South,Electronics,Laptop,Corporate,1,55000,0.0,55000.0,42000,13000.0
ORD-103676,2025-04-22,2025-04,North,Furniture,Study Desk,Small Business,1,12000,0.05,11400.0,8000,3400.0
ORD-101678,2025-04-22,2025-04,East,Stationery,Notebook Pack,Consumer,3,450,0.1,1215.0,750,465.0
ORD-104510,2025-04-22,2025-04,East,Accessories,Desk Lamp,Consumer,1,1400,0.1,1260.0,750,510.0
ORD-102151,2025-04-22,2025-04,North,Stationery,Notebook Pack,Consumer,2,450,0.0,900.0,500,400.0
ORD-100952,2025-04-23,2025-04,West,Electronics,Headphones,Consumer,3,3500,0.0,10500.0,6300,4200.0
ORD-101624,2025-04-23,2025-04,West,Electronics,Smartphone,Consumer,2,28000,0.0,56000.0,42000,14000.0
ORD-100833,2025-04-23,2025-04,South,Electronics,Smartwatch,Consumer,2,9000,0.0,18000.0,12000,6000.0
ORD-103591,2025-04-23,2025-04,North,Stationery,Notebook Pack,Consumer,2,450,0.1,810.0,500,310.0
ORD-102859,2025-04-23,2025-04,North,Electronics,Headphones,Consumer,2,3500,0.0,7000.0,4200,2800.0
ORD-101095,2025-04-23,2025-04,West,Furniture,Office Chair,Small Business,1,8500,0.1,7650.0,5500,2150.0
ORD-103619,2025-04-23,2025-04,North,Electronics,Laptop,Consumer,3,55000,0.1,148500.0,126000,22500.0
ORD-100842,2025-04-24,2025-04,North,Accessories,Water Bottle,Consumer,1,600,0.15,510.0,280,230.0
ORD-100602,2025-04-24,2025-04,North,Stationery,Pen Set,Corporate,5,300,0.05,1425.0,700,725.0
ORD-101445,2025-04-24,2025-04,East,Accessories,Water Bottle,Small Business,1,600,0.2,480.0,280,200.0
ORD-104419,2025-04-24,2025-04,East,Electronics,Headphones,Corporate,1,3500,0.0,3500.0,2100,1400.0
ORD-104170,2025-04-24,2025-04,South,Accessories,Backpack,Corporate,2,1800,0.0,3600.0,1900,1700.0
ORD-100387,2025-04-24,2025-04,Central,Accessories,Desk Lamp,Consumer,2,1400,0.05,2660.0,1500,1160.0
ORD-100239,2025-04-24,2025-04,South,Electronics,Smartwatch,Consumer,1,9000,0.0,9000.0,6000,3000.0
ORD-104315,2025-04-24,2025-04,North,Accessories,Backpack,Small Business,1,1800,0.0,1800.0,950,850.0
ORD-101862,2025-04-24,2025-04,Central,Accessories,Water Bottle,Consumer,2,600,0.0,1200.0,560,640.0
ORD-102990,2025-04-25,2025-04,West,Accessories,Water Bottle,Consumer,1,600,0.0,600.0,280,320.0
ORD-104844,2025-04-25,2025-04,North,Accessories,Backpack,Corporate,1,1800,0.0,1800.0,950,850.0
ORD-104428,2025-04-25,2025-04,South,Stationery,Notebook Pack,Consumer,2,450,0.0,900.0,500,400.0
ORD-103040,2025-04-25,2025-04,Central,Stationery,Notebook Pack,Consumer,5,450,0.0,2250.0,1250,1000.0
ORD-100885,2025-04-25,2025-04,South,Stationery,Pen Set,Consumer,1,300,0.1,270.0,140,130.0
ORD-103464,2025-04-25,2025-04,Central,Stationery,Pen Set,Consumer,1,300,0.15,255.0,140,115.0
ORD-101368,2025-04-25,2025-04,East,Furniture,Study Desk,Consumer,2,12000,0.0,24000.0,16000,8000.0
ORD-103212,2025-04-25,2025-04,North,Electronics,Headphones,Consumer,2,3500,0.0,7000.0,4200,2800.0
ORD-103931,2025-04-26,2025-04,South,Accessories,Water Bottle,Small Business,1,600,0.0,600.0,280,320.0
ORD-103871,2025-04-26,2025-04,North,Furniture,Office Chair,Consumer,3,8500,0.05,24225.0,16500,7725.0
ORD-101536,2025-04-26,2025-04,West,Accessories,Water Bottle,Corporate,2,600,0.0,1200.0,560,640.0
ORD-101371,2025-04-26,2025-04,South,Electronics,Smartwatch,Corporate,3,9000,0.0,27000.0,18000,9000.0
ORD-100721,2025-04-26,2025-04,South,Electronics,Headphones,Consumer,1,3500,0.0,3500.0,2100,1400.0
ORD-104883,2025-04-26,2025-04,Central,Stationery,Notebook Pack,Consumer,1,450,0.0,450.0,250,200.0
ORD-101016,2025-04-26,2025-04,North,Stationery,Pen Set,Small Business,2,300,0.05,570.0,280,290.0
ORD-102923,2025-04-26,2025-04,North,Accessories,Desk Lamp,Corporate,1,1400,0.0,1400.0,750,650.0
ORD-104446,2025-04-26,2025-04,Central,Accessories,Water Bottle,Small Business,1,600,0.15,510.0,280,230.0
ORD-101538,2025-04-26,2025-04,South,Stationery,Pen Set,Corporate,1,300,0.0,300.0,140,160.0
ORD-100784,2025-04-26,2025-04,North,Accessories,Backpack,Corporate,2,1800,0.0,3600.0,1900,1700.0
ORD-100902,2025-04-26,2025-04,North,Accessories,Backpack,Consumer,2,1800,0.1,3240.0,1900,1340.0
ORD-104529,2025-04-26,2025-04,Central,Stationery,Notebook Pack,Corporate,5,450,0.1,2025.0,1250,775.0
ORD-100592,2025-04-27,2025-04,North,Furniture,Bookshelf,Corporate,1,6500,0.1,5850.0,4200,1650.0
ORD-103281,2025-04-27,2025-04,Central,Electronics,Smartphone,Consumer,1,28000,0.0,28000.0,21000,7000.0
ORD-100014,2025-04-27,2025-04,North,Stationery,Notebook Pack,Small Business,1,450,0.0,450.0,250,200.0
ORD-100015,2025-04-27,2025-04,North,Electronics,Laptop,Corporate,4,55000,0.05,209000.0,168000,41000.0
ORD-103605,2025-04-27,2025-04,South,Electronics,Headphones,Corporate,1,3500,0.2,2800.0,2100,700.0
ORD-104607,2025-04-27,2025-04,East,Stationery,Pen Set,Consumer,2,300,0.05,570.0,280,290.0
ORD-101326,2025-04-27,2025-04,Central,Stationery,Notebook Pack,Consumer,5,450,0.0,2250.0,1250,1000.0
ORD-100867,2025-04-27,2025-04,South,Accessories,Backpack,Small Business,4,1800,0.1,6480.0,3800,2680.0
ORD-100049,2025-04-28,2025-04,East,Accessories,Desk Lamp,Consumer,4,1400,0.05,5320.0,3000,2320.0
ORD-100620,2025-04-28,2025-04,North,Furniture,Study Desk,Consumer,1,12000,0.1,10800.0,8000,2800.0
ORD-102112,2025-04-28,2025-04,South,Electronics,Smartwatch,Consumer,1,9000,0.2,7200.0,6000,1200.0
ORD-101000,2025-04-28,2025-04,East,Stationery,Notebook Pack,Consumer,3,450,0.0,1350.0,750,600.0
ORD-101807,2025-04-28,2025-04,South,Electronics,Smartphone,Small Business,1,28000,0.05,26600.0,21000,5600.0
ORD-104369,2025-04-28,2025-04,East,Accessories,Backpack,Consumer,2,1800,0.1,3240.0,1900,1340.0
ORD-104359,2025-04-28,2025-04,West,Accessories,Water Bottle,Consumer,2,600,0.1,1080.0,560,520.0
ORD-103756,2025-04-28,2025-04,South,Furniture,Office Chair,Consumer,1,8500,0.0,8500.0,5500,3000.0
ORD-100167,2025-04-29,2025-04,North,Furniture,Office Chair,Consumer,3,8500,0.0,25500.0,16500,9000.0
ORD-103175,2025-04-29,2025-04,South,Accessories,Backpack,Small Business,1,1800,0.1,1620.0,950,670.0
ORD-100117,2025-04-29,2025-04,South,Stationery,Pen Set,Small Business,1,300,0.0,300.0,140,160.0
ORD-101239,2025-04-29,2025-04,West,Electronics,Smartwatch,Corporate,1,9000,0.0,9000.0,6000,3000.0
ORD-104195,2025-04-29,2025-04,North,Electronics,Smartphone,Small Business,1,28000,0.0,28000.0,21000,7000.0
ORD-102879,2025-04-29,2025-04,North,Electronics,Headphones,Consumer,5,3500,0.05,16625.0,10500,6125.0
ORD-100668,2025-04-29,2025-04,North,Stationery,Pen Set,Corporate,2,300,0.05,570.0,280,290.0
ORD-104958,2025-04-29,2025-04,West,Stationery,Pen Set,Consumer,2,300,0.0,600.0,280,320.0
ORD-101980,2025-04-29,2025-04,North,Electronics,Headphones,Corporate,1,3500,0.0,3500.0,2100,1400.0
ORD-101097,2025-04-29,2025-04,West,Accessories,Water Bottle,Consumer,1,600,0.15,510.0,280,230.0
ORD-103723,2025-04-29,2025-04,South,Electronics,Headphones,Corporate,4,3500,0.1,12600.0,8400,4200.0
ORD-103602,2025-04-29,2025-04,West,Stationery,Notebook Pack,Consumer,1,450,0.0,450.0,250,200.0
ORD-104390,2025-04-29,2025-04,Central,Electronics,Laptop,Small Business,3,55000,0.0,165000.0,126000,39000.0
ORD-102237,2025-04-29,2025-04,West,Accessories,Water Bottle,Consumer,4,600,0.0,2400.0,1120,1280.0
ORD-102138,2025-04-30,2025-04,West,Electronics,Smartphone,Corporate,2,28000,0.05,53200.0,42000,11200.0
ORD-103094,2025-04-30,2025-04,East,Accessories,Water Bottle,Consumer,1,600,0.0,600.0,280,320.0
ORD-101897,2025-04-30,2025-04,North,Accessories,Water Bottle,Consumer,1,600,0.1,540.0,280,260.0
ORD-103354,2025-04-30,2025-04,North,Electronics,Laptop,Consumer,1,55000,0.1,49500.0,42000,7500.0
ORD-100493,2025-04-30,2025-04,South,Electronics,Headphones,Consumer,2,3500,0.0,7000.0,4200,2800.0
ORD-104781,2025-04-30,2025-04,South,Accessories,Desk Lamp,Corporate,2,1400,0.2,2240.0,1500,740.0
ORD-103377,2025-04-30,2025-04,South,Accessories,Desk Lamp,Corporate,3,1400,0.15,3570.0,2250,1320.0
ORD-100689,2025-04-30,2025-04,East,Electronics,Smartwatch,Small Business,2,9000,0.0,18000.0,12000,6000.0
ORD-104658,2025-05-01,2025-05,East,Electronics,Headphones,Small Business,1,3500,0.0,3500.0,2100,1400.0
ORD-102799,2025-05-01,2025-05,South,Stationery,Notebook Pack,Corporate,1,450,0.1,405.0,250,155.0
ORD-104229,2025-05-01,2025-05,West,Electronics,Smartphone,Corporate,1,28000,0.1,25200.0,21000,4200.0
ORD-104746,2025-05-01,2025-05,West,Stationery,Notebook Pack,Small Business,1,450,0.0,450.0,250,200.0
ORD-104803,2025-05-01,2025-05,West,Electronics,Headphones,Corporate,5,3500,0.0,17500.0,10500,7000.0
ORD-100855,2025-05-02,2025-05,West,Stationery,Notebook Pack,Consumer,1,450,0.0,450.0,250,200.0
ORD-102852,2025-05-02,2025-05,West,Accessories,Water Bottle,Corporate,1,600,0.1,540.0,280,260.0
ORD-103368,2025-05-02,2025-05,East,Accessories,Water Bottle,Consumer,1,600,0.0,600.0,280,320.0
ORD-103755,2025-05-02,2025-05,West,Stationery,Pen Set,Consumer,1,300,0.05,285.0,140,145.0
ORD-100598,2025-05-02,2025-05,West,Electronics,Smartphone,Corporate,5,28000,0.0,140000.0,105000,35000.0
ORD-104855,2025-05-02,2025-05,South,Accessories,Water Bottle,Corporate,1,600,0.0,600.0,280,320.0
ORD-101600,2025-05-02,2025-05,East,Furniture,Study Desk,Consumer,5,12000,0.15,51000.0,40000,11000.0
ORD-104013,2025-05-03,2025-05,North,Accessories,Backpack,Consumer,2,1800,0.0,3600.0,1900,1700.0
ORD-103202,2025-05-03,2025-05,Central,Stationery,Notebook Pack,Small Business,4,450,0.0,1800.0,1000,800.0
ORD-104913,2025-05-04,2025-05,East,Stationery,Pen Set,Consumer,1,300,0.05,285.0,140,145.0
ORD-100234,2025-05-04,2025-05,East,Accessories,Backpack,Consumer,1,1800,0.15,1530.0,950,580.0
ORD-100368,2025-05-04,2025-05,West,Stationery,Pen Set,Consumer,1,300,0.05,285.0,140,145.0
ORD-100057,2025-05-04,2025-05,South,Accessories,Backpack,Corporate,1,1800,0.0,1800.0,950,850.0
ORD-103576,2025-05-04,2025-05,West,Furniture,Office Chair,Corporate,1,8500,0.0,8500.0,5500,3000.0
ORD-104707,2025-05-04,2025-05,South,Stationery,Notebook Pack,Consumer,2,450,0.1,810.0,500,310.0
ORD-101514,2025-05-04,2025-05,East,Accessories,Backpack,Small Business,2,1800,0.0,3600.0,1900,1700.0
ORD-101737,2025-05-04,2025-05,North,Stationery,Pen Set,Consumer,2,300,0.05,570.0,280,290.0
ORD-102447,2025-05-04,2025-05,South,Accessories,Desk Lamp,Consumer,2,1400,0.0,2800.0,1500,1300.0
ORD-102960,2025-05-04,2025-05,West,Electronics,Laptop,Consumer,1,55000,0.05,52250.0,42000,10250.0
ORD-102742,2025-05-04,2025-05,West,Stationery,Notebook Pack,Corporate,2,450,0.15,765.0,500,265.0
ORD-103333,2025-05-04,2025-05,South,Accessories,Water Bottle,Consumer,2,600,0.0,1200.0,560,640.0
ORD-102787,2025-05-05,2025-05,Central,Accessories,Desk Lamp,Corporate,5,1400,0.05,6650.0,3750,2900.0
ORD-101847,2025-05-05,2025-05,South,Accessories,Water Bottle,Corporate,2,600,0.15,1020.0,560,460.0
ORD-103589,2025-05-05,2025-05,West,Electronics,Smartwatch,Consumer,1,9000,0.0,9000.0,6000,3000.0
ORD-104201,2025-05-05,2025-05,South,Accessories,Water Bottle,Consumer,1,600,0.1,540.0,280,260.0
ORD-104872,2025-05-05,2025-05,South,Furniture,Study Desk,Consumer,1,12000,0.0,12000.0,8000,4000.0
ORD-104518,2025-05-05,2025-05,East,Accessories,Desk Lamp,Consumer,3,1400,0.15,3570.0,2250,1320.0
ORD-102289,2025-05-05,2025-05,West,Electronics,Laptop,Consumer,1,55000,0.0,55000.0,42000,13000.0
ORD-103498,2025-05-05,2025-05,North,Furniture,Study Desk,Consumer,3,12000,0.0,36000.0,24000,12000.0
ORD-104531,2025-05-06,2025-05,Central,Accessories,Desk Lamp,Consumer,3,1400,0.0,4200.0,2250,1950.0
ORD-100026,2025-05-06,2025-05,South,Accessories,Water Bottle,Consumer,1,600,0.0,600.0,280,320.0
ORD-104819,2025-05-06,2025-05,South,Stationery,Notebook Pack,Corporate,1,450,0.0,450.0,250,200.0
ORD-103114,2025-05-06,2025-05,South,Stationery,Pen Set,Consumer,5,300,0.05,1425.0,700,725.0
ORD-102673,2025-05-06,2025-05,East,Electronics,Smartphone,Consumer,2,28000,0.0,56000.0,42000,14000.0
ORD-103030,2025-05-06,2025-05,South,Furniture,Office Chair,Consumer,1,8500,0.2,6800.0,5500,1300.0
ORD-100071,2025-05-06,2025-05,West,Accessories,Water Bottle,Consumer,1,600,0.0,600.0,280,320.0
ORD-104600,2025-05-06,2025-05,North,Electronics,Headphones,Consumer,2,3500,0.0,7000.0,4200,2800.0
ORD-102030,2025-05-06,2025-05,West,Stationery,Notebook Pack,Consumer,1,450,0.15,382.5,250,132.5
ORD-101336,2025-05-06,2025-05,North,Furniture,Office Chair,Consumer,2,8500,0.15,14450.0,11000,3450.0
ORD-103134,2025-05-07,2025-05,West,Stationery,Pen Set,Consumer,5,300,0.0,1500.0,700,800.0
ORD-102066,2025-05-07,2025-05,North,Furniture,Office Chair,Consumer,3,8500,0.05,24225.0,16500,7725.0
ORD-101295,2025-05-07,2025-05,West,Electronics,Laptop,Consumer,1,55000,0.05,52250.0,42000,10250.0
ORD-104049,2025-05-07,2025-05,East,Electronics,Laptop,Consumer,1,55000,0.0,55000.0,42000,13000.0
ORD-101626,2025-05-07,2025-05,West,Accessories,Backpack,Consumer,3,1800,0.15,4590.0,2850,1740.0
ORD-101256,2025-05-07,2025-05,East,Electronics,Laptop,Corporate,1,55000,0.2,44000.0,42000,2000.0
ORD-102465,2025-05-07,2025-05,South,Electronics,Smartwatch,Corporate,1,9000,0.0,9000.0,6000,3000.0
ORD-102504,2025-05-07,2025-05,East,Furniture,Study Desk,Corporate,1,12000,0.0,12000.0,8000,4000.0
ORD-100728,2025-05-08,2025-05,North,Electronics,Headphones,Consumer,5,3500,0.0,17500.0,10500,7000.0
ORD-101905,2025-05-08,2025-05,North,Accessories,Backpack,Small Business,2,1800,0.05,3420.0,1900,1520.0
ORD-102111,2025-05-08,2025-05,Central,Accessories,Backpack,Corporate,4,1800,0.2,5760.0,3800,1960.0
ORD-104370,2025-05-08,2025-05,West,Accessories,Water Bottle,Consumer,3,600,0.15,1530.0,840,690.0
ORD-101438,2025-05-08,2025-05,North,Accessories,Water Bottle,Corporate,1,600,0.05,570.0,280,290.0
ORD-103082,2025-05-08,2025-05,North,Stationery,Notebook Pack,Corporate,4,450,0.0,1800.0,1000,800.0
ORD-103347,2025-05-08,2025-05,North,Electronics,Headphones,Corporate,1,3500,0.15,2975.0,2100,875.0
ORD-102491,2025-05-08,2025-05,South,Electronics,Headphones,Consumer,1,3500,0.15,2975.0,2100,875.0
ORD-102877,2025-05-09,2025-05,South,Stationery,Pen Set,Consumer,2,300,0.05,570.0,280,290.0
ORD-103655,2025-05-09,2025-05,South,Accessories,Desk Lamp,Corporate,3,1400,0.1,3780.0,2250,1530.0
ORD-100854,2025-05-09,2025-05,South,Electronics,Smartwatch,Consumer,4,9000,0.0,36000.0,24000,12000.0
ORD-103260,2025-05-09,2025-05,North,Accessories,Backpack,Consumer,5,1800,0.0,9000.0,4750,4250.0
ORD-102072,2025-05-09,2025-05,East,Electronics,Headphones,Corporate,1,3500,0.05,3325.0,2100,1225.0
ORD-104961,2025-05-09,2025-05,East,Accessories,Backpack,Consumer,2,1800,0.0,3600.0,1900,1700.0
ORD-102092,2025-05-09,2025-05,West,Electronics,Headphones,Small Business,1,3500,0.15,2975.0,2100,875.0
ORD-103289,2025-05-09,2025-05,East,Electronics,Headphones,Consumer,1,3500,0.0,3500.0,2100,1400.0
ORD-100895,2025-05-09,2025-05,South,Electronics,Headphones,Consumer,1,3500,0.15,2975.0,2100,875.0
ORD-104880,2025-05-09,2025-05,South,Accessories,Water Bottle,Small Business,2,600,0.1,1080.0,560,520.0
ORD-104722,2025-05-09,2025-05,West,Furniture,Study Desk,Consumer,1,12000,0.05,11400.0,8000,3400.0
ORD-101893,2025-05-09,2025-05,South,Stationery,Notebook Pack,Corporate,3,450,0.05,1282.5,750,532.5
ORD-104977,2025-05-10,2025-05,West,Electronics,Headphones,Consumer,2,3500,0.1,6300.0,4200,2100.0
ORD-101820,2025-05-10,2025-05,South,Accessories,Water Bottle,Consumer,1,600,0.0,600.0,280,320.0
ORD-104591,2025-05-10,2025-05,North,Accessories,Desk Lamp,Consumer,2,1400,0.1,2520.0,1500,1020.0
ORD-100606,2025-05-10,2025-05,West,Stationery,Pen Set,Corporate,1,300,0.15,255.0,140,115.0
ORD-101410,2025-05-10,2025-05,North,Electronics,Smartphone,Consumer,4,28000,0.05,106400.0,84000,22400.0
ORD-103050,2025-05-10,2025-05,North,Accessories,Water Bottle,Consumer,2,600,0.0,1200.0,560,640.0
ORD-103257,2025-05-10,2025-05,Central,Furniture,Office Chair,Consumer,1,8500,0.0,8500.0,5500,3000.0
ORD-100944,2025-05-10,2025-05,Central,Furniture,Office Chair,Consumer,2,8500,0.1,15300.0,11000,4300.0
ORD-104907,2025-05-10,2025-05,North,Stationery,Notebook Pack,Corporate,1,450,0.0,450.0,250,200.0
ORD-102292,2025-05-10,2025-05,North,Accessories,Desk Lamp,Consumer,1,1400,0.2,1120.0,750,370.0
ORD-104472,2025-05-11,2025-05,West,Electronics,Smartphone,Consumer,3,28000,0.0,84000.0,63000,21000.0
ORD-103639,2025-05-11,2025-05,East,Stationery,Pen Set,Corporate,1,300,0.0,300.0,140,160.0
ORD-104282,2025-05-11,2025-05,West,Stationery,Pen Set,Corporate,2,300,0.15,510.0,280,230.0
ORD-102650,2025-05-11,2025-05,North,Furniture,Bookshelf,Consumer,1,6500,0.05,6175.0,4200,1975.0
ORD-102882,2025-05-11,2025-05,East,Stationery,Notebook Pack,Consumer,2,450,0.15,765.0,500,265.0
ORD-101666,2025-05-11,2025-05,South,Stationery,Pen Set,Corporate,4,300,0.15,1020.0,560,460.0
ORD-100900,2025-05-11,2025-05,East,Stationery,Notebook Pack,Consumer,3,450,0.0,1350.0,750,600.0
ORD-103824,2025-05-12,2025-05,West,Stationery,Pen Set,Corporate,1,300,0.0,300.0,140,160.0
ORD-104061,2025-05-12,2025-05,West,Accessories,Desk Lamp,Corporate,2,1400,0.0,2800.0,1500,1300.0
ORD-100852,2025-05-12,2025-05,West,Stationery,Pen Set,Consumer,1,300,0.05,285.0,140,145.0
ORD-102779,2025-05-12,2025-05,East,Stationery,Notebook Pack,Corporate,2,450,0.0,900.0,500,400.0
ORD-102526,2025-05-12,2025-05,East,Electronics,Laptop,Corporate,2,55000,0.05,104500.0,84000,20500.0
ORD-104577,2025-05-12,2025-05,West,Stationery,Notebook Pack,Consumer,3,450,0.05,1282.5,750,532.5
ORD-100621,2025-05-12,2025-05,Central,Electronics,Smartwatch,Corporate,4,9000,0.05,34200.0,24000,10200.0
ORD-101361,2025-05-12,2025-05,South,Stationery,Notebook Pack,Consumer,1,450,0.05,427.5,250,177.5
ORD-103540,2025-05-12,2025-05,East,Stationery,Notebook Pack,Corporate,3,450,0.0,1350.0,750,600.0
ORD-104484,2025-05-12,2025-05,West,Electronics,Smartphone,Consumer,3,28000,0.0,84000.0,63000,21000.0
ORD-100013,2025-05-13,2025-05,East,Furniture,Office Chair,Consumer,1,8500,0.0,8500.0,5500,3000.0
ORD-103991,2025-05-13,2025-05,North,Stationery,Pen Set,Consumer,1,300,0.2,240.0,140,100.0
ORD-103745,2025-05-13,2025-05,East,Furniture,Office Chair,Small Business,1,8500,0.0,8500.0,5500,3000.0
ORD-102658,2025-05-13,2025-05,South,Stationery,Notebook Pack,Consumer,1,450,0.15,382.5,250,132.5
ORD-101555,2025-05-13,2025-05,West,Stationery,Pen Set,Consumer,1,300,0.0,300.0,140,160.0
ORD-103495,2025-05-13,2025-05,Central,Furniture,Study Desk,Small Business,1,12000,0.1,10800.0,8000,2800.0
ORD-100642,2025-05-13,2025-05,South,Stationery,Notebook Pack,Small Business,1,450,0.0,450.0,250,200.0
ORD-103442,2025-05-13,2025-05,West,Accessories,Water Bottle,Small Business,5,600,0.1,2700.0,1400,1300.0
ORD-103519,2025-05-13,2025-05,West,Electronics,Smartwatch,Consumer,4,9000,0.05,34200.0,24000,10200.0
ORD-104542,2025-05-14,2025-05,South,Electronics,Headphones,Consumer,1,3500,0.15,2975.0,2100,875.0
ORD-101232,2025-05-14,2025-05,East,Electronics,Smartphone,Corporate,2,28000,0.1,50400.0,42000,8400.0
ORD-101871,2025-05-14,2025-05,North,Furniture,Bookshelf,Small Business,2,6500,0.0,13000.0,8400,4600.0
ORD-103119,2025-05-14,2025-05,East,Electronics,Headphones,Corporate,2,3500,0.1,6300.0,4200,2100.0
ORD-102181,2025-05-14,2025-05,South,Accessories,Water Bottle,Corporate,1,600,0.05,570.0,280,290.0
ORD-100561,2025-05-14,2025-05,Central,Accessories,Desk Lamp,Consumer,1,1400,0.0,1400.0,750,650.0
ORD-103350,2025-05-15,2025-05,West,Accessories,Water Bottle,Consumer,1,600,0.15,510.0,280,230.0
ORD-100297,2025-05-15,2025-05,East,Furniture,Study Desk,Consumer,2,12000,0.0,24000.0,16000,8000.0
ORD-103790,2025-05-15,2025-05,West,Electronics,Smartwatch,Corporate,1,9000,0.0,9000.0,6000,3000.0
ORD-101751,2025-05-15,2025-05,East,Accessories,Water Bottle,Corporate,2,600,0.05,1140.0,560,580.0
ORD-104965,2025-05-15,2025-05,East,Accessories,Backpack,Consumer,2,1800,0.0,3600.0,1900,1700.0
ORD-101458,2025-05-15,2025-05,North,Accessories,Water Bottle,Consumer,2,600,0.0,1200.0,560,640.0
ORD-102662,2025-05-15,2025-05,West,Stationery,Pen Set,Small Business,2,300,0.0,600.0,280,320.0
ORD-101707,2025-05-15,2025-05,East,Accessories,Desk Lamp,Small Business,1,1400,0.0,1400.0,750,650.0
ORD-100973,2025-05-15,2025-05,West,Stationery,Pen Set,Consumer,4,300,0.0,1200.0,560,640.0
ORD-101574,2025-05-16,2025-05,North,Accessories,Backpack,Consumer,5,1800,0.2,7200.0,4750,2450.0
ORD-104131,2025-05-16,2025-05,West,Furniture,Bookshelf,Corporate,5,6500,0.2,26000.0,21000,5000.0
ORD-102407,2025-05-16,2025-05,Central,Electronics,Headphones,Consumer,2,3500,0.0,7000.0,4200,2800.0
ORD-103314,2025-05-16,2025-05,South,Stationery,Notebook Pack,Small Business,1,450,0.1,405.0,250,155.0
ORD-104339,2025-05-16,2025-05,South,Stationery,Notebook Pack,Consumer,2,450,0.1,810.0,500,310.0
ORD-102296,2025-05-17,2025-05,North,Stationery,Notebook Pack,Small Business,3,450,0.1,1215.0,750,465.0
ORD-103604,2025-05-17,2025-05,South,Electronics,Laptop,Consumer,1,55000,0.15,46750.0,42000,4750.0
ORD-103236,2025-05-17,2025-05,West,Electronics,Smartwatch,Consumer,1,9000,0.2,7200.0,6000,1200.0
ORD-104724,2025-05-17,2025-05,North,Accessories,Water Bottle,Consumer,4,600,0.15,2040.0,1120,920.0
ORD-101078,2025-05-17,2025-05,East,Electronics,Smartphone,Corporate,1,28000,0.1,25200.0,21000,4200.0
ORD-104084,2025-05-17,2025-05,South,Electronics,Headphones,Small Business,5,3500,0.0,17500.0,10500,7000.0
ORD-103622,2025-05-17,2025-05,East,Accessories,Water Bottle,Consumer,1,600,0.1,540.0,280,260.0
ORD-103370,2025-05-17,2025-05,North,Accessories,Water Bottle,Corporate,1,600,0.0,600.0,280,320.0
ORD-101323,2025-05-17,2025-05,South,Electronics,Laptop,Corporate,5,55000,0.0,275000.0,210000,65000.0
ORD-103883,2025-05-18,2025-05,South,Electronics,Smartphone,Consumer,3,28000,0.1,75600.0,63000,12600.0
ORD-101010,2025-05-18,2025-05,West,Stationery,Notebook Pack,Consumer,2,450,0.0,900.0,500,400.0
ORD-104567,2025-05-18,2025-05,West,Accessories,Water Bottle,Corporate,5,600,0.0,3000.0,1400,1600.0
ORD-101215,2025-05-18,2025-05,West,Electronics,Smartwatch,Corporate,1,9000,0.0,9000.0,6000,3000.0
ORD-103829,2025-05-18,2025-05,South,Stationery,Notebook Pack,Corporate,5,450,0.0,2250.0,1250,1000.0
ORD-102856,2025-05-18,2025-05,South,Accessories,Backpack,Corporate,2,1800,0.1,3240.0,1900,1340.0
ORD-103621,2025-05-18,2025-05,North,Furniture,Office Chair,Corporate,3,8500,0.05,24225.0,16500,7725.0
ORD-101951,2025-05-18,2025-05,South,Electronics,Smartphone,Consumer,3,28000,0.1,75600.0,63000,12600.0
ORD-101133,2025-05-18,2025-05,North,Stationery,Pen Set,Consumer,2,300,0.0,600.0,280,320.0
ORD-103304,2025-05-18,2025-05,North,Stationery,Pen Set,Consumer,2,300,0.1,540.0,280,260.0
ORD-101096,2025-05-18,2025-05,North,Stationery,Pen Set,Consumer,3,300,0.05,855.0,420,435.0
ORD-104356,2025-05-18,2025-05,West,Accessories,Desk Lamp,Corporate,2,1400,0.0,2800.0,1500,1300.0
ORD-100131,2025-05-19,2025-05,East,Electronics,Headphones,Small Business,1,3500,0.15,2975.0,2100,875.0
ORD-100879,2025-05-19,2025-05,South,Accessories,Desk Lamp,Consumer,1,1400,0.05,1330.0,750,580.0
ORD-103933,2025-05-19,2025-05,West,Accessories,Desk Lamp,Corporate,3,1400,0.0,4200.0,2250,1950.0
ORD-100468,2025-05-19,2025-05,West,Accessories,Backpack,Corporate,1,1800,0.1,1620.0,950,670.0
ORD-103229,2025-05-19,2025-05,East,Electronics,Smartwatch,Consumer,1,9000,0.0,9000.0,6000,3000.0
ORD-102823,2025-05-19,2025-05,West,Stationery,Pen Set,Consumer,2,300,0.15,510.0,280,230.0
ORD-101839,2025-05-20,2025-05,Central,Electronics,Headphones,Small Business,1,3500,0.1,3150.0,2100,1050.0
ORD-102741,2025-05-20,2025-05,North,Stationery,Pen Set,Consumer,1,300,0.05,285.0,140,145.0
ORD-104442,2025-05-20,2025-05,South,Electronics,Headphones,Consumer,1,3500,0.0,3500.0,2100,1400.0
ORD-102038,2025-05-20,2025-05,East,Stationery,Notebook Pack,Small Business,1,450,0.0,450.0,250,200.0
ORD-103982,2025-05-20,2025-05,East,Electronics,Smartwatch,Consumer,2,9000,0.0,18000.0,12000,6000.0
ORD-102914,2025-05-20,2025-05,North,Accessories,Water Bottle,Consumer,2,600,0.1,1080.0,560,520.0
ORD-101112,2025-05-20,2025-05,Central,Electronics,Laptop,Consumer,2,55000,0.0,110000.0,84000,26000.0
ORD-101111,2025-05-20,2025-05,South,Electronics,Headphones,Consumer,1,3500,0.15,2975.0,2100,875.0
ORD-100830,2025-05-20,2025-05,Central,Electronics,Headphones,Corporate,4,3500,0.05,13300.0,8400,4900.0
ORD-100213,2025-05-20,2025-05,West,Stationery,Pen Set,Consumer,1,300,0.05,285.0,140,145.0
ORD-101602,2025-05-21,2025-05,South,Accessories,Desk Lamp,Corporate,2,1400,0.2,2240.0,1500,740.0
ORD-103812,2025-05-21,2025-05,West,Furniture,Office Chair,Consumer,2,8500,0.0,17000.0,11000,6000.0
ORD-101492,2025-05-21,2025-05,South,Furniture,Bookshelf,Consumer,2,6500,0.0,13000.0,8400,4600.0
ORD-104927,2025-05-21,2025-05,Central,Stationery,Notebook Pack,Consumer,2,450,0.15,765.0,500,265.0
ORD-103983,2025-05-21,2025-05,East,Electronics,Smartwatch,Consumer,2,9000,0.0,18000.0,12000,6000.0
ORD-104364,2025-05-21,2025-05,South,Electronics,Smartphone,Consumer,2,28000,0.0,56000.0,42000,14000.0
ORD-102907,2025-05-21,2025-05,West,Accessories,Water Bottle,Consumer,4,600,0.0,2400.0,1120,1280.0
ORD-102174,2025-05-21,2025-05,North,Stationery,Pen Set,Consumer,3,300,0.1,810.0,420,390.0
ORD-104079,2025-05-21,2025-05,North,Stationery,Pen Set,Small Business,1,300,0.2,240.0,140,100.0
ORD-100173,2025-05-21,2025-05,North,Electronics,Smartwatch,Consumer,1,9000,0.0,9000.0,6000,3000.0
ORD-102574,2025-05-21,2025-05,North,Stationery,Pen Set,Consumer,1,300,0.1,270.0,140,130.0
ORD-103436,2025-05-22,2025-05,South,Furniture,Office Chair,Consumer,1,8500,0.0,8500.0,5500,3000.0
ORD-102727,2025-05-22,2025-05,South,Accessories,Water Bottle,Consumer,1,600,0.0,600.0,280,320.0
ORD-100124,2025-05-22,2025-05,Central,Electronics,Smartphone,Consumer,2,28000,0.05,53200.0,42000,11200.0
ORD-100108,2025-05-22,2025-05,West,Furniture,Office Chair,Corporate,2,8500,0.15,14450.0,11000,3450.0
ORD-102470,2025-05-22,2025-05,West,Stationery,Pen Set,Corporate,2,300,0.1,540.0,280,260.0
ORD-101554,2025-05-22,2025-05,West,Stationery,Pen Set,Small Business,1,300,0.1,270.0,140,130.0
ORD-100542,2025-05-22,2025-05,West,Accessories,Backpack,Consumer,5,1800,0.1,8100.0,4750,3350.0
ORD-101332,2025-05-22,2025-05,East,Accessories,Water Bottle,Corporate,1,600,0.0,600.0,280,320.0
ORD-102821,2025-05-22,2025-05,South,Stationery,Notebook Pack,Consumer,2,450,0.05,855.0,500,355.0
ORD-101094,2025-05-23,2025-05,North,Stationery,Notebook Pack,Small Business,4,450,0.05,1710.0,1000,710.0
ORD-101032,2025-05-23,2025-05,West,Furniture,Bookshelf,Small Business,1,6500,0.05,6175.0,4200,1975.0
ORD-104019,2025-05-23,2025-05,West,Electronics,Headphones,Consumer,1,3500,0.0,3500.0,2100,1400.0
ORD-103214,2025-05-23,2025-05,South,Electronics,Laptop,Corporate,1,55000,0.0,55000.0,42000,13000.0
ORD-102910,2025-05-23,2025-05,West,Stationery,Notebook Pack,Consumer,1,450,0.1,405.0,250,155.0
ORD-103596,2025-05-23,2025-05,East,Stationery,Notebook Pack,Consumer,1,450,0.0,450.0,250,200.0
ORD-100776,2025-05-23,2025-05,East,Furniture,Office Chair,Small Business,1,8500,0.1,7650.0,5500,2150.0
ORD-101231,2025-05-23,2025-05,Central,Stationery,Pen Set,Consumer,1,300,0.05,285.0,140,145.0
ORD-103520,2025-05-23,2025-05,South,Furniture,Bookshelf,Consumer,1,6500,0.1,5850.0,4200,1650.0
ORD-102566,2025-05-24,2025-05,Central,Accessories,Backpack,Corporate,1,1800,0.05,1710.0,950,760.0
ORD-100744,2025-05-24,2025-05,North,Stationery,Notebook Pack,Consumer,2,450,0.05,855.0,500,355.0
ORD-101580,2025-05-24,2025-05,West,Electronics,Smartphone,Corporate,4,28000,0.1,100800.0,84000,16800.0
ORD-103879,2025-05-24,2025-05,North,Accessories,Desk Lamp,Consumer,2,1400,0.05,2660.0,1500,1160.0
ORD-101089,2025-05-24,2025-05,North,Stationery,Pen Set,Small Business,2,300,0.0,600.0,280,320.0
ORD-104597,2025-05-24,2025-05,South,Accessories,Desk Lamp,Consumer,2,1400,0.0,2800.0,1500,1300.0
ORD-103954,2025-05-24,2025-05,South,Accessories,Desk Lamp,Consumer,2,1400,0.05,2660.0,1500,1160.0
ORD-103534,2025-05-24,2025-05,East,Stationery,Notebook Pack,Corporate,1,450,0.0,450.0,250,200.0
ORD-100880,2025-05-24,2025-05,North,Furniture,Study Desk,Consumer,1,12000,0.05,11400.0,8000,3400.0
ORD-104744,2025-05-24,2025-05,South,Electronics,Smartphone,Small Business,2,28000,0.15,47600.0,42000,5600.0
ORD-103418,2025-05-24,2025-05,West,Accessories,Water Bottle,Corporate,1,600,0.0,600.0,280,320.0
ORD-104564,2025-05-24,2025-05,South,Stationery,Notebook Pack,Consumer,3,450,0.15,1147.5,750,397.5
ORD-101608,2025-05-25,2025-05,Central,Electronics,Laptop,Consumer,1,55000,0.0,55000.0,42000,13000.0
ORD-104213,2025-05-25,2025-05,South,Accessories,Water Bottle,Consumer,1,600,0.2,480.0,280,200.0
ORD-101635,2025-05-25,2025-05,South,Furniture,Study Desk,Consumer,1,12000,0.2,9600.0,8000,1600.0
ORD-103693,2025-05-25,2025-05,North,Electronics,Headphones,Consumer,5,3500,0.0,17500.0,10500,7000.0
ORD-101071,2025-05-25,2025-05,South,Accessories,Water Bottle,Corporate,1,600,0.2,480.0,280,200.0
ORD-103949,2025-05-25,2025-05,East,Accessories,Water Bottle,Consumer,4,600,0.15,2040.0,1120,920.0
ORD-101046,2025-05-25,2025-05,North,Electronics,Laptop,Small Business,1,55000,0.05,52250.0,42000,10250.0
ORD-104081,2025-05-25,2025-05,South,Accessories,Backpack,Corporate,1,1800,0.05,1710.0,950,760.0
ORD-103235,2025-05-25,2025-05,East,Accessories,Desk Lamp,Corporate,1,1400,0.0,1400.0,750,650.0
ORD-104779,2025-05-25,2025-05,East,Accessories,Water Bottle,Corporate,2,600,0.0,1200.0,560,640.0
ORD-101390,2025-05-26,2025-05,North,Electronics,Laptop,Consumer,2,55000,0.2,88000.0,84000,4000.0
ORD-102981,2025-05-26,2025-05,North,Stationery,Notebook Pack,Consumer,3,450,0.0,1350.0,750,600.0
ORD-104772,2025-05-26,2025-05,North,Stationery,Notebook Pack,Consumer,2,450,0.0,900.0,500,400.0
ORD-104873,2025-05-27,2025-05,North,Accessories,Backpack,Consumer,1,1800,0.05,1710.0,950,760.0
ORD-102268,2025-05-27,2025-05,South,Stationery,Pen Set,Consumer,1,300,0.0,300.0,140,160.0
ORD-100158,2025-05-27,2025-05,South,Accessories,Water Bottle,Consumer,1,600,0.15,510.0,280,230.0
ORD-100215,2025-05-27,2025-05,East,Accessories,Backpack,Consumer,1,1800,0.0,1800.0,950,850.0
ORD-100663,2025-05-27,2025-05,East,Stationery,Notebook Pack,Consumer,1,450,0.0,450.0,250,200.0
ORD-101490,2025-05-27,2025-05,East,Accessories,Desk Lamp,Consumer,2,1400,0.05,2660.0,1500,1160.0
ORD-103670,2025-05-27,2025-05,Central,Electronics,Headphones,Consumer,1,3500,0.0,3500.0,2100,1400.0
ORD-103683,2025-05-27,2025-05,East,Stationery,Notebook Pack,Consumer,1,450,0.05,427.5,250,177.5
ORD-104426,2025-05-27,2025-05,South,Stationery,Pen Set,Consumer,1,300,0.0,300.0,140,160.0
ORD-101561,2025-05-27,2025-05,South,Electronics,Smartwatch,Corporate,1,9000,0.0,9000.0,6000,3000.0
ORD-100887,2025-05-27,2025-05,Central,Electronics,Smartwatch,Consumer,1,9000,0.0,9000.0,6000,3000.0
ORD-101369,2025-05-27,2025-05,West,Accessories,Water Bottle,Consumer,1,600,0.1,540.0,280,260.0
ORD-103640,2025-05-27,2025-05,West,Stationery,Notebook Pack,Small Business,1,450,0.05,427.5,250,177.5
ORD-102076,2025-05-28,2025-05,East,Electronics,Headphones,Consumer,1,3500,0.05,3325.0,2100,1225.0
ORD-101066,2025-05-28,2025-05,South,Electronics,Laptop,Consumer,2,55000,0.2,88000.0,84000,4000.0
ORD-100585,2025-05-28,2025-05,North,Furniture,Office Chair,Consumer,4,8500,0.15,28900.0,22000,6900.0
ORD-100151,2025-05-28,2025-05,North,Electronics,Smartwatch,Small Business,1,9000,0.05,8550.0,6000,2550.0
ORD-102239,2025-05-28,2025-05,South,Accessories,Desk Lamp,Small Business,1,1400,0.0,1400.0,750,650.0
ORD-104572,2025-05-28,2025-05,North,Stationery,Notebook Pack,Corporate,1,450,0.05,427.5,250,177.5
ORD-102155,2025-05-28,2025-05,West,Electronics,Smartwatch,Consumer,1,9000,0.1,8100.0,6000,2100.0
ORD-101719,2025-05-28,2025-05,South,Furniture,Office Chair,Consumer,2,8500,0.1,15300.0,11000,4300.0
ORD-104166,2025-05-29,2025-05,West,Furniture,Office Chair,Consumer,4,8500,0.0,34000.0,22000,12000.0
ORD-102223,2025-05-29,2025-05,South,Stationery,Notebook Pack,Corporate,2,450,0.0,900.0,500,400.0
ORD-102785,2025-05-29,2025-05,South,Accessories,Backpack,Consumer,1,1800,0.1,1620.0,950,670.0
ORD-104893,2025-05-29,2025-05,West,Accessories,Backpack,Consumer,2,1800,0.1,3240.0,1900,1340.0
ORD-104439,2025-05-29,2025-05,West,Furniture,Office Chair,Small Business,1,8500,0.0,8500.0,5500,3000.0
ORD-102851,2025-05-29,2025-05,West,Furniture,Bookshelf,Small Business,1,6500,0.05,6175.0,4200,1975.0
ORD-103408,2025-05-29,2025-05,East,Electronics,Headphones,Consumer,1,3500,0.0,3500.0,2100,1400.0
ORD-102588,2025-05-29,2025-05,East,Accessories,Desk Lamp,Consumer,1,1400,0.15,1190.0,750,440.0
ORD-102767,2025-05-29,2025-05,South,Accessories,Desk Lamp,Corporate,1,1400,0.0,1400.0,750,650.0
ORD-103226,2025-05-29,2025-05,South,Furniture,Bookshelf,Corporate,1,6500,0.05,6175.0,4200,1975.0
ORD-104778,2025-05-29,2025-05,South,Stationery,Notebook Pack,Consumer,2,450,0.05,855.0,500,355.0
ORD-104021,2025-05-29,2025-05,West,Electronics,Smartwatch,Small Business,1,9000,0.0,9000.0,6000,3000.0
ORD-103349,2025-05-29,2025-05,East,Stationery,Notebook Pack,Consumer,2,450,0.0,900.0,500,400.0
ORD-100189,2025-05-29,2025-05,South,Electronics,Headphones,Corporate,1,3500,0.05,3325.0,2100,1225.0
ORD-101845,2025-05-29,2025-05,North,Electronics,Smartphone,Corporate,3,28000,0.0,84000.0,63000,21000.0
ORD-101753,2025-05-29,2025-05,North,Electronics,Headphones,Consumer,1,3500,0.0,3500.0,2100,1400.0
ORD-100155,2025-05-30,2025-05,South,Furniture,Bookshelf,Corporate,1,6500,0.15,5525.0,4200,1325.0
ORD-104981,2025-05-30,2025-05,East,Furniture,Office Chair,Consumer,1,8500,0.0,8500.0,5500,3000.0
ORD-100637,2025-05-30,2025-05,West,Accessories,Backpack,Consumer,1,1800,0.15,1530.0,950,580.0
ORD-101276,2025-05-30,2025-05,South,Electronics,Smartwatch,Consumer,2,9000,0.1,16200.0,12000,4200.0
ORD-101518,2025-05-30,2025-05,Central,Stationery,Pen Set,Corporate,1,300,0.15,255.0,140,115.0
ORD-103111,2025-05-30,2025-05,South,Stationery,Notebook Pack,Consumer,1,450,0.0,450.0,250,200.0
ORD-103386,2025-05-30,2025-05,Central,Stationery,Pen Set,Consumer,1,300,0.1,270.0,140,130.0
ORD-100693,2025-05-30,2025-05,East,Electronics,Headphones,Consumer,5,3500,0.05,16625.0,10500,6125.0
ORD-100889,2025-05-30,2025-05,South,Electronics,Smartphone,Small Business,1,28000,0.0,28000.0,21000,7000.0
ORD-103232,2025-05-31,2025-05,West,Accessories,Water Bottle,Corporate,1,600,0.05,570.0,280,290.0
ORD-100962,2025-05-31,2025-05,South,Stationery,Notebook Pack,Corporate,4,450,0.0,1800.0,1000,800.0
ORD-100225,2025-05-31,2025-05,North,Stationery,Notebook Pack,Consumer,1,450,0.2,360.0,250,110.0
ORD-102728,2025-06-01,2025-06,Central,Stationery,Pen Set,Consumer,1,300,0.0,300.0,140,160.0
ORD-101887,2025-06-01,2025-06,South,Furniture,Office Chair,Corporate,2,8500,0.05,16150.0,11000,5150.0
ORD-100537,2025-06-01,2025-06,West,Electronics,Smartphone,Corporate,1,28000,0.05,26600.0,21000,5600.0
ORD-100988,2025-06-01,2025-06,West,Accessories,Water Bottle,Corporate,2,600,0.2,960.0,560,400.0
ORD-102810,2025-06-01,2025-06,South,Electronics,Smartwatch,Small Business,1,9000,0.05,8550.0,6000,2550.0
ORD-100666,2025-06-01,2025-06,West,Electronics,Laptop,Consumer,4,55000,0.0,220000.0,168000,52000.0
ORD-101374,2025-06-01,2025-06,North,Accessories,Water Bottle,Consumer,2,600,0.0,1200.0,560,640.0
ORD-104532,2025-06-01,2025-06,South,Electronics,Smartphone,Consumer,1,28000,0.0,28000.0,21000,7000.0
ORD-104808,2025-06-01,2025-06,Central,Stationery,Pen Set,Corporate,1,300,0.15,255.0,140,115.0
ORD-101320,2025-06-01,2025-06,East,Stationery,Pen Set,Small Business,1,300,0.0,300.0,140,160.0
ORD-102612,2025-06-01,2025-06,Central,Electronics,Smartwatch,Corporate,3,9000,0.05,25650.0,18000,7650.0
ORD-104402,2025-06-01,2025-06,East,Electronics,Smartphone,Corporate,1,28000,0.2,22400.0,21000,1400.0
ORD-102001,2025-06-01,2025-06,North,Electronics,Smartphone,Corporate,1,28000,0.0,28000.0,21000,7000.0
ORD-103734,2025-06-01,2025-06,South,Accessories,Backpack,Consumer,3,1800,0.0,5400.0,2850,2550.0
ORD-103151,2025-06-02,2025-06,West,Electronics,Laptop,Small Business,1,55000,0.0,55000.0,42000,13000.0
ORD-104614,2025-06-02,2025-06,Central,Stationery,Notebook Pack,Corporate,2,450,0.0,900.0,500,400.0
ORD-100762,2025-06-02,2025-06,Central,Stationery,Pen Set,Corporate,1,300,0.0,300.0,140,160.0
ORD-104681,2025-06-02,2025-06,North,Electronics,Laptop,Consumer,5,55000,0.0,275000.0,210000,65000.0
ORD-104763,2025-06-02,2025-06,Central,Furniture,Bookshelf,Consumer,1,6500,0.1,5850.0,4200,1650.0
ORD-103121,2025-06-02,2025-06,East,Electronics,Laptop,Small Business,1,55000,0.1,49500.0,42000,7500.0
ORD-100329,2025-06-02,2025-06,East,Accessories,Water Bottle,Consumer,2,600,0.0,1200.0,560,640.0
ORD-103118,2025-06-02,2025-06,North,Accessories,Desk Lamp,Corporate,2,1400,0.1,2520.0,1500,1020.0
ORD-103398,2025-06-02,2025-06,West,Electronics,Laptop,Corporate,1,55000,0.0,55000.0,42000,13000.0
ORD-101397,2025-06-02,2025-06,South,Stationery,Pen Set,Small Business,1,300,0.05,285.0,140,145.0
ORD-103624,2025-06-03,2025-06,North,Stationery,Notebook Pack,Small Business,1,450,0.1,405.0,250,155.0
ORD-102003,2025-06-03,2025-06,West,Accessories,Backpack,Consumer,3,1800,0.0,5400.0,2850,2550.0
ORD-103183,2025-06-03,2025-06,Central,Electronics,Headphones,Consumer,1,3500,0.0,3500.0,2100,1400.0
ORD-103002,2025-06-03,2025-06,North,Accessories,Desk Lamp,Consumer,1,1400,0.1,1260.0,750,510.0
ORD-100319,2025-06-03,2025-06,East,Electronics,Headphones,Corporate,5,3500,0.05,16625.0,10500,6125.0
ORD-101008,2025-06-03,2025-06,East,Stationery,Pen Set,Consumer,1,300,0.0,300.0,140,160.0
ORD-104700,2025-06-03,2025-06,West,Accessories,Desk Lamp,Corporate,3,1400,0.0,4200.0,2250,1950.0
ORD-100105,2025-06-03,2025-06,North,Electronics,Headphones,Small Business,1,3500,0.2,2800.0,2100,700.0
ORD-103068,2025-06-04,2025-06,South,Accessories,Water Bottle,Corporate,4,600,0.05,2280.0,1120,1160.0
ORD-104219,2025-06-04,2025-06,North,Stationery,Notebook Pack,Consumer,4,450,0.0,1800.0,1000,800.0
ORD-100629,2025-06-04,2025-06,North,Stationery,Notebook Pack,Consumer,4,450,0.1,1620.0,1000,620.0
ORD-104974,2025-06-04,2025-06,South,Electronics,Laptop,Corporate,4,55000,0.0,220000.0,168000,52000.0
ORD-103903,2025-06-04,2025-06,West,Accessories,Water Bottle,Consumer,1,600,0.0,600.0,280,320.0
ORD-104647,2025-06-04,2025-06,East,Stationery,Pen Set,Corporate,1,300,0.0,300.0,140,160.0
ORD-102039,2025-06-04,2025-06,West,Electronics,Headphones,Corporate,2,3500,0.2,5600.0,4200,1400.0
ORD-102847,2025-06-04,2025-06,East,Accessories,Water Bottle,Consumer,1,600,0.0,600.0,280,320.0
ORD-104246,2025-06-04,2025-06,South,Electronics,Laptop,Small Business,2,55000,0.05,104500.0,84000,20500.0
ORD-100782,2025-06-04,2025-06,East,Accessories,Water Bottle,Consumer,1,600,0.0,600.0,280,320.0
ORD-101855,2025-06-04,2025-06,South,Electronics,Smartphone,Small Business,4,28000,0.0,112000.0,84000,28000.0
ORD-100141,2025-06-04,2025-06,North,Stationery,Notebook Pack,Small Business,1,450,0.05,427.5,250,177.5
ORD-103270,2025-06-05,2025-06,South,Electronics,Headphones,Consumer,2,3500,0.0,7000.0,4200,2800.0
ORD-104063,2025-06-05,2025-06,South,Stationery,Notebook Pack,Consumer,2,450,0.0,900.0,500,400.0
ORD-103814,2025-06-05,2025-06,West,Stationery,Pen Set,Consumer,1,300,0.1,270.0,140,130.0
ORD-103089,2025-06-05,2025-06,West,Furniture,Bookshelf,Consumer,2,6500,0.1,11700.0,8400,3300.0
ORD-103863,2025-06-06,2025-06,East,Accessories,Water Bottle,Consumer,1,600,0.0,600.0,280,320.0
ORD-100708,2025-06-06,2025-06,West,Stationery,Pen Set,Corporate,2,300,0.0,600.0,280,320.0
ORD-102280,2025-06-06,2025-06,East,Stationery,Notebook Pack,Consumer,2,450,0.1,810.0,500,310.0
ORD-104154,2025-06-06,2025-06,North,Accessories,Backpack,Small Business,3,1800,0.0,5400.0,2850,2550.0
ORD-101778,2025-06-06,2025-06,Central,Accessories,Water Bottle,Consumer,1,600,0.0,600.0,280,320.0
ORD-101543,2025-06-07,2025-06,South,Stationery,Notebook Pack,Consumer,1,450,0.0,450.0,250,200.0
ORD-103536,2025-06-07,2025-06,North,Furniture,Study Desk,Consumer,1,12000,0.05,11400.0,8000,3400.0
ORD-104566,2025-06-07,2025-06,East,Accessories,Desk Lamp,Consumer,1,1400,0.0,1400.0,750,650.0
ORD-102028,2025-06-07,2025-06,South,Stationery,Notebook Pack,Corporate,3,450,0.2,1080.0,750,330.0
ORD-104925,2025-06-07,2025-06,North,Electronics,Smartwatch,Corporate,2,9000,0.0,18000.0,12000,6000.0
ORD-101525,2025-06-07,2025-06,Central,Accessories,Backpack,Corporate,1,1800,0.05,1710.0,950,760.0
ORD-104712,2025-06-07,2025-06,South,Stationery,Notebook Pack,Consumer,2,450,0.1,810.0,500,310.0
ORD-101383,2025-06-08,2025-06,South,Stationery,Pen Set,Consumer,2,300,0.0,600.0,280,320.0
ORD-100929,2025-06-08,2025-06,West,Accessories,Water Bottle,Consumer,1,600,0.2,480.0,280,200.0
ORD-102067,2025-06-08,2025-06,East,Accessories,Desk Lamp,Small Business,3,1400,0.05,3990.0,2250,1740.0
ORD-100579,2025-06-08,2025-06,South,Accessories,Water Bottle,Corporate,2,600,0.2,960.0,560,400.0
ORD-101340,2025-06-08,2025-06,South,Furniture,Bookshelf,Consumer,1,6500,0.0,6500.0,4200,2300.0
ORD-100044,2025-06-08,2025-06,East,Accessories,Backpack,Corporate,1,1800,0.0,1800.0,950,850.0
ORD-103104,2025-06-08,2025-06,West,Stationery,Pen Set,Consumer,1,300,0.0,300.0,140,160.0
ORD-104098,2025-06-08,2025-06,Central,Stationery,Pen Set,Consumer,1,300,0.0,300.0,140,160.0
ORD-100681,2025-06-08,2025-06,East,Accessories,Desk Lamp,Consumer,1,1400,0.0,1400.0,750,650.0
ORD-100184,2025-06-08,2025-06,West,Stationery,Pen Set,Consumer,1,300,0.0,300.0,140,160.0
ORD-102330,2025-06-08,2025-06,North,Stationery,Pen Set,Corporate,3,300,0.0,900.0,420,480.0
ORD-101173,2025-06-09,2025-06,West,Stationery,Pen Set,Small Business,1,300,0.1,270.0,140,130.0
ORD-102190,2025-06-09,2025-06,East,Stationery,Pen Set,Consumer,1,300,0.0,300.0,140,160.0
ORD-102446,2025-06-09,2025-06,East,Stationery,Notebook Pack,Consumer,1,450,0.15,382.5,250,132.5
ORD-103171,2025-06-09,2025-06,West,Stationery,Notebook Pack,Small Business,1,450,0.0,450.0,250,200.0
ORD-103383,2025-06-09,2025-06,West,Stationery,Notebook Pack,Consumer,4,450,0.2,1440.0,1000,440.0
ORD-100908,2025-06-09,2025-06,South,Accessories,Water Bottle,Consumer,1,600,0.05,570.0,280,290.0
ORD-102793,2025-06-09,2025-06,West,Accessories,Desk Lamp,Corporate,1,1400,0.0,1400.0,750,650.0
ORD-102752,2025-06-09,2025-06,North,Electronics,Headphones,Corporate,3,3500,0.1,9450.0,6300,3150.0
ORD-101129,2025-06-09,2025-06,South,Accessories,Water Bottle,Consumer,2,600,0.1,1080.0,560,520.0
ORD-103804,2025-06-09,2025-06,West,Accessories,Backpack,Consumer,1,1800,0.15,1530.0,950,580.0
ORD-101976,2025-06-09,2025-06,West,Stationery,Notebook Pack,Consumer,1,450,0.1,405.0,250,155.0
ORD-101747,2025-06-09,2025-06,North,Electronics,Laptop,Consumer,1,55000,0.2,44000.0,42000,2000.0
ORD-104015,2025-06-09,2025-06,North,Electronics,Headphones,Consumer,1,3500,0.0,3500.0,2100,1400.0
ORD-102025,2025-06-09,2025-06,East,Electronics,Smartphone,Consumer,1,28000,0.2,22400.0,21000,1400.0
ORD-100975,2025-06-10,2025-06,Central,Stationery,Notebook Pack,Small Business,1,450,0.2,360.0,250,110.0
ORD-103719,2025-06-10,2025-06,East,Electronics,Smartphone,Small Business,1,28000,0.0,28000.0,21000,7000.0
ORD-102000,2025-06-10,2025-06,North,Stationery,Pen Set,Corporate,3,300,0.15,765.0,420,345.0
ORD-104498,2025-06-10,2025-06,Central,Furniture,Office Chair,Consumer,2,8500,0.05,16150.0,11000,5150.0
ORD-104490,2025-06-10,2025-06,East,Accessories,Water Bottle,Small Business,2,600,0.1,1080.0,560,520.0
ORD-103363,2025-06-11,2025-06,South,Furniture,Study Desk,Consumer,5,12000,0.0,60000.0,40000,20000.0
ORD-103625,2025-06-11,2025-06,East,Furniture,Bookshelf,Corporate,2,6500,0.0,13000.0,8400,4600.0
ORD-101652,2025-06-11,2025-06,South,Electronics,Smartphone,Consumer,2,28000,0.0,56000.0,42000,14000.0
ORD-103049,2025-06-11,2025-06,North,Stationery,Notebook Pack,Small Business,4,450,0.1,1620.0,1000,620.0
ORD-101812,2025-06-12,2025-06,North,Electronics,Headphones,Small Business,1,3500,0.1,3150.0,2100,1050.0
ORD-102940,2025-06-12,2025-06,South,Electronics,Smartwatch,Corporate,1,9000,0.0,9000.0,6000,3000.0
ORD-103923,2025-06-12,2025-06,West,Electronics,Headphones,Consumer,4,3500,0.1,12600.0,8400,4200.0
ORD-103372,2025-06-12,2025-06,South,Electronics,Laptop,Corporate,1,55000,0.0,55000.0,42000,13000.0
ORD-101118,2025-06-12,2025-06,South,Accessories,Backpack,Consumer,1,1800,0.0,1800.0,950,850.0
ORD-103699,2025-06-12,2025-06,East,Electronics,Smartphone,Corporate,1,28000,0.1,25200.0,21000,4200.0
ORD-100224,2025-06-12,2025-06,South,Electronics,Laptop,Consumer,2,55000,0.05,104500.0,84000,20500.0
ORD-102707,2025-06-12,2025-06,West,Accessories,Backpack,Consumer,1,1800,0.1,1620.0,950,670.0
ORD-103065,2025-06-13,2025-06,North,Stationery,Pen Set,Corporate,1,300,0.0,300.0,140,160.0
ORD-101144,2025-06-13,2025-06,West,Electronics,Laptop,Consumer,2,55000,0.0,110000.0,84000,26000.0
ORD-102680,2025-06-13,2025-06,Central,Accessories,Backpack,Consumer,4,1800,0.0,7200.0,3800,3400.0
ORD-104599,2025-06-14,2025-06,South,Accessories,Desk Lamp,Corporate,1,1400,0.0,1400.0,750,650.0
ORD-103052,2025-06-14,2025-06,Central,Accessories,Desk Lamp,Corporate,2,1400,0.0,2800.0,1500,1300.0
ORD-100926,2025-06-14,2025-06,West,Accessories,Water Bottle,Consumer,1,600,0.0,600.0,280,320.0
ORD-103522,2025-06-14,2025-06,North,Electronics,Smartphone,Consumer,4,28000,0.1,100800.0,84000,16800.0
ORD-100911,2025-06-14,2025-06,Central,Stationery,Pen Set,Corporate,5,300,0.0,1500.0,700,800.0
ORD-101260,2025-06-14,2025-06,North,Electronics,Smartwatch,Consumer,1,9000,0.1,8100.0,6000,2100.0
ORD-100638,2025-06-14,2025-06,North,Accessories,Backpack,Corporate,3,1800,0.0,5400.0,2850,2550.0
ORD-104005,2025-06-14,2025-06,South,Accessories,Water Bottle,Consumer,1,600,0.1,540.0,280,260.0
ORD-104530,2025-06-14,2025-06,North,Stationery,Notebook Pack,Corporate,1,450,0.1,405.0,250,155.0
ORD-103144,2025-06-14,2025-06,Central,Electronics,Smartphone,Consumer,3,28000,0.1,75600.0,63000,12600.0
ORD-102450,2025-06-15,2025-06,East,Accessories,Water Bottle,Small Business,1,600,0.0,600.0,280,320.0
ORD-101936,2025-06-15,2025-06,South,Accessories,Backpack,Consumer,1,1800,0.1,1620.0,950,670.0
ORD-103120,2025-06-15,2025-06,South,Stationery,Pen Set,Small Business,3,300,0.0,900.0,420,480.0
ORD-103367,2025-06-15,2025-06,West,Accessories,Water Bottle,Consumer,1,600,0.05,570.0,280,290.0
ORD-103073,2025-06-15,2025-06,West,Stationery,Notebook Pack,Small Business,3,450,0.05,1282.5,750,532.5
ORD-101412,2025-06-15,2025-06,West,Electronics,Smartphone,Corporate,2,28000,0.2,44800.0,42000,2800.0
ORD-104031,2025-06-15,2025-06,West,Accessories,Water Bottle,Corporate,1,600,0.0,600.0,280,320.0
ORD-100309,2025-06-15,2025-06,West,Furniture,Office Chair,Consumer,3,8500,0.1,22950.0,16500,6450.0
ORD-103346,2025-06-15,2025-06,West,Stationery,Notebook Pack,Corporate,1,450,0.0,450.0,250,200.0
ORD-102617,2025-06-15,2025-06,West,Electronics,Headphones,Corporate,1,3500,0.0,3500.0,2100,1400.0
ORD-100871,2025-06-15,2025-06,South,Stationery,Pen Set,Consumer,2,300,0.05,570.0,280,290.0
ORD-104680,2025-06-15,2025-06,East,Stationery,Notebook Pack,Corporate,1,450,0.0,450.0,250,200.0
ORD-101533,2025-06-16,2025-06,North,Electronics,Smartphone,Consumer,4,28000,0.1,100800.0,84000,16800.0
ORD-103754,2025-06-16,2025-06,Central,Electronics,Headphones,Corporate,1,3500,0.0,3500.0,2100,1400.0
ORD-100992,2025-06-16,2025-06,South,Accessories,Water Bottle,Small Business,3,600,0.0,1800.0,840,960.0
ORD-102596,2025-06-16,2025-06,North,Stationery,Pen Set,Consumer,4,300,0.0,1200.0,560,640.0
ORD-103361,2025-06-16,2025-06,North,Furniture,Study Desk,Corporate,1,12000,0.05,11400.0,8000,3400.0
ORD-100935,2025-06-16,2025-06,West,Electronics,Headphones,Consumer,1,3500,0.05,3325.0,2100,1225.0
ORD-104130,2025-06-16,2025-06,South,Electronics,Laptop,Consumer,1,55000,0.15,46750.0,42000,4750.0
ORD-102004,2025-06-16,2025-06,South,Stationery,Notebook Pack,Small Business,2,450,0.05,855.0,500,355.0
ORD-103911,2025-06-16,2025-06,West,Electronics,Headphones,Corporate,4,3500,0.0,14000.0,8400,5600.0
ORD-100061,2025-06-16,2025-06,Central,Electronics,Laptop,Consumer,2,55000,0.0,110000.0,84000,26000.0
ORD-103974,2025-06-16,2025-06,South,Accessories,Backpack,Consumer,1,1800,0.0,1800.0,950,850.0
ORD-100940,2025-06-17,2025-06,South,Stationery,Pen Set,Consumer,3,300,0.0,900.0,420,480.0
ORD-101972,2025-06-17,2025-06,North,Furniture,Study Desk,Corporate,5,12000,0.05,57000.0,40000,17000.0
ORD-101208,2025-06-17,2025-06,South,Electronics,Laptop,Corporate,1,55000,0.0,55000.0,42000,13000.0
ORD-101227,2025-06-17,2025-06,Central,Accessories,Desk Lamp,Small Business,1,1400,0.1,1260.0,750,510.0
ORD-103556,2025-06-17,2025-06,North,Electronics,Headphones,Consumer,2,3500,0.05,6650.0,4200,2450.0
ORD-100527,2025-06-17,2025-06,North,Electronics,Smartphone,Corporate,5,28000,0.15,119000.0,105000,14000.0
ORD-102958,2025-06-17,2025-06,North,Furniture,Office Chair,Consumer,1,8500,0.0,8500.0,5500,3000.0
ORD-101219,2025-06-17,2025-06,North,Stationery,Notebook Pack,Corporate,4,450,0.1,1620.0,1000,620.0
ORD-104839,2025-06-17,2025-06,West,Furniture,Office Chair,Small Business,4,8500,0.1,30600.0,22000,8600.0
ORD-101596,2025-06-17,2025-06,North,Stationery,Notebook Pack,Consumer,3,450,0.05,1282.5,750,532.5
ORD-102771,2025-06-18,2025-06,West,Stationery,Pen Set,Corporate,1,300,0.05,285.0,140,145.0
ORD-104077,2025-06-18,2025-06,West,Electronics,Smartphone,Consumer,1,28000,0.0,28000.0,21000,7000.0
ORD-102607,2025-06-18,2025-06,East,Accessories,Water Bottle,Consumer,5,600,0.1,2700.0,1400,1300.0
ORD-102375,2025-06-18,2025-06,North,Accessories,Backpack,Corporate,3,1800,0.0,5400.0,2850,2550.0
ORD-103460,2025-06-18,2025-06,Central,Accessories,Desk Lamp,Consumer,3,1400,0.0,4200.0,2250,1950.0
ORD-102316,2025-06-18,2025-06,North,Stationery,Notebook Pack,Consumer,2,450,0.15,765.0,500,265.0
ORD-102480,2025-06-18,2025-06,South,Accessories,Water Bottle,Corporate,2,600,0.0,1200.0,560,640.0
ORD-103972,2025-06-18,2025-06,South,Accessories,Backpack,Corporate,1,1800,0.05,1710.0,950,760.0
ORD-101563,2025-06-18,2025-06,East,Stationery,Notebook Pack,Consumer,1,450,0.15,382.5,250,132.5
ORD-102285,2025-06-19,2025-06,East,Accessories,Backpack,Consumer,3,1800,0.15,4590.0,2850,1740.0
ORD-103707,2025-06-19,2025-06,East,Electronics,Smartwatch,Corporate,5,9000,0.1,40500.0,30000,10500.0
ORD-100492,2025-06-19,2025-06,East,Electronics,Smartwatch,Corporate,1,9000,0.15,7650.0,6000,1650.0
ORD-103482,2025-06-19,2025-06,Central,Stationery,Pen Set,Small Business,2,300,0.0,600.0,280,320.0
ORD-103035,2025-06-19,2025-06,North,Stationery,Pen Set,Small Business,3,300,0.0,900.0,420,480.0
ORD-103034,2025-06-19,2025-06,West,Electronics,Laptop,Corporate,1,55000,0.1,49500.0,42000,7500.0
ORD-102108,2025-06-19,2025-06,West,Stationery,Notebook Pack,Corporate,2,450,0.1,810.0,500,310.0
ORD-101358,2025-06-19,2025-06,Central,Accessories,Backpack,Consumer,1,1800,0.0,1800.0,950,850.0
ORD-100617,2025-06-19,2025-06,South,Accessories,Water Bottle,Corporate,5,600,0.0,3000.0,1400,1600.0
ORD-104310,2025-06-19,2025-06,South,Electronics,Headphones,Corporate,2,3500,0.05,6650.0,4200,2450.0
ORD-103530,2025-06-20,2025-06,Central,Accessories,Water Bottle,Consumer,1,600,0.1,540.0,280,260.0
ORD-102525,2025-06-20,2025-06,East,Stationery,Pen Set,Corporate,1,300,0.2,240.0,140,100.0
ORD-100601,2025-06-20,2025-06,South,Electronics,Headphones,Small Business,1,3500,0.05,3325.0,2100,1225.0
ORD-100149,2025-06-20,2025-06,North,Furniture,Bookshelf,Consumer,4,6500,0.0,26000.0,16800,9200.0
ORD-103603,2025-06-20,2025-06,North,Stationery,Notebook Pack,Corporate,3,450,0.0,1350.0,750,600.0
ORD-102176,2025-06-20,2025-06,Central,Electronics,Laptop,Consumer,1,55000,0.15,46750.0,42000,4750.0
ORD-102567,2025-06-21,2025-06,North,Electronics,Smartphone,Small Business,1,28000,0.05,26600.0,21000,5600.0
ORD-102206,2025-06-21,2025-06,South,Accessories,Water Bottle,Consumer,1,600,0.15,510.0,280,230.0
ORD-103675,2025-06-21,2025-06,South,Stationery,Notebook Pack,Consumer,1,450,0.05,427.5,250,177.5
ORD-104435,2025-06-21,2025-06,South,Furniture,Study Desk,Corporate,1,12000,0.15,10200.0,8000,2200.0
ORD-100687,2025-06-21,2025-06,Central,Electronics,Smartphone,Consumer,1,28000,0.0,28000.0,21000,7000.0
ORD-100323,2025-06-21,2025-06,Central,Electronics,Laptop,Small Business,4,55000,0.05,209000.0,168000,41000.0
ORD-102291,2025-06-21,2025-06,North,Furniture,Bookshelf,Corporate,3,6500,0.1,17550.0,12600,4950.0
ORD-100487,2025-06-21,2025-06,West,Accessories,Desk Lamp,Consumer,3,1400,0.05,3990.0,2250,1740.0
ORD-100064,2025-06-21,2025-06,West,Electronics,Headphones,Consumer,4,3500,0.05,13300.0,8400,4900.0
ORD-100236,2025-06-21,2025-06,West,Accessories,Backpack,Consumer,1,1800,0.05,1710.0,950,760.0
ORD-104330,2025-06-21,2025-06,West,Electronics,Headphones,Consumer,1,3500,0.1,3150.0,2100,1050.0
ORD-102217,2025-06-22,2025-06,West,Stationery,Pen Set,Small Business,2,300,0.0,600.0,280,320.0
ORD-100386,2025-06-22,2025-06,South,Electronics,Smartphone,Consumer,4,28000,0.1,100800.0,84000,16800.0
ORD-102861,2025-06-22,2025-06,North,Accessories,Desk Lamp,Consumer,1,1400,0.1,1260.0,750,510.0
ORD-100379,2025-06-22,2025-06,South,Accessories,Backpack,Consumer,3,1800,0.0,5400.0,2850,2550.0
ORD-101999,2025-06-22,2025-06,East,Furniture,Office Chair,Consumer,1,8500,0.0,8500.0,5500,3000.0
ORD-103708,2025-06-22,2025-06,North,Accessories,Desk Lamp,Small Business,1,1400,0.1,1260.0,750,510.0
ORD-102897,2025-06-22,2025-06,East,Accessories,Water Bottle,Small Business,1,600,0.0,600.0,280,320.0
ORD-102868,2025-06-22,2025-06,South,Stationery,Pen Set,Consumer,3,300,0.05,855.0,420,435.0
ORD-102598,2025-06-23,2025-06,Central,Stationery,Notebook Pack,Corporate,2,450,0.2,720.0,500,220.0
ORD-100656,2025-06-23,2025-06,West,Stationery,Notebook Pack,Consumer,1,450,0.2,360.0,250,110.0
ORD-104543,2025-06-23,2025-06,South,Electronics,Smartwatch,Consumer,2,9000,0.0,18000.0,12000,6000.0
ORD-104820,2025-06-23,2025-06,East,Furniture,Office Chair,Consumer,1,8500,0.15,7225.0,5500,1725.0
ORD-104197,2025-06-23,2025-06,Central,Accessories,Backpack,Consumer,2,1800,0.0,3600.0,1900,1700.0
ORD-101850,2025-06-24,2025-06,South,Electronics,Smartwatch,Small Business,1,9000,0.05,8550.0,6000,2550.0
ORD-100144,2025-06-24,2025-06,South,Stationery,Pen Set,Corporate,2,300,0.0,600.0,280,320.0
ORD-103020,2025-06-24,2025-06,East,Stationery,Pen Set,Consumer,2,300,0.0,600.0,280,320.0
ORD-104505,2025-06-24,2025-06,South,Stationery,Notebook Pack,Consumer,1,450,0.0,450.0,250,200.0
ORD-100669,2025-06-24,2025-06,West,Electronics,Smartphone,Consumer,1,28000,0.05,26600.0,21000,5600.0
ORD-102490,2025-06-24,2025-06,North,Accessories,Backpack,Small Business,2,1800,0.05,3420.0,1900,1520.0
ORD-101526,2025-06-24,2025-06,North,Electronics,Smartphone,Consumer,2,28000,0.15,47600.0,42000,5600.0
ORD-103607,2025-06-24,2025-06,South,Stationery,Pen Set,Consumer,2,300,0.1,540.0,280,260.0
ORD-100466,2025-06-24,2025-06,West,Stationery,Notebook Pack,Small Business,1,450,0.0,450.0,250,200.0
ORD-100288,2025-06-25,2025-06,North,Stationery,Pen Set,Corporate,1,300,0.0,300.0,140,160.0
ORD-102675,2025-06-25,2025-06,East,Accessories,Backpack,Corporate,1,1800,0.0,1800.0,950,850.0
ORD-103763,2025-06-25,2025-06,West,Accessories,Desk Lamp,Consumer,1,1400,0.1,1260.0,750,510.0
ORD-103053,2025-06-25,2025-06,West,Stationery,Pen Set,Corporate,2,300,0.05,570.0,280,290.0
ORD-101069,2025-06-25,2025-06,South,Stationery,Notebook Pack,Consumer,2,450,0.15,765.0,500,265.0
ORD-102094,2025-06-25,2025-06,South,Stationery,Pen Set,Small Business,3,300,0.0,900.0,420,480.0
ORD-103011,2025-06-25,2025-06,South,Stationery,Pen Set,Small Business,2,300,0.1,540.0,280,260.0
ORD-103500,2025-06-25,2025-06,South,Electronics,Headphones,Corporate,3,3500,0.05,9975.0,6300,3675.0
ORD-101169,2025-06-25,2025-06,North,Electronics,Smartphone,Corporate,2,28000,0.0,56000.0,42000,14000.0
ORD-104561,2025-06-25,2025-06,North,Electronics,Smartphone,Consumer,4,28000,0.0,112000.0,84000,28000.0
ORD-102833,2025-06-26,2025-06,West,Furniture,Bookshelf,Consumer,2,6500,0.15,11050.0,8400,2650.0
ORD-103181,2025-06-26,2025-06,North,Electronics,Laptop,Consumer,1,55000,0.15,46750.0,42000,4750.0
ORD-102433,2025-06-26,2025-06,North,Stationery,Pen Set,Consumer,1,300,0.1,270.0,140,130.0
ORD-100964,2025-06-26,2025-06,South,Accessories,Water Bottle,Corporate,4,600,0.0,2400.0,1120,1280.0
ORD-104502,2025-06-26,2025-06,East,Electronics,Laptop,Corporate,2,55000,0.05,104500.0,84000,20500.0
ORD-104821,2025-06-26,2025-06,West,Electronics,Laptop,Consumer,1,55000,0.1,49500.0,42000,7500.0
ORD-104041,2025-06-26,2025-06,South,Electronics,Headphones,Consumer,1,3500,0.1,3150.0,2100,1050.0
ORD-100696,2025-06-26,2025-06,South,Accessories,Desk Lamp,Small Business,1,1400,0.1,1260.0,750,510.0
ORD-102424,2025-06-26,2025-06,South,Stationery,Pen Set,Consumer,1,300,0.05,285.0,140,145.0
ORD-104783,2025-06-27,2025-06,Central,Stationery,Pen Set,Consumer,1,300,0.05,285.0,140,145.0
ORD-102755,2025-06-27,2025-06,West,Accessories,Water Bottle,Consumer,2,600,0.0,1200.0,560,640.0
ORD-100019,2025-06-27,2025-06,West,Electronics,Smartwatch,Corporate,1,9000,0.1,8100.0,6000,2100.0
ORD-102998,2025-06-27,2025-06,Central,Furniture,Study Desk,Corporate,3,12000,0.0,36000.0,24000,12000.0
ORD-100110,2025-06-27,2025-06,Central,Electronics,Smartwatch,Corporate,4,9000,0.05,34200.0,24000,10200.0
ORD-102208,2025-06-28,2025-06,South,Furniture,Study Desk,Corporate,2,12000,0.05,22800.0,16000,6800.0
ORD-103638,2025-06-28,2025-06,East,Stationery,Pen Set,Corporate,1,300,0.1,270.0,140,130.0
ORD-103159,2025-06-28,2025-06,West,Electronics,Headphones,Corporate,1,3500,0.0,3500.0,2100,1400.0
ORD-100022,2025-06-28,2025-06,Central,Accessories,Water Bottle,Consumer,1,600,0.1,540.0,280,260.0
ORD-101269,2025-06-28,2025-06,East,Electronics,Smartwatch,Consumer,2,9000,0.1,16200.0,12000,4200.0
ORD-101829,2025-06-28,2025-06,South,Electronics,Laptop,Consumer,1,55000,0.0,55000.0,42000,13000.0
ORD-104962,2025-06-28,2025-06,South,Accessories,Water Bottle,Corporate,1,600,0.0,600.0,280,320.0
ORD-100416,2025-06-29,2025-06,South,Stationery,Pen Set,Consumer,3,300,0.0,900.0,420,480.0
ORD-102303,2025-06-29,2025-06,West,Stationery,Pen Set,Consumer,2,300,0.05,570.0,280,290.0
ORD-100269,2025-06-29,2025-06,South,Stationery,Notebook Pack,Consumer,1,450,0.05,427.5,250,177.5
ORD-104060,2025-06-29,2025-06,Central,Accessories,Backpack,Corporate,2,1800,0.05,3420.0,1900,1520.0
ORD-102532,2025-06-29,2025-06,South,Electronics,Smartphone,Consumer,4,28000,0.2,89600.0,84000,5600.0
ORD-100916,2025-06-29,2025-06,Central,Electronics,Smartphone,Consumer,2,28000,0.05,53200.0,42000,11200.0
ORD-100250,2025-06-29,2025-06,South,Stationery,Pen Set,Consumer,3,300,0.1,810.0,420,390.0
ORD-100896,2025-06-29,2025-06,Central,Electronics,Smartphone,Corporate,3,28000,0.0,84000.0,63000,21000.0
ORD-102709,2025-06-29,2025-06,West,Furniture,Office Chair,Consumer,1,8500,0.0,8500.0,5500,3000.0
ORD-104120,2025-06-29,2025-06,West,Stationery,Pen Set,Consumer,1,300,0.1,270.0,140,130.0
ORD-102665,2025-06-30,2025-06,South,Furniture,Office Chair,Consumer,1,8500,0.05,8075.0,5500,2575.0
ORD-104104,2025-06-30,2025-06,North,Accessories,Backpack,Consumer,1,1800,0.15,1530.0,950,580.0
ORD-101816,2025-06-30,2025-06,South,Stationery,Pen Set,Consumer,1,300,0.1,270.0,140,130.0
ORD-104128,2025-06-30,2025-06,West,Stationery,Pen Set,Small Business,2,300,0.0,600.0,280,320.0
ORD-104295,2025-06-30,2025-06,Central,Accessories,Backpack,Consumer,2,1800,0.1,3240.0,1900,1340.0
ORD-102565,2025-06-30,2025-06,West,Accessories,Backpack,Corporate,3,1800,0.0,5400.0,2850,2550.0
ORD-102362,2025-06-30,2025-06,East,Stationery,Pen Set,Small Business,4,300,0.0,1200.0,560,640.0
ORD-101070,2025-06-30,2025-06,Central,Electronics,Smartwatch,Consumer,1,9000,0.05,8550.0,6000,2550.0
ORD-103800,2025-06-30,2025-06,West,Accessories,Water Bottle,Consumer,1,600,0.0,600.0,280,320.0
ORD-104897,2025-07-01,2025-07,West,Electronics,Headphones,Corporate,2,3500,0.0,7000.0,4200,2800.0
ORD-101021,2025-07-01,2025-07,West,Electronics,Laptop,Corporate,2,55000,0.05,104500.0,84000,20500.0
ORD-104794,2025-07-01,2025-07,East,Electronics,Headphones,Corporate,2,3500,0.15,5950.0,4200,1750.0
ORD-102640,2025-07-01,2025-07,South,Furniture,Bookshelf,Consumer,1,6500,0.0,6500.0,4200,2300.0
ORD-104793,2025-07-01,2025-07,South,Stationery,Pen Set,Consumer,1,300,0.05,285.0,140,145.0
ORD-104396,2025-07-01,2025-07,North,Accessories,Water Bottle,Corporate,1,600,0.0,600.0,280,320.0
ORD-103060,2025-07-01,2025-07,East,Accessories,Backpack,Consumer,2,1800,0.0,3600.0,1900,1700.0
ORD-101803,2025-07-01,2025-07,South,Accessories,Desk Lamp,Corporate,4,1400,0.0,5600.0,3000,2600.0
ORD-102228,2025-07-01,2025-07,Central,Stationery,Notebook Pack,Consumer,2,450,0.1,810.0,500,310.0
ORD-104018,2025-07-01,2025-07,North,Accessories,Desk Lamp,Consumer,1,1400,0.0,1400.0,750,650.0
ORD-101878,2025-07-01,2025-07,West,Stationery,Pen Set,Consumer,5,300,0.1,1350.0,700,650.0
ORD-100967,2025-07-01,2025-07,North,Stationery,Pen Set,Consumer,1,300,0.1,270.0,140,130.0
ORD-102942,2025-07-01,2025-07,Central,Electronics,Laptop,Corporate,1,55000,0.1,49500.0,42000,7500.0
ORD-103533,2025-07-02,2025-07,West,Furniture,Office Chair,Consumer,4,8500,0.1,30600.0,22000,8600.0
ORD-104683,2025-07-02,2025-07,West,Electronics,Smartphone,Small Business,1,28000,0.05,26600.0,21000,5600.0
ORD-102557,2025-07-02,2025-07,East,Stationery,Pen Set,Consumer,2,300,0.05,570.0,280,290.0
ORD-101974,2025-07-02,2025-07,East,Electronics,Headphones,Consumer,2,3500,0.1,6300.0,4200,2100.0
ORD-102522,2025-07-02,2025-07,East,Stationery,Pen Set,Consumer,1,300,0.0,300.0,140,160.0
ORD-101188,2025-07-03,2025-07,North,Electronics,Smartwatch,Corporate,1,9000,0.1,8100.0,6000,2100.0
ORD-104874,2025-07-03,2025-07,East,Accessories,Backpack,Consumer,1,1800,0.05,1710.0,950,760.0
ORD-103765,2025-07-03,2025-07,West,Stationery,Notebook Pack,Corporate,2,450,0.0,900.0,500,400.0
ORD-103162,2025-07-03,2025-07,South,Stationery,Notebook Pack,Corporate,3,450,0.0,1350.0,750,600.0
ORD-102715,2025-07-03,2025-07,Central,Electronics,Smartphone,Consumer,1,28000,0.0,28000.0,21000,7000.0
ORD-102229,2025-07-03,2025-07,South,Electronics,Smartwatch,Consumer,1,9000,0.2,7200.0,6000,1200.0
ORD-100143,2025-07-03,2025-07,West,Furniture,Bookshelf,Consumer,2,6500,0.15,11050.0,8400,2650.0
ORD-102226,2025-07-03,2025-07,West,Furniture,Office Chair,Corporate,3,8500,0.0,25500.0,16500,9000.0
ORD-100741,2025-07-03,2025-07,East,Accessories,Backpack,Corporate,2,1800,0.15,3060.0,1900,1160.0
ORD-102445,2025-07-04,2025-07,West,Electronics,Laptop,Consumer,1,55000,0.0,55000.0,42000,13000.0
ORD-103548,2025-07-04,2025-07,South,Accessories,Water Bottle,Small Business,5,600,0.1,2700.0,1400,1300.0
ORD-104618,2025-07-04,2025-07,West,Accessories,Backpack,Corporate,1,1800,0.0,1800.0,950,850.0
ORD-102919,2025-07-04,2025-07,South,Stationery,Notebook Pack,Small Business,2,450,0.0,900.0,500,400.0
ORD-102725,2025-07-04,2025-07,North,Accessories,Water Bottle,Small Business,3,600,0.0,1800.0,840,960.0
ORD-101675,2025-07-05,2025-07,West,Electronics,Headphones,Consumer,4,3500,0.0,14000.0,8400,5600.0
ORD-103835,2025-07-05,2025-07,North,Stationery,Pen Set,Small Business,2,300,0.0,600.0,280,320.0
ORD-100036,2025-07-05,2025-07,East,Accessories,Water Bottle,Consumer,2,600,0.0,1200.0,560,640.0
ORD-100016,2025-07-05,2025-07,North,Electronics,Laptop,Consumer,2,55000,0.15,93500.0,84000,9500.0
ORD-102909,2025-07-05,2025-07,East,Accessories,Water Bottle,Consumer,1,600,0.2,480.0,280,200.0
ORD-102183,2025-07-05,2025-07,West,Furniture,Bookshelf,Consumer,2,6500,0.1,11700.0,8400,3300.0
ORD-101722,2025-07-05,2025-07,West,Stationery,Notebook Pack,Corporate,1,450,0.0,450.0,250,200.0
ORD-102908,2025-07-05,2025-07,South,Accessories,Backpack,Corporate,3,1800,0.05,5130.0,2850,2280.0
ORD-104581,2025-07-05,2025-07,East,Electronics,Laptop,Consumer,1,55000,0.0,55000.0,42000,13000.0
ORD-101651,2025-07-05,2025-07,West,Stationery,Pen Set,Consumer,2,300,0.05,570.0,280,290.0
ORD-102215,2025-07-06,2025-07,East,Stationery,Notebook Pack,Consumer,4,450,0.1,1620.0,1000,620.0
ORD-104179,2025-07-06,2025-07,North,Electronics,Smartwatch,Consumer,2,9000,0.0,18000.0,12000,6000.0
ORD-101910,2025-07-06,2025-07,South,Accessories,Water Bottle,Small Business,2,600,0.1,1080.0,560,520.0
ORD-101657,2025-07-06,2025-07,South,Accessories,Desk Lamp,Consumer,1,1400,0.1,1260.0,750,510.0
ORD-101730,2025-07-06,2025-07,South,Stationery,Pen Set,Corporate,3,300,0.05,855.0,420,435.0
ORD-102376,2025-07-06,2025-07,East,Electronics,Smartphone,Consumer,1,28000,0.0,28000.0,21000,7000.0
ORD-102180,2025-07-06,2025-07,South,Electronics,Smartwatch,Small Business,4,9000,0.2,28800.0,24000,4800.0
ORD-103190,2025-07-07,2025-07,West,Accessories,Water Bottle,Consumer,2,600,0.0,1200.0,560,640.0
ORD-103012,2025-07-07,2025-07,East,Accessories,Backpack,Corporate,1,1800,0.1,1620.0,950,670.0
ORD-103934,2025-07-07,2025-07,East,Stationery,Pen Set,Consumer,1,300,0.1,270.0,140,130.0
ORD-104777,2025-07-07,2025-07,Central,Electronics,Laptop,Consumer,1,55000,0.1,49500.0,42000,7500.0
ORD-104220,2025-07-07,2025-07,North,Stationery,Pen Set,Consumer,3,300,0.0,900.0,420,480.0
ORD-104533,2025-07-07,2025-07,West,Stationery,Notebook Pack,Small Business,2,450,0.05,855.0,500,355.0
ORD-103966,2025-07-07,2025-07,East,Accessories,Desk Lamp,Consumer,1,1400,0.05,1330.0,750,580.0
ORD-101527,2025-07-07,2025-07,West,Accessories,Water Bottle,Corporate,3,600,0.15,1530.0,840,690.0
ORD-104903,2025-07-07,2025-07,East,Electronics,Headphones,Consumer,1,3500,0.0,3500.0,2100,1400.0
ORD-101436,2025-07-07,2025-07,East,Stationery,Notebook Pack,Corporate,2,450,0.1,810.0,500,310.0
ORD-103560,2025-07-07,2025-07,North,Electronics,Smartphone,Corporate,5,28000,0.0,140000.0,105000,35000.0
ORD-103907,2025-07-08,2025-07,East,Electronics,Laptop,Corporate,2,55000,0.1,99000.0,84000,15000.0
ORD-100502,2025-07-08,2025-07,South,Accessories,Backpack,Consumer,1,1800,0.2,1440.0,950,490.0
ORD-102323,2025-07-08,2025-07,West,Stationery,Pen Set,Consumer,2,300,0.0,600.0,280,320.0
ORD-102403,2025-07-09,2025-07,South,Electronics,Smartwatch,Corporate,1,9000,0.0,9000.0,6000,3000.0
ORD-102997,2025-07-09,2025-07,South,Accessories,Water Bottle,Corporate,3,600,0.0,1800.0,840,960.0
ORD-103182,2025-07-09,2025-07,North,Electronics,Smartphone,Consumer,1,28000,0.15,23800.0,21000,2800.0
ORD-101262,2025-07-09,2025-07,North,Stationery,Pen Set,Small Business,4,300,0.0,1200.0,560,640.0
ORD-100084,2025-07-09,2025-07,North,Electronics,Laptop,Consumer,1,55000,0.05,52250.0,42000,10250.0
ORD-104828,2025-07-09,2025-07,West,Stationery,Pen Set,Small Business,5,300,0.1,1350.0,700,650.0
ORD-104593,2025-07-10,2025-07,South,Stationery,Notebook Pack,Consumer,3,450,0.1,1215.0,750,465.0
ORD-102697,2025-07-10,2025-07,West,Accessories,Water Bottle,Corporate,4,600,0.05,2280.0,1120,1160.0
ORD-104575,2025-07-10,2025-07,South,Furniture,Office Chair,Consumer,4,8500,0.1,30600.0,22000,8600.0
ORD-100046,2025-07-10,2025-07,South,Electronics,Headphones,Consumer,1,3500,0.0,3500.0,2100,1400.0
ORD-103416,2025-07-10,2025-07,West,Electronics,Smartphone,Consumer,3,28000,0.0,84000.0,63000,21000.0
ORD-101702,2025-07-10,2025-07,South,Electronics,Smartphone,Consumer,4,28000,0.1,100800.0,84000,16800.0
ORD-101530,2025-07-10,2025-07,East,Accessories,Desk Lamp,Corporate,1,1400,0.0,1400.0,750,650.0
ORD-104631,2025-07-10,2025-07,West,Accessories,Backpack,Consumer,4,1800,0.1,6480.0,3800,2680.0
ORD-103715,2025-07-10,2025-07,West,Electronics,Headphones,Corporate,5,3500,0.0,17500.0,10500,7000.0
ORD-100761,2025-07-10,2025-07,Central,Furniture,Bookshelf,Consumer,1,6500,0.05,6175.0,4200,1975.0
ORD-102143,2025-07-11,2025-07,South,Electronics,Headphones,Corporate,3,3500,0.05,9975.0,6300,3675.0
ORD-104641,2025-07-11,2025-07,East,Accessories,Backpack,Small Business,1,1800,0.15,1530.0,950,580.0
ORD-103752,2025-07-11,2025-07,South,Electronics,Smartwatch,Consumer,4,9000,0.2,28800.0,24000,4800.0
ORD-103570,2025-07-11,2025-07,South,Electronics,Headphones,Consumer,1,3500,0.0,3500.0,2100,1400.0
ORD-103348,2025-07-11,2025-07,South,Stationery,Notebook Pack,Small Business,1,450,0.0,450.0,250,200.0
ORD-104864,2025-07-11,2025-07,West,Accessories,Backpack,Corporate,1,1800,0.2,1440.0,950,490.0
ORD-100102,2025-07-11,2025-07,East,Accessories,Desk Lamp,Consumer,1,1400,0.05,1330.0,750,580.0
ORD-102428,2025-07-11,2025-07,West,Electronics,Smartwatch,Small Business,1,9000,0.1,8100.0,6000,2100.0
ORD-103072,2025-07-11,2025-07,West,Electronics,Headphones,Small Business,1,3500,0.2,2800.0,2100,700.0
ORD-102619,2025-07-11,2025-07,South,Stationery,Pen Set,Consumer,1,300,0.0,300.0,140,160.0
ORD-102669,2025-07-12,2025-07,South,Electronics,Smartphone,Corporate,1,28000,0.0,28000.0,21000,7000.0
ORD-101775,2025-07-12,2025-07,South,Furniture,Office Chair,Consumer,2,8500,0.05,16150.0,11000,5150.0
ORD-104168,2025-07-12,2025-07,South,Electronics,Headphones,Consumer,5,3500,0.0,17500.0,10500,7000.0
ORD-104235,2025-07-12,2025-07,South,Accessories,Desk Lamp,Consumer,5,1400,0.0,7000.0,3750,3250.0
ORD-104890,2025-07-12,2025-07,West,Stationery,Pen Set,Consumer,2,300,0.15,510.0,280,230.0
ORD-104424,2025-07-12,2025-07,Central,Furniture,Study Desk,Consumer,2,12000,0.05,22800.0,16000,6800.0
ORD-101039,2025-07-12,2025-07,West,Accessories,Backpack,Consumer,1,1800,0.0,1800.0,950,850.0
ORD-104183,2025-07-12,2025-07,West,Furniture,Study Desk,Small Business,1,12000,0.0,12000.0,8000,4000.0
ORD-102105,2025-07-13,2025-07,North,Accessories,Water Bottle,Corporate,1,600,0.05,570.0,280,290.0
ORD-102614,2025-07-13,2025-07,South,Accessories,Water Bottle,Corporate,2,600,0.0,1200.0,560,640.0
ORD-100253,2025-07-13,2025-07,North,Furniture,Bookshelf,Corporate,1,6500,0.1,5850.0,4200,1650.0
ORD-102258,2025-07-13,2025-07,West,Stationery,Notebook Pack,Corporate,1,450,0.05,427.5,250,177.5
ORD-103702,2025-07-13,2025-07,South,Accessories,Backpack,Consumer,4,1800,0.1,6480.0,3800,2680.0
ORD-102603,2025-07-13,2025-07,Central,Furniture,Bookshelf,Consumer,3,6500,0.1,17550.0,12600,4950.0
ORD-101420,2025-07-13,2025-07,Central,Stationery,Pen Set,Corporate,3,300,0.0,900.0,420,480.0
ORD-104615,2025-07-13,2025-07,West,Accessories,Water Bottle,Consumer,2,600,0.0,1200.0,560,640.0
ORD-101042,2025-07-14,2025-07,South,Accessories,Water Bottle,Consumer,5,600,0.0,3000.0,1400,1600.0
ORD-102384,2025-07-14,2025-07,West,Stationery,Notebook Pack,Consumer,1,450,0.15,382.5,250,132.5
ORD-100410,2025-07-14,2025-07,West,Accessories,Backpack,Corporate,1,1800,0.0,1800.0,950,850.0
ORD-101028,2025-07-14,2025-07,West,Accessories,Water Bottle,Consumer,1,600,0.0,600.0,280,320.0
ORD-100122,2025-07-14,2025-07,North,Accessories,Water Bottle,Consumer,5,600,0.15,2550.0,1400,1150.0
ORD-100375,2025-07-14,2025-07,West,Stationery,Notebook Pack,Corporate,2,450,0.2,720.0,500,220.0
ORD-100166,2025-07-15,2025-07,North,Stationery,Notebook Pack,Consumer,1,450,0.1,405.0,250,155.0
ORD-104795,2025-07-15,2025-07,East,Accessories,Water Bottle,Corporate,1,600,0.1,540.0,280,260.0
ORD-100404,2025-07-15,2025-07,South,Accessories,Desk Lamp,Small Business,1,1400,0.1,1260.0,750,510.0
ORD-104715,2025-07-15,2025-07,East,Electronics,Headphones,Consumer,1,3500,0.15,2975.0,2100,875.0
ORD-103303,2025-07-16,2025-07,North,Accessories,Water Bottle,Small Business,5,600,0.0,3000.0,1400,1600.0
ORD-102824,2025-07-16,2025-07,South,Accessories,Desk Lamp,Consumer,1,1400,0.05,1330.0,750,580.0
ORD-100641,2025-07-16,2025-07,West,Accessories,Water Bottle,Consumer,1,600,0.0,600.0,280,320.0
ORD-102572,2025-07-16,2025-07,North,Electronics,Smartphone,Corporate,2,28000,0.0,56000.0,42000,14000.0
ORD-100706,2025-07-16,2025-07,West,Stationery,Pen Set,Consumer,3,300,0.05,855.0,420,435.0
ORD-100307,2025-07-17,2025-07,South,Electronics,Smartwatch,Small Business,1,9000,0.15,7650.0,6000,1650.0
ORD-100135,2025-07-17,2025-07,South,Electronics,Laptop,Consumer,1,55000,0.0,55000.0,42000,13000.0
ORD-100690,2025-07-17,2025-07,South,Accessories,Backpack,Consumer,1,1800,0.15,1530.0,950,580.0
ORD-101203,2025-07-17,2025-07,West,Accessories,Backpack,Small Business,2,1800,0.0,3600.0,1900,1700.0
ORD-104137,2025-07-17,2025-07,South,Electronics,Smartphone,Consumer,2,28000,0.0,56000.0,42000,14000.0
ORD-101601,2025-07-17,2025-07,East,Accessories,Water Bottle,Corporate,3,600,0.05,1710.0,840,870.0
ORD-103390,2025-07-17,2025-07,East,Electronics,Smartphone,Consumer,3,28000,0.0,84000.0,63000,21000.0
ORD-100216,2025-07-18,2025-07,South,Stationery,Pen Set,Small Business,3,300,0.05,855.0,420,435.0
ORD-104070,2025-07-18,2025-07,West,Stationery,Notebook Pack,Consumer,5,450,0.1,2025.0,1250,775.0
ORD-103909,2025-07-18,2025-07,Central,Electronics,Headphones,Consumer,2,3500,0.05,6650.0,4200,2450.0
ORD-103366,2025-07-18,2025-07,South,Electronics,Headphones,Small Business,1,3500,0.05,3325.0,2100,1225.0
ORD-102920,2025-07-18,2025-07,East,Accessories,Water Bottle,Consumer,3,600,0.0,1800.0,840,960.0
ORD-101484,2025-07-18,2025-07,North,Electronics,Headphones,Consumer,4,3500,0.05,13300.0,8400,4900.0
ORD-101765,2025-07-18,2025-07,Central,Stationery,Pen Set,Consumer,5,300,0.0,1500.0,700,800.0
ORD-103393,2025-07-18,2025-07,West,Accessories,Water Bottle,Consumer,3,600,0.0,1800.0,840,960.0
ORD-100085,2025-07-18,2025-07,East,Stationery,Pen Set,Consumer,2,300,0.1,540.0,280,260.0
ORD-101385,2025-07-18,2025-07,East,Stationery,Notebook Pack,Consumer,1,450,0.0,450.0,250,200.0
ORD-100059,2025-07-18,2025-07,South,Furniture,Office Chair,Consumer,2,8500,0.0,17000.0,11000,6000.0
ORD-102169,2025-07-18,2025-07,South,Furniture,Study Desk,Consumer,2,12000,0.05,22800.0,16000,6800.0
ORD-101613,2025-07-18,2025-07,North,Accessories,Desk Lamp,Consumer,3,1400,0.05,3990.0,2250,1740.0
ORD-100643,2025-07-19,2025-07,South,Accessories,Desk Lamp,Consumer,1,1400,0.05,1330.0,750,580.0
ORD-101474,2025-07-19,2025-07,West,Stationery,Pen Set,Corporate,2,300,0.1,540.0,280,260.0
ORD-101908,2025-07-19,2025-07,West,Stationery,Notebook Pack,Small Business,1,450,0.15,382.5,250,132.5
ORD-103403,2025-07-19,2025-07,East,Stationery,Notebook Pack,Corporate,3,450,0.0,1350.0,750,600.0
ORD-104178,2025-07-19,2025-07,East,Electronics,Smartphone,Corporate,3,28000,0.05,79800.0,63000,16800.0
ORD-101284,2025-07-19,2025-07,North,Accessories,Water Bottle,Consumer,1,600,0.0,600.0,280,320.0
ORD-103193,2025-07-19,2025-07,North,Stationery,Pen Set,Consumer,1,300,0.0,300.0,140,160.0
ORD-103781,2025-07-19,2025-07,West,Electronics,Laptop,Consumer,1,55000,0.1,49500.0,42000,7500.0
ORD-103532,2025-07-19,2025-07,East,Furniture,Bookshelf,Consumer,1,6500,0.2,5200.0,4200,1000.0
ORD-103585,2025-07-20,2025-07,South,Electronics,Laptop,Consumer,1,55000,0.05,52250.0,42000,10250.0
ORD-100417,2025-07-20,2025-07,South,Electronics,Smartphone,Consumer,4,28000,0.15,95200.0,84000,11200.0
ORD-104997,2025-07-20,2025-07,Central,Electronics,Smartphone,Consumer,4,28000,0.0,112000.0,84000,28000.0
ORD-100583,2025-07-20,2025-07,West,Stationery,Notebook Pack,Corporate,1,450,0.1,405.0,250,155.0
ORD-104636,2025-07-20,2025-07,Central,Electronics,Smartwatch,Consumer,1,9000,0.0,9000.0,6000,3000.0
ORD-104916,2025-07-20,2025-07,North,Accessories,Backpack,Consumer,2,1800,0.1,3240.0,1900,1340.0
ORD-101948,2025-07-20,2025-07,West,Stationery,Notebook Pack,Consumer,2,450,0.0,900.0,500,400.0
ORD-103823,2025-07-20,2025-07,North,Furniture,Bookshelf,Small Business,3,6500,0.05,18525.0,12600,5925.0
ORD-104046,2025-07-21,2025-07,South,Electronics,Smartphone,Consumer,1,28000,0.0,28000.0,21000,7000.0
ORD-104789,2025-07-21,2025-07,North,Accessories,Water Bottle,Corporate,1,600,0.05,570.0,280,290.0
ORD-102069,2025-07-21,2025-07,North,Furniture,Office Chair,Small Business,1,8500,0.05,8075.0,5500,2575.0
ORD-102880,2025-07-22,2025-07,North,Accessories,Backpack,Consumer,2,1800,0.0,3600.0,1900,1700.0
ORD-100082,2025-07-22,2025-07,West,Stationery,Pen Set,Consumer,1,300,0.1,270.0,140,130.0
ORD-104239,2025-07-22,2025-07,West,Electronics,Headphones,Small Business,2,3500,0.0,7000.0,4200,2800.0
ORD-102890,2025-07-22,2025-07,North,Stationery,Pen Set,Consumer,3,300,0.1,810.0,420,390.0
ORD-104094,2025-07-22,2025-07,East,Stationery,Pen Set,Corporate,3,300,0.0,900.0,420,480.0
ORD-102287,2025-07-22,2025-07,South,Electronics,Smartwatch,Consumer,2,9000,0.05,17100.0,12000,5100.0
ORD-104626,2025-07-22,2025-07,East,Furniture,Office Chair,Consumer,1,8500,0.0,8500.0,5500,3000.0
ORD-103023,2025-07-22,2025-07,South,Stationery,Pen Set,Small Business,1,300,0.05,285.0,140,145.0
ORD-103278,2025-07-23,2025-07,South,Stationery,Notebook Pack,Consumer,2,450,0.0,900.0,500,400.0
ORD-101614,2025-07-23,2025-07,North,Electronics,Laptop,Corporate,3,55000,0.0,165000.0,126000,39000.0
ORD-103015,2025-07-23,2025-07,West,Stationery,Pen Set,Small Business,1,300,0.0,300.0,140,160.0
ORD-100822,2025-07-23,2025-07,West,Accessories,Desk Lamp,Corporate,3,1400,0.1,3780.0,2250,1530.0
ORD-101941,2025-07-24,2025-07,West,Electronics,Smartphone,Consumer,3,28000,0.0,84000.0,63000,21000.0
ORD-100819,2025-07-24,2025-07,East,Stationery,Notebook Pack,Consumer,1,450,0.05,427.5,250,177.5
ORD-103996,2025-07-24,2025-07,North,Accessories,Water Bottle,Consumer,1,600,0.0,600.0,280,320.0
ORD-104418,2025-07-24,2025-07,East,Accessories,Desk Lamp,Consumer,4,1400,0.0,5600.0,3000,2600.0
ORD-104448,2025-07-24,2025-07,South,Stationery,Notebook Pack,Consumer,1,450,0.0,450.0,250,200.0
ORD-103510,2025-07-24,2025-07,North,Stationery,Notebook Pack,Consumer,1,450,0.05,427.5,250,177.5
ORD-100980,2025-07-24,2025-07,East,Stationery,Pen Set,Corporate,4,300,0.0,1200.0,560,640.0
ORD-101162,2025-07-24,2025-07,South,Accessories,Water Bottle,Corporate,2,600,0.1,1080.0,560,520.0
ORD-101968,2025-07-24,2025-07,West,Electronics,Smartwatch,Corporate,4,9000,0.0,36000.0,24000,12000.0
ORD-104863,2025-07-24,2025-07,West,Stationery,Pen Set,Small Business,2,300,0.0,600.0,280,320.0
ORD-102150,2025-07-24,2025-07,West,Stationery,Notebook Pack,Consumer,2,450,0.05,855.0,500,355.0
ORD-102962,2025-07-24,2025-07,North,Accessories,Water Bottle,Consumer,2,600,0.0,1200.0,560,640.0
ORD-100753,2025-07-24,2025-07,West,Stationery,Pen Set,Consumer,2,300,0.0,600.0,280,320.0
ORD-104774,2025-07-25,2025-07,West,Accessories,Water Bottle,Corporate,1,600,0.05,570.0,280,290.0
ORD-100702,2025-07-25,2025-07,East,Electronics,Headphones,Consumer,1,3500,0.1,3150.0,2100,1050.0
ORD-101394,2025-07-25,2025-07,Central,Accessories,Backpack,Consumer,3,1800,0.1,4860.0,2850,2010.0
ORD-102684,2025-07-25,2025-07,North,Stationery,Notebook Pack,Corporate,1,450,0.0,450.0,250,200.0
ORD-101325,2025-07-25,2025-07,North,Furniture,Office Chair,Consumer,2,8500,0.0,17000.0,11000,6000.0
ORD-103254,2025-07-25,2025-07,South,Electronics,Headphones,Corporate,1,3500,0.0,3500.0,2100,1400.0
ORD-104277,2025-07-26,2025-07,East,Stationery,Notebook Pack,Corporate,1,450,0.1,405.0,250,155.0
ORD-100133,2025-07-26,2025-07,North,Stationery,Notebook Pack,Consumer,1,450,0.1,405.0,250,155.0
ORD-101837,2025-07-26,2025-07,East,Accessories,Backpack,Corporate,1,1800,0.0,1800.0,950,850.0
ORD-103988,2025-07-26,2025-07,West,Electronics,Smartphone,Consumer,1,28000,0.0,28000.0,21000,7000.0
ORD-104919,2025-07-26,2025-07,South,Stationery,Notebook Pack,Small Business,1,450,0.0,450.0,250,200.0
ORD-102299,2025-07-26,2025-07,East,Furniture,Study Desk,Corporate,3,12000,0.0,36000.0,24000,12000.0
ORD-100281,2025-07-26,2025-07,South,Furniture,Study Desk,Corporate,4,12000,0.0,48000.0,32000,16000.0
ORD-103716,2025-07-27,2025-07,East,Stationery,Notebook Pack,Consumer,3,450,0.1,1215.0,750,465.0
ORD-100194,2025-07-27,2025-07,North,Electronics,Headphones,Consumer,1,3500,0.1,3150.0,2100,1050.0
ORD-101036,2025-07-27,2025-07,West,Stationery,Pen Set,Consumer,2,300,0.0,600.0,280,320.0
ORD-101308,2025-07-27,2025-07,East,Stationery,Pen Set,Consumer,4,300,0.0,1200.0,560,640.0
ORD-102400,2025-07-27,2025-07,North,Accessories,Backpack,Corporate,1,1800,0.15,1530.0,950,580.0
ORD-103656,2025-07-27,2025-07,East,Furniture,Study Desk,Corporate,1,12000,0.0,12000.0,8000,4000.0
ORD-102437,2025-07-27,2025-07,South,Furniture,Office Chair,Corporate,5,8500,0.1,38250.0,27500,10750.0
ORD-104252,2025-07-27,2025-07,South,Stationery,Notebook Pack,Consumer,1,450,0.0,450.0,250,200.0
ORD-104610,2025-07-27,2025-07,West,Furniture,Bookshelf,Consumer,2,6500,0.05,12350.0,8400,3950.0
ORD-101181,2025-07-28,2025-07,North,Accessories,Water Bottle,Small Business,3,600,0.05,1710.0,840,870.0
ORD-101503,2025-07-28,2025-07,North,Furniture,Office Chair,Consumer,1,8500,0.05,8075.0,5500,2575.0
ORD-100394,2025-07-28,2025-07,West,Electronics,Smartphone,Small Business,1,28000,0.0,28000.0,21000,7000.0
ORD-104115,2025-07-28,2025-07,South,Furniture,Office Chair,Consumer,1,8500,0.0,8500.0,5500,3000.0
ORD-104750,2025-07-28,2025-07,South,Electronics,Smartwatch,Small Business,2,9000,0.15,15300.0,12000,3300.0
ORD-104091,2025-07-28,2025-07,North,Furniture,Bookshelf,Corporate,1,6500,0.15,5525.0,4200,1325.0
ORD-100768,2025-07-28,2025-07,South,Stationery,Notebook Pack,Corporate,2,450,0.0,900.0,500,400.0
ORD-104992,2025-07-28,2025-07,South,Electronics,Smartwatch,Consumer,4,9000,0.0,36000.0,24000,12000.0
ORD-100907,2025-07-28,2025-07,West,Furniture,Bookshelf,Consumer,2,6500,0.1,11700.0,8400,3300.0
ORD-103440,2025-07-28,2025-07,South,Furniture,Study Desk,Consumer,5,12000,0.1,54000.0,40000,14000.0
ORD-103757,2025-07-28,2025-07,South,Accessories,Water Bottle,Consumer,1,600,0.05,570.0,280,290.0
ORD-100180,2025-07-28,2025-07,South,Stationery,Pen Set,Consumer,4,300,0.1,1080.0,560,520.0
ORD-104931,2025-07-28,2025-07,North,Stationery,Notebook Pack,Corporate,3,450,0.2,1080.0,750,330.0
ORD-104940,2025-07-28,2025-07,Central,Stationery,Notebook Pack,Consumer,1,450,0.1,405.0,250,155.0
ORD-102449,2025-07-29,2025-07,North,Furniture,Office Chair,Consumer,2,8500,0.0,17000.0,11000,6000.0
ORD-103543,2025-07-29,2025-07,West,Accessories,Water Bottle,Corporate,5,600,0.0,3000.0,1400,1600.0
ORD-104140,2025-07-29,2025-07,South,Furniture,Study Desk,Small Business,2,12000,0.15,20400.0,16000,4400.0
ORD-104886,2025-07-29,2025-07,West,Stationery,Notebook Pack,Small Business,1,450,0.0,450.0,250,200.0
ORD-103720,2025-07-29,2025-07,South,Stationery,Notebook Pack,Small Business,2,450,0.0,900.0,500,400.0
ORD-102368,2025-07-29,2025-07,North,Electronics,Smartwatch,Corporate,4,9000,0.05,34200.0,24000,10200.0
ORD-104853,2025-07-29,2025-07,East,Electronics,Headphones,Consumer,2,3500,0.0,7000.0,4200,2800.0
ORD-102961,2025-07-30,2025-07,South,Electronics,Laptop,Consumer,5,55000,0.0,275000.0,210000,65000.0
ORD-104288,2025-07-30,2025-07,South,Accessories,Backpack,Small Business,1,1800,0.1,1620.0,950,670.0
ORD-104692,2025-07-30,2025-07,South,Accessories,Water Bottle,Consumer,1,600,0.1,540.0,280,260.0
ORD-103772,2025-07-30,2025-07,East,Accessories,Backpack,Corporate,2,1800,0.0,3600.0,1900,1700.0
ORD-102753,2025-07-30,2025-07,South,Electronics,Smartphone,Consumer,3,28000,0.15,71400.0,63000,8400.0
ORD-102309,2025-07-30,2025-07,North,Accessories,Backpack,Consumer,2,1800,0.1,3240.0,1900,1340.0
ORD-103694,2025-07-30,2025-07,East,Stationery,Pen Set,Consumer,2,300,0.05,570.0,280,290.0
ORD-104720,2025-07-30,2025-07,West,Stationery,Pen Set,Consumer,1,300,0.0,300.0,140,160.0
ORD-102395,2025-07-31,2025-07,North,Furniture,Study Desk,Small Business,1,12000,0.0,12000.0,8000,4000.0
ORD-101680,2025-07-31,2025-07,West,Electronics,Headphones,Small Business,2,3500,0.0,7000.0,4200,2800.0
ORD-103917,2025-07-31,2025-07,West,Accessories,Backpack,Corporate,2,1800,0.0,3600.0,1900,1700.0
ORD-103047,2025-07-31,2025-07,North,Stationery,Notebook Pack,Consumer,2,450,0.0,900.0,500,400.0
ORD-100593,2025-07-31,2025-07,Central,Electronics,Smartwatch,Corporate,2,9000,0.05,17100.0,12000,5100.0
ORD-104769,2025-07-31,2025-07,North,Electronics,Smartphone,Consumer,5,28000,0.0,140000.0,105000,35000.0
ORD-100826,2025-07-31,2025-07,East,Electronics,Laptop,Consumer,5,55000,0.0,275000.0,210000,65000.0
ORD-100827,2025-07-31,2025-07,North,Accessories,Water Bottle,Corporate,1,600,0.1,540.0,280,260.0
ORD-100783,2025-07-31,2025-07,North,Stationery,Pen Set,Consumer,3,300,0.15,765.0,420,345.0
ORD-101192,2025-07-31,2025-07,West,Electronics,Headphones,Small Business,1,3500,0.15,2975.0,2100,875.0
ORD-101346,2025-07-31,2025-07,South,Accessories,Desk Lamp,Consumer,3,1400,0.0,4200.0,2250,1950.0
ORD-102157,2025-08-01,2025-08,South,Electronics,Smartphone,Corporate,2,28000,0.15,47600.0,42000,5600.0
ORD-100569,2025-08-01,2025-08,Central,Stationery,Pen Set,Consumer,1,300,0.1,270.0,140,130.0
ORD-102453,2025-08-01,2025-08,East,Accessories,Water Bottle,Consumer,3,600,0.1,1620.0,840,780.0
ORD-102712,2025-08-01,2025-08,South,Stationery,Pen Set,Small Business,4,300,0.0,1200.0,560,640.0
ORD-100714,2025-08-01,2025-08,West,Accessories,Desk Lamp,Consumer,1,1400,0.0,1400.0,750,650.0
ORD-101141,2025-08-01,2025-08,South,Accessories,Desk Lamp,Consumer,1,1400,0.0,1400.0,750,650.0
ORD-101631,2025-08-01,2025-08,North,Accessories,Water Bottle,Corporate,2,600,0.0,1200.0,560,640.0
ORD-102550,2025-08-01,2025-08,Central,Stationery,Notebook Pack,Consumer,1,450,0.1,405.0,250,155.0
ORD-104737,2025-08-01,2025-08,North,Accessories,Water Bottle,Corporate,2,600,0.05,1140.0,560,580.0
ORD-103807,2025-08-01,2025-08,West,Electronics,Smartwatch,Consumer,1,9000,0.15,7650.0,6000,1650.0
ORD-102016,2025-08-01,2025-08,South,Electronics,Smartphone,Consumer,3,28000,0.1,75600.0,63000,12600.0
ORD-100195,2025-08-02,2025-08,West,Accessories,Desk Lamp,Consumer,3,1400,0.0,4200.0,2250,1950.0
ORD-102035,2025-08-02,2025-08,West,Stationery,Notebook Pack,Corporate,2,450,0.05,855.0,500,355.0
ORD-104436,2025-08-02,2025-08,West,Accessories,Backpack,Consumer,1,1800,0.1,1620.0,950,670.0
ORD-101055,2025-08-02,2025-08,East,Furniture,Office Chair,Corporate,2,8500,0.0,17000.0,11000,6000.0
ORD-100564,2025-08-02,2025-08,Central,Electronics,Laptop,Consumer,2,55000,0.0,110000.0,84000,26000.0
ORD-101099,2025-08-02,2025-08,West,Accessories,Desk Lamp,Small Business,2,1400,0.0,2800.0,1500,1300.0
ORD-103820,2025-08-02,2025-08,North,Electronics,Headphones,Small Business,1,3500,0.0,3500.0,2100,1400.0
ORD-103305,2025-08-02,2025-08,North,Stationery,Pen Set,Corporate,1,300,0.15,255.0,140,115.0
ORD-101287,2025-08-02,2025-08,South,Furniture,Office Chair,Corporate,1,8500,0.05,8075.0,5500,2575.0
ORD-101804,2025-08-02,2025-08,South,Accessories,Desk Lamp,Small Business,1,1400,0.15,1190.0,750,440.0
ORD-102162,2025-08-03,2025-08,East,Stationery,Notebook Pack,Corporate,1,450,0.0,450.0,250,200.0
ORD-104842,2025-08-03,2025-08,South,Electronics,Headphones,Corporate,3,3500,0.05,9975.0,6300,3675.0
ORD-103633,2025-08-03,2025-08,South,Stationery,Pen Set,Corporate,2,300,0.0,600.0,280,320.0
ORD-104935,2025-08-03,2025-08,North,Accessories,Desk Lamp,Consumer,3,1400,0.0,4200.0,2250,1950.0
ORD-100428,2025-08-03,2025-08,West,Electronics,Smartphone,Small Business,1,28000,0.0,28000.0,21000,7000.0
ORD-101522,2025-08-03,2025-08,West,Electronics,Headphones,Corporate,1,3500,0.05,3325.0,2100,1225.0
ORD-102869,2025-08-04,2025-08,North,Stationery,Pen Set,Consumer,1,300,0.15,255.0,140,115.0
ORD-103013,2025-08-04,2025-08,South,Electronics,Headphones,Corporate,3,3500,0.15,8925.0,6300,2625.0
ORD-101560,2025-08-04,2025-08,South,Furniture,Bookshelf,Consumer,2,6500,0.0,13000.0,8400,4600.0
ORD-100495,2025-08-04,2025-08,South,Electronics,Headphones,Corporate,5,3500,0.05,16625.0,10500,6125.0
ORD-103227,2025-08-04,2025-08,North,Accessories,Backpack,Corporate,1,1800,0.05,1710.0,950,760.0
ORD-104345,2025-08-04,2025-08,Central,Electronics,Laptop,Corporate,1,55000,0.0,55000.0,42000,13000.0
ORD-101802,2025-08-04,2025-08,North,Furniture,Study Desk,Corporate,1,12000,0.2,9600.0,8000,1600.0
ORD-103187,2025-08-04,2025-08,Central,Accessories,Desk Lamp,Corporate,1,1400,0.05,1330.0,750,580.0
ORD-103194,2025-08-04,2025-08,South,Stationery,Notebook Pack,Corporate,1,450,0.05,427.5,250,177.5
ORD-101923,2025-08-05,2025-08,East,Accessories,Desk Lamp,Corporate,1,1400,0.0,1400.0,750,650.0
ORD-101068,2025-08-05,2025-08,North,Stationery,Notebook Pack,Consumer,1,450,0.05,427.5,250,177.5
ORD-103856,2025-08-05,2025-08,North,Electronics,Smartphone,Consumer,3,28000,0.1,75600.0,63000,12600.0
ORD-104473,2025-08-05,2025-08,North,Accessories,Water Bottle,Consumer,1,600,0.0,600.0,280,320.0
ORD-104258,2025-08-05,2025-08,West,Electronics,Headphones,Consumer,5,3500,0.0,17500.0,10500,7000.0
ORD-103865,2025-08-05,2025-08,West,Stationery,Pen Set,Consumer,1,300,0.1,270.0,140,130.0
ORD-101898,2025-08-05,2025-08,South,Stationery,Pen Set,Small Business,1,300,0.0,300.0,140,160.0
ORD-100330,2025-08-05,2025-08,South,Stationery,Pen Set,Consumer,1,300,0.0,300.0,140,160.0
ORD-103537,2025-08-05,2025-08,West,Accessories,Backpack,Small Business,5,1800,0.1,8100.0,4750,3350.0
ORD-100965,2025-08-05,2025-08,West,Electronics,Headphones,Consumer,1,3500,0.15,2975.0,2100,875.0
ORD-102343,2025-08-05,2025-08,South,Stationery,Pen Set,Consumer,2,300,0.15,510.0,280,230.0
ORD-100660,2025-08-05,2025-08,North,Stationery,Notebook Pack,Consumer,2,450,0.0,900.0,500,400.0
ORD-104487,2025-08-05,2025-08,North,Accessories,Water Bottle,Consumer,3,600,0.15,1530.0,840,690.0
ORD-103486,2025-08-05,2025-08,North,Stationery,Notebook Pack,Consumer,1,450,0.0,450.0,250,200.0
ORD-101603,2025-08-05,2025-08,West,Accessories,Backpack,Small Business,1,1800,0.1,1620.0,950,670.0
ORD-104866,2025-08-05,2025-08,South,Stationery,Pen Set,Consumer,2,300,0.0,600.0,280,320.0
ORD-104956,2025-08-06,2025-08,West,Accessories,Water Bottle,Corporate,2,600,0.0,1200.0,560,640.0
ORD-104477,2025-08-06,2025-08,West,Accessories,Desk Lamp,Consumer,3,1400,0.1,3780.0,2250,1530.0
ORD-100063,2025-08-06,2025-08,South,Electronics,Headphones,Consumer,3,3500,0.0,10500.0,6300,4200.0
ORD-100545,2025-08-06,2025-08,North,Furniture,Bookshelf,Corporate,3,6500,0.0,19500.0,12600,6900.0
ORD-104153,2025-08-06,2025-08,East,Electronics,Headphones,Consumer,2,3500,0.05,6650.0,4200,2450.0
ORD-104403,2025-08-06,2025-08,South,Accessories,Backpack,Corporate,3,1800,0.2,4320.0,2850,1470.0
ORD-102147,2025-08-06,2025-08,North,Electronics,Laptop,Consumer,2,55000,0.1,99000.0,84000,15000.0
ORD-104691,2025-08-06,2025-08,South,Electronics,Headphones,Consumer,2,3500,0.05,6650.0,4200,2450.0
ORD-103186,2025-08-06,2025-08,South,Electronics,Smartwatch,Consumer,3,9000,0.1,24300.0,18000,6300.0
ORD-102819,2025-08-06,2025-08,East,Stationery,Notebook Pack,Consumer,4,450,0.05,1710.0,1000,710.0
ORD-102578,2025-08-06,2025-08,Central,Furniture,Bookshelf,Consumer,1,6500,0.05,6175.0,4200,1975.0
ORD-102845,2025-08-06,2025-08,East,Electronics,Smartwatch,Consumer,1,9000,0.1,8100.0,6000,2100.0
ORD-100268,2025-08-07,2025-08,West,Furniture,Office Chair,Consumer,1,8500,0.0,8500.0,5500,3000.0
ORD-102645,2025-08-07,2025-08,West,Furniture,Bookshelf,Small Business,1,6500,0.0,6500.0,4200,2300.0
ORD-104232,2025-08-07,2025-08,Central,Electronics,Headphones,Consumer,1,3500,0.05,3325.0,2100,1225.0
ORD-100734,2025-08-07,2025-08,West,Furniture,Study Desk,Consumer,1,12000,0.0,12000.0,8000,4000.0
ORD-101378,2025-08-07,2025-08,Central,Electronics,Headphones,Consumer,2,3500,0.2,5600.0,4200,1400.0
ORD-103816,2025-08-07,2025-08,East,Electronics,Smartwatch,Consumer,1,9000,0.0,9000.0,6000,3000.0
ORD-102523,2025-08-07,2025-08,West,Furniture,Bookshelf,Corporate,1,6500,0.05,6175.0,4200,1975.0
ORD-102849,2025-08-07,2025-08,North,Stationery,Notebook Pack,Corporate,2,450,0.1,810.0,500,310.0
ORD-100078,2025-08-07,2025-08,South,Electronics,Smartphone,Consumer,3,28000,0.0,84000.0,63000,21000.0
ORD-104029,2025-08-08,2025-08,South,Electronics,Smartphone,Consumer,5,28000,0.0,140000.0,105000,35000.0
ORD-103413,2025-08-08,2025-08,South,Electronics,Headphones,Small Business,4,3500,0.1,12600.0,8400,4200.0
ORD-102616,2025-08-08,2025-08,South,Electronics,Smartphone,Consumer,4,28000,0.0,112000.0,84000,28000.0
ORD-101653,2025-08-08,2025-08,North,Electronics,Headphones,Small Business,1,3500,0.15,2975.0,2100,875.0
ORD-102347,2025-08-08,2025-08,South,Accessories,Backpack,Corporate,1,1800,0.0,1800.0,950,850.0
ORD-104006,2025-08-08,2025-08,South,Furniture,Bookshelf,Corporate,2,6500,0.05,12350.0,8400,3950.0
ORD-100293,2025-08-08,2025-08,North,Stationery,Pen Set,Corporate,4,300,0.05,1140.0,560,580.0
ORD-102281,2025-08-08,2025-08,North,Accessories,Desk Lamp,Consumer,1,1400,0.0,1400.0,750,650.0
ORD-103582,2025-08-08,2025-08,West,Electronics,Headphones,Consumer,3,3500,0.15,8925.0,6300,2625.0
ORD-100994,2025-08-08,2025-08,North,Accessories,Water Bottle,Small Business,1,600,0.0,600.0,280,320.0
ORD-100138,2025-08-09,2025-08,West,Stationery,Pen Set,Consumer,3,300,0.0,900.0,420,480.0
ORD-104878,2025-08-09,2025-08,West,Stationery,Pen Set,Consumer,2,300,0.0,600.0,280,320.0
ORD-103821,2025-08-09,2025-08,Central,Electronics,Smartwatch,Consumer,2,9000,0.15,15300.0,12000,3300.0
ORD-100837,2025-08-09,2025-08,South,Accessories,Water Bottle,Consumer,1,600,0.0,600.0,280,320.0
ORD-104943,2025-08-09,2025-08,West,Furniture,Office Chair,Corporate,5,8500,0.1,38250.0,27500,10750.0
ORD-100657,2025-08-09,2025-08,West,Stationery,Notebook Pack,Small Business,1,450,0.05,427.5,250,177.5
ORD-104670,2025-08-09,2025-08,South,Stationery,Notebook Pack,Small Business,1,450,0.1,405.0,250,155.0
ORD-101967,2025-08-09,2025-08,South,Electronics,Smartphone,Consumer,3,28000,0.15,71400.0,63000,8400.0
ORD-104226,2025-08-10,2025-08,South,Stationery,Notebook Pack,Consumer,2,450,0.05,855.0,500,355.0
ORD-100607,2025-08-10,2025-08,West,Accessories,Water Bottle,Corporate,1,600,0.05,570.0,280,290.0
ORD-102406,2025-08-10,2025-08,West,Electronics,Laptop,Consumer,2,55000,0.05,104500.0,84000,20500.0
ORD-102740,2025-08-11,2025-08,East,Stationery,Pen Set,Consumer,2,300,0.15,510.0,280,230.0
ORD-103614,2025-08-11,2025-08,South,Stationery,Notebook Pack,Corporate,1,450,0.0,450.0,250,200.0
ORD-100023,2025-08-11,2025-08,West,Electronics,Laptop,Corporate,2,55000,0.0,110000.0,84000,26000.0
ORD-101485,2025-08-11,2025-08,East,Furniture,Bookshelf,Corporate,4,6500,0.0,26000.0,16800,9200.0
ORD-100223,2025-08-12,2025-08,South,Electronics,Smartwatch,Small Business,3,9000,0.1,24300.0,18000,6300.0
ORD-102948,2025-08-12,2025-08,Central,Accessories,Water Bottle,Consumer,1,600,0.05,570.0,280,290.0
ORD-101694,2025-08-12,2025-08,East,Electronics,Smartwatch,Corporate,1,9000,0.0,9000.0,6000,3000.0
ORD-100625,2025-08-12,2025-08,West,Stationery,Pen Set,Consumer,1,300,0.0,300.0,140,160.0
ORD-102676,2025-08-12,2025-08,West,Electronics,Smartwatch,Corporate,1,9000,0.0,9000.0,6000,3000.0
ORD-101235,2025-08-12,2025-08,West,Stationery,Notebook Pack,Corporate,1,450,0.15,382.5,250,132.5
ORD-103145,2025-08-12,2025-08,North,Accessories,Backpack,Consumer,2,1800,0.0,3600.0,1900,1700.0
ORD-102651,2025-08-12,2025-08,North,Electronics,Headphones,Consumer,1,3500,0.0,3500.0,2100,1400.0
ORD-100160,2025-08-12,2025-08,East,Stationery,Notebook Pack,Consumer,2,450,0.0,900.0,500,400.0
ORD-104690,2025-08-12,2025-08,Central,Accessories,Water Bottle,Consumer,1,600,0.15,510.0,280,230.0
ORD-101907,2025-08-12,2025-08,West,Stationery,Notebook Pack,Consumer,1,450,0.0,450.0,250,200.0
ORD-101913,2025-08-12,2025-08,North,Accessories,Water Bottle,Consumer,1,600,0.05,570.0,280,290.0
ORD-101738,2025-08-12,2025-08,South,Stationery,Pen Set,Corporate,1,300,0.0,300.0,140,160.0
ORD-103380,2025-08-12,2025-08,East,Electronics,Smartphone,Consumer,3,28000,0.2,67200.0,63000,4200.0
ORD-102337,2025-08-12,2025-08,South,Stationery,Notebook Pack,Consumer,1,450,0.0,450.0,250,200.0
ORD-102386,2025-08-13,2025-08,North,Accessories,Backpack,Corporate,2,1800,0.1,3240.0,1900,1340.0
ORD-102652,2025-08-13,2025-08,North,Electronics,Smartwatch,Corporate,2,9000,0.0,18000.0,12000,6000.0
ORD-100443,2025-08-13,2025-08,Central,Accessories,Desk Lamp,Corporate,2,1400,0.0,2800.0,1500,1300.0
ORD-101347,2025-08-13,2025-08,Central,Electronics,Headphones,Consumer,5,3500,0.15,14875.0,10500,4375.0
ORD-102924,2025-08-13,2025-08,Central,Stationery,Notebook Pack,Consumer,1,450,0.2,360.0,250,110.0
ORD-100622,2025-08-13,2025-08,West,Stationery,Pen Set,Corporate,2,300,0.05,570.0,280,290.0
ORD-104603,2025-08-13,2025-08,North,Electronics,Smartwatch,Corporate,4,9000,0.0,36000.0,24000,12000.0
ORD-100243,2025-08-13,2025-08,Central,Furniture,Office Chair,Small Business,3,8500,0.0,25500.0,16500,9000.0
ORD-103308,2025-08-13,2025-08,South,Accessories,Desk Lamp,Consumer,1,1400,0.1,1260.0,750,510.0
ORD-103140,2025-08-13,2025-08,North,Accessories,Desk Lamp,Consumer,1,1400,0.0,1400.0,750,650.0
ORD-103575,2025-08-14,2025-08,North,Accessories,Backpack,Corporate,4,1800,0.1,6480.0,3800,2680.0
ORD-101840,2025-08-14,2025-08,Central,Electronics,Laptop,Small Business,1,55000,0.0,55000.0,42000,13000.0
ORD-103306,2025-08-14,2025-08,North,Stationery,Notebook Pack,Consumer,5,450,0.0,2250.0,1250,1000.0
ORD-100392,2025-08-14,2025-08,West,Stationery,Pen Set,Consumer,1,300,0.0,300.0,140,160.0
ORD-101128,2025-08-14,2025-08,North,Stationery,Notebook Pack,Small Business,1,450,0.05,427.5,250,177.5
ORD-102839,2025-08-14,2025-08,West,Electronics,Smartwatch,Corporate,1,9000,0.0,9000.0,6000,3000.0
ORD-102713,2025-08-14,2025-08,South,Stationery,Notebook Pack,Consumer,4,450,0.0,1800.0,1000,800.0
ORD-103598,2025-08-14,2025-08,East,Electronics,Smartphone,Corporate,1,28000,0.15,23800.0,21000,2800.0
ORD-104917,2025-08-14,2025-08,North,Furniture,Study Desk,Consumer,4,12000,0.0,48000.0,32000,16000.0
ORD-103724,2025-08-14,2025-08,West,Accessories,Desk Lamp,Consumer,1,1400,0.05,1330.0,750,580.0
ORD-103453,2025-08-15,2025-08,South,Electronics,Headphones,Consumer,5,3500,0.0,17500.0,10500,7000.0
ORD-102390,2025-08-15,2025-08,East,Stationery,Pen Set,Corporate,1,300,0.0,300.0,140,160.0
ORD-100000,2025-08-15,2025-08,South,Furniture,Study Desk,Consumer,2,12000,0.0,24000.0,16000,8000.0
ORD-100442,2025-08-15,2025-08,North,Accessories,Water Bottle,Consumer,1,600,0.0,600.0,280,320.0
ORD-100465,2025-08-15,2025-08,East,Furniture,Study Desk,Corporate,1,12000,0.1,10800.0,8000,2800.0
ORD-104738,2025-08-15,2025-08,South,Accessories,Water Bottle,Corporate,5,600,0.1,2700.0,1400,1300.0
ORD-103862,2025-08-15,2025-08,West,Furniture,Office Chair,Consumer,2,8500,0.0,17000.0,11000,6000.0
ORD-100348,2025-08-15,2025-08,South,Stationery,Notebook Pack,Consumer,4,450,0.0,1800.0,1000,800.0
ORD-101491,2025-08-15,2025-08,South,Electronics,Smartwatch,Consumer,3,9000,0.0,27000.0,18000,9000.0
ORD-100870,2025-08-15,2025-08,North,Electronics,Smartphone,Consumer,2,28000,0.0,56000.0,42000,14000.0
ORD-103976,2025-08-15,2025-08,South,Stationery,Pen Set,Corporate,1,300,0.0,300.0,140,160.0
ORD-103025,2025-08-15,2025-08,South,Electronics,Laptop,Small Business,3,55000,0.1,148500.0,126000,22500.0
ORD-103612,2025-08-15,2025-08,Central,Furniture,Office Chair,Corporate,2,8500,0.0,17000.0,11000,6000.0
ORD-100282,2025-08-16,2025-08,North,Accessories,Water Bottle,Small Business,2,600,0.05,1140.0,560,580.0
ORD-100516,2025-08-16,2025-08,West,Stationery,Pen Set,Consumer,1,300,0.2,240.0,140,100.0
ORD-103298,2025-08-16,2025-08,North,Furniture,Study Desk,Consumer,1,12000,0.0,12000.0,8000,4000.0
ORD-104609,2025-08-16,2025-08,West,Stationery,Pen Set,Corporate,5,300,0.1,1350.0,700,650.0
ORD-101768,2025-08-16,2025-08,West,Electronics,Laptop,Corporate,1,55000,0.05,52250.0,42000,10250.0
ORD-100448,2025-08-16,2025-08,East,Stationery,Notebook Pack,Consumer,2,450,0.0,900.0,500,400.0
ORD-102489,2025-08-16,2025-08,West,Accessories,Backpack,Small Business,4,1800,0.05,6840.0,3800,3040.0
ORD-104836,2025-08-17,2025-08,West,Furniture,Bookshelf,Consumer,2,6500,0.0,13000.0,8400,4600.0
ORD-104822,2025-08-17,2025-08,West,Furniture,Office Chair,Small Business,2,8500,0.0,17000.0,11000,6000.0
ORD-104785,2025-08-17,2025-08,West,Accessories,Backpack,Corporate,1,1800,0.0,1800.0,950,850.0
ORD-104250,2025-08-17,2025-08,North,Electronics,Smartphone,Corporate,2,28000,0.0,56000.0,42000,14000.0
ORD-100639,2025-08-17,2025-08,North,Electronics,Smartwatch,Corporate,1,9000,0.0,9000.0,6000,3000.0
ORD-102624,2025-08-17,2025-08,East,Furniture,Office Chair,Consumer,1,8500,0.05,8075.0,5500,2575.0
ORD-100739,2025-08-17,2025-08,South,Electronics,Headphones,Consumer,1,3500,0.15,2975.0,2100,875.0
ORD-103901,2025-08-18,2025-08,Central,Accessories,Water Bottle,Consumer,4,600,0.05,2280.0,1120,1160.0
ORD-101498,2025-08-18,2025-08,South,Electronics,Smartwatch,Consumer,1,9000,0.1,8100.0,6000,2100.0
ORD-102199,2025-08-18,2025-08,Central,Stationery,Pen Set,Corporate,1,300,0.1,270.0,140,130.0
ORD-100909,2025-08-18,2025-08,North,Electronics,Headphones,Consumer,1,3500,0.0,3500.0,2100,1400.0
ORD-101504,2025-08-18,2025-08,North,Stationery,Notebook Pack,Consumer,3,450,0.1,1215.0,750,465.0
ORD-102683,2025-08-18,2025-08,South,Electronics,Headphones,Consumer,1,3500,0.15,2975.0,2100,875.0
ORD-103677,2025-08-18,2025-08,West,Accessories,Water Bottle,Small Business,1,600,0.0,600.0,280,320.0
ORD-102089,2025-08-18,2025-08,North,Stationery,Notebook Pack,Small Business,2,450,0.15,765.0,500,265.0
ORD-104163,2025-08-18,2025-08,South,Electronics,Smartphone,Consumer,1,28000,0.05,26600.0,21000,5600.0
ORD-103830,2025-08-19,2025-08,South,Furniture,Bookshelf,Small Business,1,6500,0.1,5850.0,4200,1650.0
ORD-104334,2025-08-19,2025-08,South,Furniture,Office Chair,Corporate,2,8500,0.1,15300.0,11000,4300.0
ORD-101670,2025-08-19,2025-08,South,Furniture,Office Chair,Corporate,1,8500,0.0,8500.0,5500,3000.0
ORD-100521,2025-08-19,2025-08,East,Stationery,Pen Set,Small Business,3,300,0.0,900.0,420,480.0
ORD-102970,2025-08-19,2025-08,Central,Stationery,Notebook Pack,Consumer,2,450,0.05,855.0,500,355.0
ORD-104851,2025-08-19,2025-08,Central,Accessories,Backpack,Consumer,4,1800,0.0,7200.0,3800,3400.0
ORD-101819,2025-08-19,2025-08,West,Furniture,Office Chair,Corporate,4,8500,0.1,30600.0,22000,8600.0
ORD-104870,2025-08-19,2025-08,South,Electronics,Headphones,Corporate,2,3500,0.1,6300.0,4200,2100.0
ORD-104408,2025-08-19,2025-08,North,Accessories,Backpack,Consumer,1,1800,0.0,1800.0,950,850.0
ORD-100955,2025-08-20,2025-08,East,Accessories,Water Bottle,Corporate,5,600,0.0,3000.0,1400,1600.0
ORD-101963,2025-08-20,2025-08,East,Electronics,Headphones,Corporate,2,3500,0.0,7000.0,4200,2800.0
ORD-104338,2025-08-20,2025-08,South,Furniture,Study Desk,Corporate,2,12000,0.15,20400.0,16000,4400.0
ORD-104654,2025-08-20,2025-08,East,Stationery,Notebook Pack,Consumer,2,450,0.05,855.0,500,355.0
ORD-102335,2025-08-20,2025-08,South,Electronics,Smartphone,Small Business,5,28000,0.0,140000.0,105000,35000.0
ORD-103357,2025-08-20,2025-08,East,Accessories,Desk Lamp,Consumer,1,1400,0.0,1400.0,750,650.0
ORD-100746,2025-08-20,2025-08,West,Accessories,Water Bottle,Corporate,1,600,0.0,600.0,280,320.0
ORD-104376,2025-08-20,2025-08,West,Accessories,Water Bottle,Corporate,2,600,0.0,1200.0,560,640.0
ORD-102974,2025-08-21,2025-08,East,Accessories,Desk Lamp,Consumer,2,1400,0.0,2800.0,1500,1300.0
ORD-101076,2025-08-21,2025-08,South,Furniture,Bookshelf,Consumer,1,6500,0.1,5850.0,4200,1650.0
ORD-103833,2025-08-21,2025-08,East,Accessories,Desk Lamp,Small Business,1,1400,0.05,1330.0,750,580.0
ORD-102436,2025-08-21,2025-08,North,Stationery,Notebook Pack,Consumer,2,450,0.1,810.0,500,310.0
ORD-100251,2025-08-21,2025-08,Central,Electronics,Smartwatch,Consumer,1,9000,0.2,7200.0,6000,1200.0
ORD-103517,2025-08-21,2025-08,Central,Accessories,Water Bottle,Consumer,1,600,0.05,570.0,280,290.0
ORD-102271,2025-08-21,2025-08,Central,Electronics,Smartphone,Small Business,2,28000,0.1,50400.0,42000,8400.0
ORD-102416,2025-08-21,2025-08,South,Electronics,Smartphone,Consumer,5,28000,0.1,126000.0,105000,21000.0
ORD-104263,2025-08-22,2025-08,East,Accessories,Water Bottle,Consumer,2,600,0.0,1200.0,560,640.0
ORD-104894,2025-08-22,2025-08,West,Electronics,Smartphone,Consumer,1,28000,0.0,28000.0,21000,7000.0
ORD-102629,2025-08-22,2025-08,West,Accessories,Backpack,Small Business,1,1800,0.0,1800.0,950,850.0
ORD-100365,2025-08-22,2025-08,Central,Furniture,Study Desk,Consumer,3,12000,0.1,32400.0,24000,8400.0
ORD-104371,2025-08-22,2025-08,North,Stationery,Pen Set,Corporate,1,300,0.0,300.0,140,160.0
ORD-103687,2025-08-22,2025-08,North,Accessories,Desk Lamp,Consumer,1,1400,0.1,1260.0,750,510.0
ORD-102493,2025-08-22,2025-08,East,Electronics,Headphones,Consumer,2,3500,0.0,7000.0,4200,2800.0
ORD-100177,2025-08-22,2025-08,North,Stationery,Notebook Pack,Consumer,1,450,0.1,405.0,250,155.0
ORD-100060,2025-08-23,2025-08,Central,Electronics,Smartwatch,Consumer,1,9000,0.0,9000.0,6000,3000.0
ORD-102435,2025-08-23,2025-08,West,Accessories,Desk Lamp,Consumer,4,1400,0.0,5600.0,3000,2600.0
ORD-103435,2025-08-23,2025-08,South,Accessories,Desk Lamp,Consumer,2,1400,0.2,2240.0,1500,740.0
ORD-100360,2025-08-23,2025-08,East,Accessories,Water Bottle,Small Business,5,600,0.05,2850.0,1400,1450.0
ORD-102419,2025-08-23,2025-08,West,Furniture,Study Desk,Corporate,2,12000,0.2,19200.0,16000,3200.0
ORD-100963,2025-08-23,2025-08,West,Furniture,Study Desk,Consumer,2,12000,0.0,24000.0,16000,8000.0
ORD-100406,2025-08-23,2025-08,Central,Electronics,Smartwatch,Corporate,4,9000,0.0,36000.0,24000,12000.0
ORD-101488,2025-08-23,2025-08,South,Accessories,Backpack,Small Business,2,1800,0.05,3420.0,1900,1520.0
ORD-104165,2025-08-23,2025-08,West,Stationery,Notebook Pack,Corporate,1,450,0.0,450.0,250,200.0
ORD-102750,2025-08-23,2025-08,North,Electronics,Laptop,Corporate,3,55000,0.0,165000.0,126000,39000.0
ORD-103286,2025-08-23,2025-08,South,Accessories,Water Bottle,Consumer,1,600,0.1,540.0,280,260.0
ORD-103292,2025-08-23,2025-08,North,Stationery,Notebook Pack,Consumer,2,450,0.1,810.0,500,310.0
ORD-103234,2025-08-24,2025-08,North,Stationery,Pen Set,Consumer,3,300,0.1,810.0,420,390.0
ORD-101381,2025-08-24,2025-08,East,Accessories,Backpack,Corporate,3,1800,0.1,4860.0,2850,2010.0
ORD-101581,2025-08-24,2025-08,Central,Electronics,Smartwatch,Consumer,2,9000,0.0,18000.0,12000,6000.0
ORD-100736,2025-08-25,2025-08,East,Accessories,Backpack,Consumer,1,1800,0.1,1620.0,950,670.0
ORD-103961,2025-08-25,2025-08,East,Stationery,Pen Set,Consumer,1,300,0.1,270.0,140,130.0
ORD-104425,2025-08-25,2025-08,West,Accessories,Backpack,Consumer,1,1800,0.15,1530.0,950,580.0
ORD-100566,2025-08-25,2025-08,West,Accessories,Water Bottle,Consumer,2,600,0.0,1200.0,560,640.0
ORD-103943,2025-08-25,2025-08,Central,Electronics,Headphones,Small Business,1,3500,0.05,3325.0,2100,1225.0
ORD-101918,2025-08-25,2025-08,East,Electronics,Smartwatch,Small Business,3,9000,0.1,24300.0,18000,6300.0
ORD-104823,2025-08-25,2025-08,North,Electronics,Smartwatch,Consumer,1,9000,0.0,9000.0,6000,3000.0
ORD-100227,2025-08-25,2025-08,West,Accessories,Backpack,Consumer,1,1800,0.1,1620.0,950,670.0
ORD-103258,2025-08-25,2025-08,East,Electronics,Laptop,Corporate,1,55000,0.05,52250.0,42000,10250.0
ORD-104011,2025-08-25,2025-08,South,Accessories,Water Bottle,Corporate,3,600,0.1,1620.0,840,780.0
ORD-102929,2025-08-25,2025-08,North,Accessories,Backpack,Small Business,1,1800,0.0,1800.0,950,850.0
ORD-104845,2025-08-25,2025-08,South,Accessories,Backpack,Consumer,1,1800,0.0,1800.0,950,850.0
ORD-103679,2025-08-25,2025-08,North,Furniture,Office Chair,Corporate,1,8500,0.0,8500.0,5500,3000.0
ORD-104685,2025-08-25,2025-08,South,Electronics,Headphones,Consumer,1,3500,0.0,3500.0,2100,1400.0
ORD-104748,2025-08-25,2025-08,North,Electronics,Smartphone,Small Business,2,28000,0.1,50400.0,42000,8400.0
ORD-102840,2025-08-25,2025-08,East,Accessories,Water Bottle,Small Business,5,600,0.1,2700.0,1400,1300.0
ORD-104279,2025-08-25,2025-08,North,Stationery,Pen Set,Consumer,1,300,0.05,285.0,140,145.0
ORD-103199,2025-08-25,2025-08,North,Electronics,Headphones,Consumer,1,3500,0.15,2975.0,2100,875.0
ORD-101266,2025-08-25,2025-08,Central,Stationery,Pen Set,Small Business,1,300,0.0,300.0,140,160.0
ORD-101460,2025-08-26,2025-08,South,Electronics,Smartwatch,Consumer,2,9000,0.05,17100.0,12000,5100.0
ORD-102671,2025-08-26,2025-08,East,Electronics,Smartphone,Corporate,3,28000,0.1,75600.0,63000,12600.0
ORD-103915,2025-08-26,2025-08,South,Accessories,Backpack,Consumer,1,1800,0.05,1710.0,950,760.0
ORD-102466,2025-08-26,2025-08,West,Electronics,Headphones,Consumer,3,3500,0.0,10500.0,6300,4200.0
ORD-104950,2025-08-26,2025-08,East,Stationery,Pen Set,Consumer,1,300,0.0,300.0,140,160.0
ORD-101769,2025-08-26,2025-08,South,Electronics,Laptop,Corporate,1,55000,0.1,49500.0,42000,7500.0
ORD-103997,2025-08-26,2025-08,Central,Stationery,Notebook Pack,Consumer,1,450,0.1,405.0,250,155.0
ORD-104586,2025-08-26,2025-08,North,Accessories,Desk Lamp,Corporate,1,1400,0.0,1400.0,750,650.0
ORD-102317,2025-08-26,2025-08,West,Electronics,Headphones,Corporate,1,3500,0.1,3150.0,2100,1050.0
ORD-104026,2025-08-27,2025-08,East,Stationery,Pen Set,Consumer,5,300,0.15,1275.0,700,575.0
ORD-100572,2025-08-27,2025-08,West,Furniture,Office Chair,Small Business,1,8500,0.0,8500.0,5500,3000.0
ORD-102993,2025-08-27,2025-08,South,Electronics,Smartphone,Consumer,1,28000,0.0,28000.0,21000,7000.0
ORD-102099,2025-08-27,2025-08,West,Stationery,Pen Set,Consumer,1,300,0.05,285.0,140,145.0
ORD-101486,2025-08-27,2025-08,Central,Furniture,Office Chair,Small Business,2,8500,0.2,13600.0,11000,2600.0
ORD-101658,2025-08-27,2025-08,North,Furniture,Study Desk,Consumer,5,12000,0.0,60000.0,40000,20000.0
ORD-101106,2025-08-27,2025-08,East,Accessories,Backpack,Consumer,2,1800,0.0,3600.0,1900,1700.0
ORD-104241,2025-08-27,2025-08,West,Accessories,Water Bottle,Consumer,1,600,0.0,600.0,280,320.0
ORD-101290,2025-08-27,2025-08,North,Stationery,Pen Set,Consumer,5,300,0.1,1350.0,700,650.0
ORD-102305,2025-08-27,2025-08,Central,Electronics,Smartwatch,Consumer,1,9000,0.15,7650.0,6000,1650.0
ORD-104294,2025-08-27,2025-08,Central,Accessories,Backpack,Small Business,1,1800,0.0,1800.0,950,850.0
ORD-104465,2025-08-27,2025-08,Central,Furniture,Office Chair,Consumer,2,8500,0.0,17000.0,11000,6000.0
ORD-103870,2025-08-27,2025-08,Central,Accessories,Backpack,Consumer,1,1800,0.15,1530.0,950,580.0
ORD-103969,2025-08-28,2025-08,North,Stationery,Notebook Pack,Consumer,1,450,0.2,360.0,250,110.0
ORD-100823,2025-08-28,2025-08,West,Electronics,Smartphone,Corporate,2,28000,0.0,56000.0,42000,14000.0
ORD-100344,2025-08-28,2025-08,Central,Accessories,Water Bottle,Corporate,4,600,0.0,2400.0,1120,1280.0
ORD-104373,2025-08-28,2025-08,West,Stationery,Notebook Pack,Corporate,2,450,0.0,900.0,500,400.0
ORD-101226,2025-08-28,2025-08,North,Stationery,Pen Set,Consumer,1,300,0.15,255.0,140,115.0
ORD-100893,2025-08-28,2025-08,North,Furniture,Study Desk,Corporate,4,12000,0.1,43200.0,32000,11200.0
ORD-103651,2025-08-28,2025-08,South,Electronics,Smartwatch,Consumer,1,9000,0.05,8550.0,6000,2550.0
ORD-102724,2025-08-28,2025-08,Central,Stationery,Pen Set,Corporate,2,300,0.1,540.0,280,260.0
ORD-100773,2025-08-28,2025-08,West,Electronics,Headphones,Small Business,1,3500,0.05,3325.0,2100,1225.0
ORD-100677,2025-08-28,2025-08,North,Stationery,Pen Set,Corporate,1,300,0.0,300.0,140,160.0
ORD-101505,2025-08-28,2025-08,West,Accessories,Water Bottle,Consumer,1,600,0.0,600.0,280,320.0
ORD-102834,2025-08-28,2025-08,North,Furniture,Office Chair,Consumer,1,8500,0.15,7225.0,5500,1725.0
ORD-101692,2025-08-28,2025-08,West,Accessories,Backpack,Corporate,1,1800,0.1,1620.0,950,670.0
ORD-103048,2025-08-28,2025-08,West,Accessories,Desk Lamp,Consumer,1,1400,0.0,1400.0,750,650.0
ORD-103092,2025-08-29,2025-08,East,Electronics,Headphones,Consumer,1,3500,0.15,2975.0,2100,875.0
ORD-104544,2025-08-29,2025-08,South,Furniture,Bookshelf,Small Business,1,6500,0.0,6500.0,4200,2300.0
ORD-100817,2025-08-29,2025-08,East,Stationery,Pen Set,Small Business,1,300,0.0,300.0,140,160.0
ORD-103921,2025-08-29,2025-08,North,Electronics,Laptop,Consumer,1,55000,0.05,52250.0,42000,10250.0
ORD-104259,2025-08-29,2025-08,North,Electronics,Smartphone,Consumer,1,28000,0.1,25200.0,21000,4200.0
ORD-101636,2025-08-29,2025-08,Central,Stationery,Pen Set,Corporate,1,300,0.1,270.0,140,130.0
ORD-103780,2025-08-29,2025-08,North,Accessories,Desk Lamp,Consumer,2,1400,0.1,2520.0,1500,1020.0
ORD-104443,2025-08-29,2025-08,South,Accessories,Water Bottle,Consumer,1,600,0.1,540.0,280,260.0
ORD-103479,2025-08-30,2025-08,Central,Accessories,Water Bottle,Corporate,3,600,0.0,1800.0,840,960.0
ORD-101057,2025-08-30,2025-08,East,Accessories,Desk Lamp,Small Business,2,1400,0.0,2800.0,1500,1300.0
ORD-104147,2025-08-30,2025-08,South,Electronics,Smartwatch,Small Business,1,9000,0.15,7650.0,6000,1650.0
ORD-104276,2025-08-30,2025-08,South,Electronics,Headphones,Small Business,1,3500,0.0,3500.0,2100,1400.0
ORD-101891,2025-08-30,2025-08,Central,Electronics,Smartphone,Consumer,1,28000,0.15,23800.0,21000,2800.0
ORD-100864,2025-08-30,2025-08,West,Electronics,Smartphone,Corporate,1,28000,0.0,28000.0,21000,7000.0
ORD-102459,2025-08-30,2025-08,South,Electronics,Smartwatch,Consumer,5,9000,0.15,38250.0,30000,8250.0
ORD-104952,2025-08-30,2025-08,South,Accessories,Backpack,Corporate,1,1800,0.0,1800.0,950,850.0
ORD-100787,2025-08-30,2025-08,West,Electronics,Laptop,Consumer,3,55000,0.0,165000.0,126000,39000.0
ORD-103748,2025-08-30,2025-08,North,Accessories,Backpack,Consumer,4,1800,0.0,7200.0,3800,3400.0
ORD-101473,2025-08-31,2025-08,Central,Stationery,Notebook Pack,Consumer,5,450,0.15,1912.5,1250,662.5
ORD-103043,2025-08-31,2025-08,West,Accessories,Water Bottle,Consumer,3,600,0.1,1620.0,840,780.0
ORD-101677,2025-08-31,2025-08,South,Stationery,Pen Set,Consumer,1,300,0.0,300.0,140,160.0
ORD-104180,2025-08-31,2025-08,South,Electronics,Smartphone,Corporate,1,28000,0.0,28000.0,21000,7000.0
ORD-100555,2025-08-31,2025-08,West,Stationery,Notebook Pack,Corporate,3,450,0.1,1215.0,750,465.0
ORD-102689,2025-08-31,2025-08,West,Stationery,Notebook Pack,Corporate,1,450,0.0,450.0,250,200.0
ORD-104771,2025-08-31,2025-08,South,Accessories,Water Bottle,Small Business,1,600,0.0,600.0,280,320.0
ORD-102564,2025-08-31,2025-08,East,Furniture,Study Desk,Corporate,2,12000,0.0,24000.0,16000,8000.0
ORD-103858,2025-08-31,2025-08,East,Stationery,Notebook Pack,Consumer,1,450,0.0,450.0,250,200.0
ORD-101587,2025-08-31,2025-08,North,Electronics,Laptop,Consumer,2,55000,0.1,99000.0,84000,15000.0
ORD-103889,2025-08-31,2025-08,North,Stationery,Pen Set,Consumer,1,300,0.0,300.0,140,160.0
ORD-104460,2025-08-31,2025-08,West,Accessories,Desk Lamp,Consumer,2,1400,0.1,2520.0,1500,1020.0
ORD-102570,2025-09-01,2025-09,South,Accessories,Desk Lamp,Small Business,1,1400,0.05,1330.0,750,580.0
ORD-103017,2025-09-01,2025-09,East,Stationery,Notebook Pack,Small Business,1,450,0.1,405.0,250,155.0
ORD-104318,2025-09-01,2025-09,East,Accessories,Water Bottle,Small Business,1,600,0.0,600.0,280,320.0
ORD-104598,2025-09-01,2025-09,South,Furniture,Bookshelf,Corporate,1,6500,0.1,5850.0,4200,1650.0
ORD-103843,2025-09-02,2025-09,West,Electronics,Headphones,Corporate,3,3500,0.1,9450.0,6300,3150.0
ORD-104117,2025-09-02,2025-09,Central,Electronics,Smartphone,Consumer,2,28000,0.0,56000.0,42000,14000.0
ORD-103086,2025-09-02,2025-09,Central,Furniture,Office Chair,Consumer,1,8500,0.0,8500.0,5500,3000.0
ORD-103584,2025-09-02,2025-09,South,Electronics,Smartwatch,Corporate,2,9000,0.05,17100.0,12000,5100.0
ORD-102499,2025-09-02,2025-09,West,Accessories,Water Bottle,Small Business,1,600,0.15,510.0,280,230.0
ORD-101467,2025-09-02,2025-09,North,Stationery,Pen Set,Consumer,1,300,0.2,240.0,140,100.0
ORD-104515,2025-09-02,2025-09,North,Electronics,Headphones,Corporate,1,3500,0.1,3150.0,2100,1050.0
ORD-102548,2025-09-02,2025-09,West,Stationery,Pen Set,Small Business,2,300,0.05,570.0,280,290.0
ORD-102547,2025-09-02,2025-09,South,Stationery,Pen Set,Consumer,1,300,0.05,285.0,140,145.0
ORD-104674,2025-09-02,2025-09,South,Electronics,Headphones,Consumer,1,3500,0.0,3500.0,2100,1400.0
ORD-102887,2025-09-03,2025-09,South,Furniture,Office Chair,Consumer,1,8500,0.0,8500.0,5500,3000.0
ORD-102402,2025-09-03,2025-09,East,Furniture,Bookshelf,Consumer,2,6500,0.05,12350.0,8400,3950.0
ORD-100316,2025-09-03,2025-09,South,Stationery,Notebook Pack,Consumer,3,450,0.0,1350.0,750,600.0
ORD-101127,2025-09-03,2025-09,South,Furniture,Bookshelf,Consumer,3,6500,0.0,19500.0,12600,6900.0
ORD-101229,2025-09-03,2025-09,South,Stationery,Notebook Pack,Corporate,2,450,0.0,900.0,500,400.0
ORD-103169,2025-09-03,2025-09,North,Stationery,Pen Set,Consumer,2,300,0.0,600.0,280,320.0
ORD-104444,2025-09-03,2025-09,South,Furniture,Study Desk,Consumer,1,12000,0.1,10800.0,8000,2800.0
ORD-100913,2025-09-03,2025-09,South,Accessories,Water Bottle,Consumer,1,600,0.05,570.0,280,290.0
ORD-101961,2025-09-03,2025-09,South,Accessories,Water Bottle,Corporate,1,600,0.05,570.0,280,290.0
ORD-100873,2025-09-03,2025-09,West,Electronics,Smartwatch,Consumer,2,9000,0.1,16200.0,12000,4200.0
ORD-102057,2025-09-04,2025-09,South,Stationery,Notebook Pack,Small Business,4,450,0.0,1800.0,1000,800.0
ORD-100106,2025-09-04,2025-09,South,Electronics,Smartwatch,Consumer,4,9000,0.0,36000.0,24000,12000.0
ORD-102015,2025-09-04,2025-09,West,Stationery,Pen Set,Small Business,2,300,0.0,600.0,280,320.0
ORD-100713,2025-09-04,2025-09,Central,Accessories,Backpack,Small Business,2,1800,0.0,3600.0,1900,1700.0
ORD-101557,2025-09-04,2025-09,North,Accessories,Water Bottle,Consumer,1,600,0.1,540.0,280,260.0
ORD-100674,2025-09-04,2025-09,Central,Electronics,Laptop,Small Business,3,55000,0.1,148500.0,126000,22500.0
ORD-104020,2025-09-04,2025-09,South,Accessories,Water Bottle,Consumer,1,600,0.1,540.0,280,260.0
ORD-104576,2025-09-04,2025-09,West,Accessories,Desk Lamp,Corporate,1,1400,0.2,1120.0,750,370.0
ORD-102319,2025-09-04,2025-09,Central,Accessories,Desk Lamp,Consumer,1,1400,0.1,1260.0,750,510.0
ORD-104414,2025-09-04,2025-09,South,Stationery,Pen Set,Consumer,3,300,0.05,855.0,420,435.0
ORD-104244,2025-09-04,2025-09,East,Accessories,Backpack,Small Business,1,1800,0.0,1800.0,950,850.0
ORD-104044,2025-09-04,2025-09,South,Electronics,Headphones,Consumer,1,3500,0.0,3500.0,2100,1400.0
ORD-103410,2025-09-04,2025-09,South,Electronics,Smartphone,Consumer,1,28000,0.1,25200.0,21000,4200.0
ORD-103247,2025-09-04,2025-09,East,Electronics,Headphones,Corporate,1,3500,0.05,3325.0,2100,1225.0
ORD-103747,2025-09-04,2025-09,North,Stationery,Pen Set,Consumer,4,300,0.0,1200.0,560,640.0
ORD-104837,2025-09-05,2025-09,South,Accessories,Backpack,Consumer,3,1800,0.0,5400.0,2850,2550.0
ORD-104352,2025-09-05,2025-09,West,Electronics,Smartwatch,Consumer,3,9000,0.0,27000.0,18000,9000.0
ORD-100391,2025-09-05,2025-09,East,Stationery,Notebook Pack,Corporate,1,450,0.0,450.0,250,200.0
ORD-102687,2025-09-05,2025-09,South,Electronics,Headphones,Small Business,1,3500,0.0,3500.0,2100,1400.0
ORD-103866,2025-09-05,2025-09,South,Accessories,Backpack,Consumer,1,1800,0.0,1800.0,950,850.0
ORD-101919,2025-09-05,2025-09,South,Accessories,Water Bottle,Corporate,1,600,0.1,540.0,280,260.0
ORD-101534,2025-09-05,2025-09,North,Furniture,Bookshelf,Consumer,1,6500,0.05,6175.0,4200,1975.0
ORD-101739,2025-09-05,2025-09,Central,Electronics,Smartwatch,Consumer,1,9000,0.1,8100.0,6000,2100.0
ORD-100526,2025-09-06,2025-09,East,Stationery,Pen Set,Corporate,5,300,0.0,1500.0,700,800.0
ORD-104416,2025-09-06,2025-09,East,Accessories,Backpack,Consumer,2,1800,0.0,3600.0,1900,1700.0
ORD-104262,2025-09-06,2025-09,West,Stationery,Notebook Pack,Consumer,1,450,0.0,450.0,250,200.0
ORD-104458,2025-09-06,2025-09,West,Accessories,Backpack,Consumer,1,1800,0.1,1620.0,950,670.0
ORD-103240,2025-09-06,2025-09,West,Electronics,Smartwatch,Corporate,2,9000,0.15,15300.0,12000,3300.0
ORD-101744,2025-09-06,2025-09,South,Accessories,Water Bottle,Consumer,1,600,0.05,570.0,280,290.0
ORD-104704,2025-09-06,2025-09,South,Accessories,Water Bottle,Small Business,2,600,0.05,1140.0,560,580.0
ORD-100130,2025-09-07,2025-09,East,Accessories,Desk Lamp,Consumer,1,1400,0.05,1330.0,750,580.0
ORD-101082,2025-09-07,2025-09,South,Furniture,Study Desk,Consumer,1,12000,0.0,12000.0,8000,4000.0
ORD-102903,2025-09-07,2025-09,West,Accessories,Water Bottle,Consumer,5,600,0.15,2550.0,1400,1150.0
ORD-100511,2025-09-07,2025-09,Central,Stationery,Notebook Pack,Corporate,2,450,0.0,900.0,500,400.0
ORD-104784,2025-09-07,2025-09,East,Stationery,Notebook Pack,Corporate,1,450,0.0,450.0,250,200.0
ORD-103939,2025-09-07,2025-09,South,Accessories,Water Bottle,Consumer,1,600,0.0,600.0,280,320.0
ORD-101063,2025-09-07,2025-09,East,Accessories,Water Bottle,Consumer,1,600,0.15,510.0,280,230.0
ORD-103936,2025-09-07,2025-09,North,Stationery,Pen Set,Corporate,2,300,0.05,570.0,280,290.0
ORD-102123,2025-09-07,2025-09,West,Accessories,Desk Lamp,Corporate,3,1400,0.1,3780.0,2250,1530.0
ORD-102655,2025-09-07,2025-09,West,Electronics,Headphones,Corporate,1,3500,0.0,3500.0,2100,1400.0
ORD-103850,2025-09-07,2025-09,Central,Electronics,Headphones,Small Business,2,3500,0.05,6650.0,4200,2450.0
ORD-104499,2025-09-08,2025-09,North,Stationery,Notebook Pack,Corporate,2,450,0.0,900.0,500,400.0
ORD-101224,2025-09-08,2025-09,North,Furniture,Bookshelf,Consumer,1,6500,0.0,6500.0,4200,2300.0
ORD-104476,2025-09-08,2025-09,Central,Accessories,Water Bottle,Consumer,2,600,0.1,1080.0,560,520.0
ORD-104723,2025-09-08,2025-09,West,Electronics,Smartwatch,Consumer,1,9000,0.0,9000.0,6000,3000.0
ORD-103563,2025-09-08,2025-09,West,Stationery,Notebook Pack,Consumer,4,450,0.1,1620.0,1000,620.0
ORD-103957,2025-09-08,2025-09,West,Furniture,Bookshelf,Corporate,1,6500,0.0,6500.0,4200,2300.0
ORD-102873,2025-09-08,2025-09,West,Electronics,Smartphone,Consumer,2,28000,0.2,44800.0,42000,2800.0
ORD-103031,2025-09-08,2025-09,East,Furniture,Study Desk,Corporate,1,12000,0.1,10800.0,8000,2800.0
ORD-100328,2025-09-08,2025-09,South,Stationery,Notebook Pack,Small Business,2,450,0.0,900.0,500,400.0
ORD-102024,2025-09-08,2025-09,East,Stationery,Notebook Pack,Corporate,1,450,0.0,450.0,250,200.0
ORD-100835,2025-09-08,2025-09,East,Accessories,Desk Lamp,Corporate,1,1400,0.0,1400.0,750,650.0
ORD-100954,2025-09-08,2025-09,North,Accessories,Water Bottle,Consumer,2,600,0.0,1200.0,560,640.0
ORD-104710,2025-09-08,2025-09,North,Furniture,Bookshelf,Consumer,1,6500,0.1,5850.0,4200,1650.0
ORD-103875,2025-09-08,2025-09,North,Electronics,Smartphone,Small Business,2,28000,0.05,53200.0,42000,11200.0
ORD-102339,2025-09-08,2025-09,East,Electronics,Headphones,Consumer,4,3500,0.1,12600.0,8400,4200.0
ORD-104450,2025-09-08,2025-09,South,Accessories,Water Bottle,Consumer,3,600,0.0,1800.0,840,960.0
ORD-103262,2025-09-08,2025-09,West,Stationery,Pen Set,Consumer,1,300,0.15,255.0,140,115.0
ORD-102361,2025-09-09,2025-09,South,Furniture,Office Chair,Consumer,3,8500,0.0,25500.0,16500,9000.0
ORD-102318,2025-09-09,2025-09,South,Electronics,Laptop,Small Business,2,55000,0.0,110000.0,84000,26000.0
ORD-104705,2025-09-09,2025-09,North,Stationery,Notebook Pack,Consumer,1,450,0.15,382.5,250,132.5
ORD-101357,2025-09-09,2025-09,South,Accessories,Water Bottle,Corporate,1,600,0.0,600.0,280,320.0
ORD-101957,2025-09-09,2025-09,West,Accessories,Desk Lamp,Consumer,2,1400,0.1,2520.0,1500,1020.0
ORD-101064,2025-09-09,2025-09,South,Electronics,Laptop,Consumer,2,55000,0.15,93500.0,84000,9500.0
ORD-100904,2025-09-09,2025-09,North,Stationery,Pen Set,Consumer,3,300,0.05,855.0,420,435.0
ORD-102918,2025-09-10,2025-09,North,Electronics,Smartphone,Consumer,1,28000,0.1,25200.0,21000,4200.0
ORD-103046,2025-09-10,2025-09,West,Electronics,Headphones,Corporate,1,3500,0.0,3500.0,2100,1400.0
ORD-102202,2025-09-10,2025-09,East,Electronics,Smartphone,Consumer,1,28000,0.1,25200.0,21000,4200.0
ORD-101565,2025-09-10,2025-09,South,Electronics,Smartwatch,Small Business,2,9000,0.1,16200.0,12000,4200.0
ORD-104930,2025-09-10,2025-09,West,Electronics,Smartphone,Consumer,2,28000,0.0,56000.0,42000,14000.0
ORD-100804,2025-09-10,2025-09,South,Accessories,Desk Lamp,Consumer,2,1400,0.05,2660.0,1500,1160.0
ORD-103489,2025-09-10,2025-09,North,Stationery,Notebook Pack,Consumer,2,450,0.05,855.0,500,355.0
ORD-100691,2025-09-11,2025-09,North,Electronics,Smartphone,Corporate,4,28000,0.05,106400.0,84000,22400.0
ORD-103979,2025-09-11,2025-09,South,Electronics,Headphones,Consumer,3,3500,0.15,8925.0,6300,2625.0
ORD-100452,2025-09-11,2025-09,North,Accessories,Water Bottle,Small Business,2,600,0.0,1200.0,560,640.0
ORD-101733,2025-09-11,2025-09,South,Stationery,Notebook Pack,Corporate,5,450,0.1,2025.0,1250,775.0
ORD-100924,2025-09-11,2025-09,South,Accessories,Backpack,Consumer,4,1800,0.05,6840.0,3800,3040.0
ORD-103351,2025-09-11,2025-09,North,Electronics,Smartwatch,Small Business,2,9000,0.1,16200.0,12000,4200.0
ORD-101345,2025-09-11,2025-09,North,Accessories,Desk Lamp,Consumer,2,1400,0.0,2800.0,1500,1300.0
ORD-102898,2025-09-11,2025-09,South,Accessories,Water Bottle,Consumer,1,600,0.05,570.0,280,290.0
ORD-100125,2025-09-12,2025-09,East,Accessories,Water Bottle,Consumer,1,600,0.15,510.0,280,230.0
ORD-100097,2025-09-12,2025-09,South,Accessories,Backpack,Corporate,2,1800,0.15,3060.0,1900,1160.0
ORD-104101,2025-09-12,2025-09,West,Accessories,Backpack,Consumer,2,1800,0.1,3240.0,1900,1340.0
ORD-101210,2025-09-12,2025-09,East,Electronics,Headphones,Small Business,1,3500,0.1,3150.0,2100,1050.0
ORD-104969,2025-09-12,2025-09,North,Stationery,Pen Set,Corporate,1,300,0.0,300.0,140,160.0
ORD-104594,2025-09-12,2025-09,South,Stationery,Notebook Pack,Consumer,1,450,0.2,360.0,250,110.0
ORD-103153,2025-09-12,2025-09,Central,Furniture,Study Desk,Consumer,1,12000,0.1,10800.0,8000,2800.0
ORD-101075,2025-09-12,2025-09,North,Stationery,Notebook Pack,Consumer,1,450,0.0,450.0,250,200.0
ORD-104536,2025-09-12,2025-09,East,Stationery,Pen Set,Consumer,1,300,0.1,270.0,140,130.0
ORD-102129,2025-09-12,2025-09,Central,Stationery,Notebook Pack,Corporate,1,450,0.1,405.0,250,155.0
ORD-104045,2025-09-12,2025-09,North,Furniture,Office Chair,Consumer,1,8500,0.0,8500.0,5500,3000.0
ORD-103241,2025-09-13,2025-09,West,Electronics,Smartphone,Consumer,1,28000,0.0,28000.0,21000,7000.0
ORD-104076,2025-09-13,2025-09,West,Stationery,Pen Set,Small Business,1,300,0.0,300.0,140,160.0
ORD-100397,2025-09-13,2025-09,South,Stationery,Pen Set,Corporate,1,300,0.0,300.0,140,160.0
ORD-104525,2025-09-13,2025-09,South,Furniture,Study Desk,Corporate,2,12000,0.05,22800.0,16000,6800.0
ORD-102373,2025-09-13,2025-09,East,Electronics,Smartwatch,Corporate,3,9000,0.0,27000.0,18000,9000.0
ORD-103758,2025-09-13,2025-09,North,Electronics,Headphones,Corporate,1,3500,0.05,3325.0,2100,1225.0
ORD-101588,2025-09-13,2025-09,North,Accessories,Backpack,Consumer,2,1800,0.15,3060.0,1900,1160.0
ORD-103893,2025-09-13,2025-09,East,Accessories,Desk Lamp,Consumer,1,1400,0.0,1400.0,750,650.0
ORD-100246,2025-09-13,2025-09,West,Electronics,Headphones,Corporate,2,3500,0.0,7000.0,4200,2800.0
ORD-101977,2025-09-13,2025-09,West,Accessories,Water Bottle,Small Business,1,600,0.2,480.0,280,200.0
ORD-102828,2025-09-13,2025-09,East,Furniture,Study Desk,Consumer,1,12000,0.0,12000.0,8000,4000.0
ORD-103647,2025-09-13,2025-09,North,Stationery,Pen Set,Consumer,1,300,0.05,285.0,140,145.0
ORD-101396,2025-09-14,2025-09,East,Accessories,Backpack,Consumer,2,1800,0.0,3600.0,1900,1700.0
ORD-100654,2025-09-14,2025-09,North,Furniture,Study Desk,Corporate,2,12000,0.1,21600.0,16000,5600.0
ORD-104734,2025-09-14,2025-09,West,Stationery,Notebook Pack,Consumer,3,450,0.1,1215.0,750,465.0
ORD-102383,2025-09-14,2025-09,East,Stationery,Notebook Pack,Consumer,5,450,0.0,2250.0,1250,1000.0
ORD-103036,2025-09-14,2025-09,South,Stationery,Notebook Pack,Consumer,3,450,0.05,1282.5,750,532.5
ORD-103900,2025-09-14,2025-09,South,Electronics,Smartwatch,Consumer,2,9000,0.0,18000.0,12000,6000.0
ORD-103806,2025-09-14,2025-09,South,Furniture,Bookshelf,Small Business,2,6500,0.05,12350.0,8400,3950.0
ORD-101255,2025-09-14,2025-09,East,Accessories,Desk Lamp,Small Business,1,1400,0.0,1400.0,750,650.0
ORD-102257,2025-09-14,2025-09,North,Stationery,Notebook Pack,Small Business,1,450,0.0,450.0,250,200.0
ORD-100018,2025-09-14,2025-09,East,Electronics,Smartphone,Consumer,2,28000,0.15,47600.0,42000,5600.0
ORD-102392,2025-09-14,2025-09,West,Stationery,Pen Set,Small Business,1,300,0.1,270.0,140,130.0
ORD-102622,2025-09-15,2025-09,North,Accessories,Desk Lamp,Small Business,1,1400,0.0,1400.0,750,650.0
ORD-103767,2025-09-15,2025-09,North,Stationery,Pen Set,Consumer,1,300,0.0,300.0,140,160.0
ORD-102775,2025-09-15,2025-09,North,Stationery,Notebook Pack,Corporate,4,450,0.0,1800.0,1000,800.0
ORD-101701,2025-09-15,2025-09,West,Stationery,Notebook Pack,Consumer,5,450,0.0,2250.0,1250,1000.0
ORD-103381,2025-09-15,2025-09,North,Electronics,Headphones,Consumer,2,3500,0.0,7000.0,4200,2800.0
ORD-101949,2025-09-15,2025-09,North,Accessories,Backpack,Consumer,2,1800,0.0,3600.0,1900,1700.0
ORD-104298,2025-09-15,2025-09,Central,Stationery,Notebook Pack,Consumer,2,450,0.05,855.0,500,355.0
ORD-103103,2025-09-15,2025-09,North,Accessories,Backpack,Consumer,1,1800,0.1,1620.0,950,670.0
ORD-100343,2025-09-15,2025-09,North,Stationery,Pen Set,Consumer,1,300,0.1,270.0,140,130.0
ORD-103300,2025-09-15,2025-09,West,Stationery,Notebook Pack,Corporate,1,450,0.1,405.0,250,155.0
ORD-103099,2025-09-15,2025-09,East,Stationery,Notebook Pack,Consumer,1,450,0.0,450.0,250,200.0
ORD-102648,2025-09-15,2025-09,South,Stationery,Pen Set,Consumer,2,300,0.05,570.0,280,290.0
ORD-104941,2025-09-15,2025-09,North,Electronics,Headphones,Corporate,1,3500,0.05,3325.0,2100,1225.0
ORD-103021,2025-09-15,2025-09,West,Accessories,Water Bottle,Consumer,1,600,0.15,510.0,280,230.0
ORD-101222,2025-09-15,2025-09,North,Accessories,Backpack,Consumer,3,1800,0.1,4860.0,2850,2010.0
ORD-101841,2025-09-15,2025-09,North,Stationery,Pen Set,Small Business,3,300,0.0,900.0,420,480.0
ORD-100987,2025-09-16,2025-09,Central,Electronics,Laptop,Consumer,2,55000,0.0,110000.0,84000,26000.0
ORD-104718,2025-09-16,2025-09,North,Electronics,Headphones,Small Business,2,3500,0.05,6650.0,4200,2450.0
ORD-101479,2025-09-16,2025-09,North,Accessories,Water Bottle,Consumer,1,600,0.1,540.0,280,260.0
ORD-103105,2025-09-16,2025-09,East,Stationery,Pen Set,Corporate,2,300,0.05,570.0,280,290.0
ORD-102259,2025-09-16,2025-09,South,Accessories,Water Bottle,Corporate,3,600,0.0,1800.0,840,960.0
ORD-102980,2025-09-17,2025-09,North,Electronics,Headphones,Consumer,2,3500,0.05,6650.0,4200,2450.0
ORD-101777,2025-09-17,2025-09,South,Stationery,Notebook Pack,Small Business,2,450,0.15,765.0,500,265.0
ORD-100567,2025-09-17,2025-09,West,Stationery,Notebook Pack,Consumer,1,450,0.0,450.0,250,200.0
ORD-100915,2025-09-17,2025-09,North,Electronics,Smartphone,Consumer,2,28000,0.15,47600.0,42000,5600.0
ORD-102864,2025-09-17,2025-09,South,Stationery,Notebook Pack,Corporate,1,450,0.0,450.0,250,200.0
ORD-101988,2025-09-17,2025-09,North,Accessories,Backpack,Small Business,1,1800,0.1,1620.0,950,670.0
ORD-102794,2025-09-17,2025-09,West,Furniture,Bookshelf,Small Business,3,6500,0.1,17550.0,12600,4950.0
ORD-103665,2025-09-18,2025-09,East,Accessories,Water Bottle,Consumer,3,600,0.0,1800.0,840,960.0
ORD-102507,2025-09-18,2025-09,South,Accessories,Desk Lamp,Corporate,3,1400,0.0,4200.0,2250,1950.0
ORD-101842,2025-09-18,2025-09,North,Accessories,Water Bottle,Corporate,1,600,0.15,510.0,280,230.0
ORD-100738,2025-09-18,2025-09,North,Electronics,Headphones,Consumer,1,3500,0.05,3325.0,2100,1225.0
ORD-103529,2025-09-18,2025-09,East,Electronics,Smartphone,Corporate,2,28000,0.0,56000.0,42000,14000.0
ORD-101352,2025-09-18,2025-09,North,Electronics,Smartwatch,Consumer,4,9000,0.0,36000.0,24000,12000.0
ORD-104332,2025-09-18,2025-09,South,Electronics,Smartphone,Corporate,3,28000,0.0,84000.0,63000,21000.0
ORD-101704,2025-09-18,2025-09,South,Electronics,Headphones,Corporate,3,3500,0.0,10500.0,6300,4200.0
ORD-100310,2025-09-18,2025-09,South,Accessories,Desk Lamp,Small Business,1,1400,0.1,1260.0,750,510.0
ORD-103208,2025-09-18,2025-09,South,Electronics,Headphones,Corporate,1,3500,0.0,3500.0,2100,1400.0
ORD-102444,2025-09-19,2025-09,South,Electronics,Smartphone,Consumer,4,28000,0.05,106400.0,84000,22400.0
ORD-100039,2025-09-19,2025-09,Central,Electronics,Smartphone,Consumer,1,28000,0.1,25200.0,21000,4200.0
ORD-102116,2025-09-19,2025-09,West,Stationery,Notebook Pack,Consumer,4,450,0.15,1530.0,1000,530.0
ORD-100426,2025-09-19,2025-09,Central,Furniture,Office Chair,Corporate,2,8500,0.0,17000.0,11000,6000.0
ORD-101946,2025-09-19,2025-09,North,Furniture,Office Chair,Small Business,4,8500,0.05,32300.0,22000,10300.0
ORD-100863,2025-09-19,2025-09,South,Stationery,Notebook Pack,Consumer,5,450,0.0,2250.0,1250,1000.0
ORD-104367,2025-09-19,2025-09,West,Accessories,Backpack,Consumer,2,1800,0.0,3600.0,1900,1700.0
ORD-104694,2025-09-19,2025-09,South,Electronics,Headphones,Corporate,2,3500,0.0,7000.0,4200,2800.0
ORD-104265,2025-09-20,2025-09,North,Electronics,Headphones,Small Business,1,3500,0.0,3500.0,2100,1400.0
ORD-103718,2025-09-20,2025-09,West,Furniture,Office Chair,Consumer,1,8500,0.0,8500.0,5500,3000.0
ORD-103433,2025-09-20,2025-09,West,Stationery,Notebook Pack,Corporate,1,450,0.15,382.5,250,132.5
ORD-103995,2025-09-20,2025-09,East,Stationery,Notebook Pack,Consumer,4,450,0.1,1620.0,1000,620.0
ORD-103154,2025-09-20,2025-09,West,Electronics,Smartwatch,Consumer,2,9000,0.05,17100.0,12000,5100.0
ORD-101443,2025-09-20,2025-09,North,Stationery,Notebook Pack,Corporate,2,450,0.1,810.0,500,310.0
ORD-104340,2025-09-20,2025-09,West,Furniture,Office Chair,Corporate,3,8500,0.0,25500.0,16500,9000.0
ORD-104198,2025-09-20,2025-09,West,Accessories,Backpack,Consumer,1,1800,0.0,1800.0,950,850.0
ORD-102263,2025-09-20,2025-09,North,Electronics,Smartphone,Consumer,1,28000,0.05,26600.0,21000,5600.0
ORD-104933,2025-09-21,2025-09,North,Furniture,Office Chair,Corporate,1,8500,0.1,7650.0,5500,2150.0
ORD-102778,2025-09-21,2025-09,West,Accessories,Backpack,Consumer,3,1800,0.05,5130.0,2850,2280.0
ORD-104751,2025-09-21,2025-09,North,Electronics,Headphones,Consumer,1,3500,0.0,3500.0,2100,1400.0
ORD-102456,2025-09-21,2025-09,East,Electronics,Headphones,Small Business,1,3500,0.05,3325.0,2100,1225.0
ORD-101376,2025-09-21,2025-09,West,Accessories,Backpack,Consumer,1,1800,0.1,1620.0,950,670.0
ORD-104172,2025-09-21,2025-09,North,Stationery,Pen Set,Consumer,1,300,0.05,285.0,140,145.0
ORD-103160,2025-09-21,2025-09,Central,Stationery,Notebook Pack,Corporate,4,450,0.05,1710.0,1000,710.0
ORD-102378,2025-09-22,2025-09,East,Stationery,Notebook Pack,Small Business,4,450,0.1,1620.0,1000,620.0
ORD-100999,2025-09-22,2025-09,North,Stationery,Pen Set,Small Business,1,300,0.1,270.0,140,130.0
ORD-101659,2025-09-22,2025-09,South,Furniture,Office Chair,Consumer,3,8500,0.0,25500.0,16500,9000.0
ORD-104975,2025-09-22,2025-09,North,Stationery,Notebook Pack,Small Business,1,450,0.0,450.0,250,200.0
ORD-101207,2025-09-22,2025-09,South,Electronics,Headphones,Consumer,2,3500,0.1,6300.0,4200,2100.0
ORD-102763,2025-09-22,2025-09,West,Stationery,Pen Set,Corporate,3,300,0.0,900.0,420,480.0
ORD-103732,2025-09-22,2025-09,South,Accessories,Desk Lamp,Corporate,1,1400,0.0,1400.0,750,650.0
ORD-100635,2025-09-22,2025-09,North,Accessories,Desk Lamp,Consumer,1,1400,0.2,1120.0,750,370.0
ORD-102195,2025-09-22,2025-09,East,Stationery,Notebook Pack,Consumer,2,450,0.0,900.0,500,400.0
ORD-102583,2025-09-23,2025-09,North,Accessories,Water Bottle,Corporate,3,600,0.15,1530.0,840,690.0
ORD-101489,2025-09-23,2025-09,West,Stationery,Notebook Pack,Consumer,1,450,0.1,405.0,250,155.0
ORD-101736,2025-09-23,2025-09,Central,Stationery,Pen Set,Consumer,1,300,0.2,240.0,140,100.0
ORD-101914,2025-09-23,2025-09,South,Accessories,Water Bottle,Consumer,2,600,0.05,1140.0,560,580.0
ORD-100415,2025-09-23,2025-09,South,Accessories,Water Bottle,Corporate,1,600,0.0,600.0,280,320.0
ORD-103669,2025-09-23,2025-09,West,Accessories,Water Bottle,Small Business,2,600,0.05,1140.0,560,580.0
ORD-102512,2025-09-23,2025-09,North,Electronics,Headphones,Consumer,5,3500,0.0,17500.0,10500,7000.0
ORD-102006,2025-09-23,2025-09,East,Stationery,Notebook Pack,Consumer,2,450,0.15,765.0,500,265.0
ORD-104954,2025-09-24,2025-09,North,Stationery,Pen Set,Consumer,1,300,0.1,270.0,140,130.0
ORD-101569,2025-09-24,2025-09,South,Accessories,Backpack,Consumer,3,1800,0.1,4860.0,2850,2010.0
ORD-102158,2025-09-24,2025-09,South,Furniture,Bookshelf,Corporate,1,6500,0.2,5200.0,4200,1000.0
ORD-103090,2025-09-24,2025-09,West,Electronics,Headphones,Small Business,2,3500,0.0,7000.0,4200,2800.0
ORD-101629,2025-09-24,2025-09,West,Stationery,Notebook Pack,Consumer,4,450,0.0,1800.0,1000,800.0
ORD-103280,2025-09-24,2025-09,South,Accessories,Backpack,Small Business,1,1800,0.0,1800.0,950,850.0
ORD-100808,2025-09-24,2025-09,East,Accessories,Backpack,Small Business,1,1800,0.05,1710.0,950,760.0
ORD-100538,2025-09-24,2025-09,East,Stationery,Pen Set,Consumer,1,300,0.05,285.0,140,145.0
ORD-104257,2025-09-24,2025-09,North,Accessories,Desk Lamp,Consumer,1,1400,0.1,1260.0,750,510.0
ORD-101211,2025-09-24,2025-09,North,Stationery,Pen Set,Consumer,2,300,0.0,600.0,280,320.0
ORD-102077,2025-09-24,2025-09,East,Stationery,Notebook Pack,Consumer,1,450,0.0,450.0,250,200.0
ORD-103987,2025-09-24,2025-09,Central,Electronics,Smartwatch,Consumer,2,9000,0.0,18000.0,12000,6000.0
ORD-101314,2025-09-25,2025-09,South,Accessories,Desk Lamp,Consumer,2,1400,0.1,2520.0,1500,1020.0
ORD-101418,2025-09-25,2025-09,West,Accessories,Backpack,Corporate,1,1800,0.0,1800.0,950,850.0
ORD-100829,2025-09-25,2025-09,East,Stationery,Notebook Pack,Consumer,5,450,0.0,2250.0,1250,1000.0
ORD-100831,2025-09-25,2025-09,South,Electronics,Smartphone,Consumer,2,28000,0.1,50400.0,42000,8400.0
ORD-100861,2025-09-25,2025-09,East,Furniture,Office Chair,Small Business,1,8500,0.0,8500.0,5500,3000.0
ORD-101430,2025-09-26,2025-09,West,Electronics,Headphones,Consumer,4,3500,0.0,14000.0,8400,5600.0
ORD-101263,2025-09-26,2025-09,Central,Stationery,Notebook Pack,Corporate,4,450,0.1,1620.0,1000,620.0
ORD-103450,2025-09-26,2025-09,West,Accessories,Backpack,Consumer,1,1800,0.0,1800.0,950,850.0
ORD-104243,2025-09-26,2025-09,West,Stationery,Notebook Pack,Corporate,1,450,0.05,427.5,250,177.5
ORD-102409,2025-09-26,2025-09,East,Accessories,Desk Lamp,Consumer,2,1400,0.0,2800.0,1500,1300.0
ORD-103466,2025-09-26,2025-09,South,Stationery,Notebook Pack,Corporate,2,450,0.0,900.0,500,400.0
ORD-101389,2025-09-26,2025-09,East,Furniture,Bookshelf,Consumer,1,6500,0.0,6500.0,4200,2300.0
ORD-103586,2025-09-26,2025-09,West,Accessories,Desk Lamp,Corporate,1,1400,0.05,1330.0,750,580.0
ORD-103149,2025-09-26,2025-09,South,Accessories,Backpack,Corporate,2,1800,0.2,2880.0,1900,980.0
ORD-100490,2025-09-26,2025-09,North,Electronics,Smartwatch,Consumer,5,9000,0.05,42750.0,30000,12750.0
ORD-101760,2025-09-26,2025-09,South,Stationery,Pen Set,Consumer,5,300,0.05,1425.0,700,725.0
ORD-100482,2025-09-26,2025-09,South,Accessories,Backpack,Corporate,3,1800,0.0,5400.0,2850,2550.0
ORD-102649,2025-09-27,2025-09,East,Accessories,Water Bottle,Small Business,1,600,0.1,540.0,280,260.0
ORD-102336,2025-09-27,2025-09,North,Electronics,Headphones,Consumer,4,3500,0.1,12600.0,8400,4200.0
ORD-100024,2025-09-27,2025-09,Central,Accessories,Backpack,Consumer,2,1800,0.0,3600.0,1900,1700.0
ORD-103559,2025-09-28,2025-09,West,Stationery,Notebook Pack,Small Business,1,450,0.0,450.0,250,200.0
ORD-102063,2025-09-28,2025-09,West,Stationery,Pen Set,Consumer,2,300,0.05,570.0,280,290.0
ORD-103564,2025-09-28,2025-09,South,Furniture,Bookshelf,Consumer,1,6500,0.05,6175.0,4200,1975.0
ORD-103123,2025-09-28,2025-09,West,Stationery,Notebook Pack,Corporate,1,450,0.0,450.0,250,200.0
ORD-100362,2025-09-28,2025-09,East,Accessories,Desk Lamp,Consumer,1,1400,0.0,1400.0,750,650.0
ORD-102050,2025-09-28,2025-09,West,Electronics,Smartwatch,Corporate,3,9000,0.05,25650.0,18000,7650.0
ORD-104711,2025-09-28,2025-09,West,Electronics,Smartphone,Consumer,1,28000,0.0,28000.0,21000,7000.0
ORD-102773,2025-09-28,2025-09,South,Furniture,Study Desk,Consumer,1,12000,0.1,10800.0,8000,2800.0
ORD-101982,2025-09-28,2025-09,Central,Stationery,Notebook Pack,Small Business,2,450,0.0,900.0,500,400.0
ORD-103632,2025-09-28,2025-09,North,Electronics,Headphones,Corporate,1,3500,0.0,3500.0,2100,1400.0
ORD-103834,2025-09-28,2025-09,Central,Furniture,Bookshelf,Consumer,1,6500,0.1,5850.0,4200,1650.0
ORD-102423,2025-09-28,2025-09,South,Stationery,Notebook Pack,Small Business,1,450,0.05,427.5,250,177.5
ORD-104554,2025-09-28,2025-09,East,Electronics,Smartwatch,Small Business,1,9000,0.05,8550.0,6000,2550.0
ORD-102146,2025-09-28,2025-09,West,Electronics,Laptop,Corporate,1,55000,0.2,44000.0,42000,2000.0
ORD-103811,2025-09-28,2025-09,South,Electronics,Laptop,Small Business,2,55000,0.0,110000.0,84000,26000.0
ORD-101770,2025-09-28,2025-09,North,Electronics,Laptop,Small Business,1,55000,0.0,55000.0,42000,13000.0
ORD-100580,2025-09-28,2025-09,North,Furniture,Bookshelf,Small Business,3,6500,0.0,19500.0,12600,6900.0
ORD-102723,2025-09-28,2025-09,West,Accessories,Water Bottle,Corporate,1,600,0.0,600.0,280,320.0
ORD-101885,2025-09-29,2025-09,Central,Electronics,Smartphone,Consumer,1,28000,0.1,25200.0,21000,4200.0
ORD-102196,2025-09-29,2025-09,North,Accessories,Backpack,Consumer,1,1800,0.1,1620.0,950,670.0
ORD-101857,2025-09-29,2025-09,South,Furniture,Study Desk,Consumer,2,12000,0.05,22800.0,16000,6800.0
ORD-104662,2025-09-29,2025-09,South,Furniture,Office Chair,Consumer,2,8500,0.1,15300.0,11000,4300.0
ORD-104758,2025-09-29,2025-09,North,Accessories,Backpack,Corporate,1,1800,0.0,1800.0,950,850.0
ORD-101713,2025-09-29,2025-09,West,Furniture,Bookshelf,Small Business,1,6500,0.05,6175.0,4200,1975.0
ORD-100605,2025-09-29,2025-09,East,Electronics,Headphones,Consumer,2,3500,0.1,6300.0,4200,2100.0
ORD-101782,2025-09-29,2025-09,East,Accessories,Backpack,Consumer,5,1800,0.1,8100.0,4750,3350.0
ORD-100626,2025-09-30,2025-09,South,Accessories,Water Bottle,Corporate,4,600,0.1,2160.0,1120,1040.0
ORD-102953,2025-09-30,2025-09,North,Electronics,Smartwatch,Consumer,1,9000,0.0,9000.0,6000,3000.0
ORD-102484,2025-09-30,2025-09,South,Accessories,Backpack,Small Business,2,1800,0.1,3240.0,1900,1340.0
ORD-102056,2025-09-30,2025-09,West,Accessories,Water Bottle,Consumer,1,600,0.0,600.0,280,320.0
ORD-101497,2025-09-30,2025-09,North,Furniture,Bookshelf,Consumer,4,6500,0.0,26000.0,16800,9200.0
ORD-100788,2025-09-30,2025-09,Central,Accessories,Backpack,Consumer,1,1800,0.1,1620.0,950,670.0
ORD-100740,2025-09-30,2025-09,West,Electronics,Headphones,Consumer,3,3500,0.0,10500.0,6300,4200.0
ORD-101341,2025-09-30,2025-09,East,Electronics,Headphones,Corporate,2,3500,0.15,5950.0,4200,1750.0
ORD-100286,2025-10-01,2025-10,Central,Stationery,Notebook Pack,Corporate,4,450,0.1,1620.0,1000,620.0
ORD-104926,2025-10-01,2025-10,South,Accessories,Desk Lamp,Small Business,1,1400,0.0,1400.0,750,650.0
ORD-102693,2025-10-01,2025-10,East,Accessories,Water Bottle,Consumer,4,600,0.0,2400.0,1120,1280.0
ORD-102082,2025-10-01,2025-10,South,Electronics,Smartphone,Consumer,2,28000,0.0,56000.0,42000,14000.0
ORD-103507,2025-10-01,2025-10,East,Accessories,Backpack,Consumer,2,1800,0.0,3600.0,1900,1700.0
ORD-104095,2025-10-01,2025-10,West,Accessories,Backpack,Consumer,3,1800,0.0,5400.0,2850,2550.0
ORD-103787,2025-10-01,2025-10,West,Electronics,Smartphone,Small Business,1,28000,0.15,23800.0,21000,2800.0
ORD-101620,2025-10-01,2025-10,North,Stationery,Notebook Pack,Corporate,1,450,0.1,405.0,250,155.0
ORD-102032,2025-10-01,2025-10,East,Accessories,Backpack,Consumer,2,1800,0.0,3600.0,1900,1700.0
ORD-103309,2025-10-01,2025-10,East,Stationery,Notebook Pack,Consumer,2,450,0.1,810.0,500,310.0
ORD-100494,2025-10-01,2025-10,South,Stationery,Pen Set,Consumer,2,300,0.0,600.0,280,320.0
ORD-104042,2025-10-02,2025-10,Central,Stationery,Pen Set,Consumer,5,300,0.0,1500.0,700,800.0
ORD-104228,2025-10-02,2025-10,South,Electronics,Laptop,Consumer,1,55000,0.0,55000.0,42000,13000.0
ORD-103826,2025-10-02,2025-10,West,Stationery,Notebook Pack,Corporate,3,450,0.05,1282.5,750,532.5
ORD-103643,2025-10-02,2025-10,South,Stationery,Notebook Pack,Consumer,1,450,0.0,450.0,250,200.0
ORD-101085,2025-10-02,2025-10,South,Furniture,Bookshelf,Corporate,1,6500,0.0,6500.0,4200,2300.0
ORD-103284,2025-10-02,2025-10,East,Stationery,Notebook Pack,Small Business,4,450,0.0,1800.0,1000,800.0
ORD-103642,2025-10-02,2025-10,South,Stationery,Pen Set,Consumer,1,300,0.1,270.0,140,130.0
ORD-103735,2025-10-03,2025-10,Central,Electronics,Headphones,Small Business,3,3500,0.0,10500.0,6300,4200.0
ORD-102756,2025-10-03,2025-10,South,Furniture,Study Desk,Corporate,3,12000,0.0,36000.0,24000,12000.0
ORD-103521,2025-10-03,2025-10,South,Electronics,Smartwatch,Consumer,3,9000,0.1,24300.0,18000,6300.0
ORD-100525,2025-10-03,2025-10,North,Accessories,Backpack,Consumer,1,1800,0.0,1800.0,950,850.0
ORD-100457,2025-10-03,2025-10,South,Furniture,Study Desk,Consumer,2,12000,0.15,20400.0,16000,4400.0
ORD-104881,2025-10-03,2025-10,East,Electronics,Headphones,Corporate,1,3500,0.2,2800.0,2100,700.0
ORD-102225,2025-10-03,2025-10,Central,Stationery,Notebook Pack,Consumer,3,450,0.0,1350.0,750,600.0
ORD-104511,2025-10-04,2025-10,East,Accessories,Backpack,Consumer,2,1800,0.0,3600.0,1900,1700.0
ORD-100089,2025-10-04,2025-10,North,Electronics,Headphones,Consumer,1,3500,0.05,3325.0,2100,1225.0
ORD-102164,2025-10-04,2025-10,West,Furniture,Office Chair,Small Business,1,8500,0.1,7650.0,5500,2150.0
ORD-102660,2025-10-04,2025-10,North,Electronics,Smartwatch,Consumer,5,9000,0.0,45000.0,30000,15000.0
ORD-102144,2025-10-04,2025-10,Central,Stationery,Notebook Pack,Corporate,5,450,0.05,2137.5,1250,887.5
ORD-100341,2025-10-04,2025-10,Central,Stationery,Pen Set,Consumer,1,300,0.1,270.0,140,130.0
ORD-104481,2025-10-04,2025-10,South,Stationery,Pen Set,Consumer,1,300,0.0,300.0,140,160.0
ORD-101237,2025-10-04,2025-10,West,Accessories,Water Bottle,Small Business,1,600,0.15,510.0,280,230.0
ORD-102282,2025-10-04,2025-10,North,Electronics,Headphones,Consumer,4,3500,0.1,12600.0,8400,4200.0
ORD-100712,2025-10-04,2025-10,South,Accessories,Desk Lamp,Consumer,1,1400,0.0,1400.0,750,650.0
ORD-100857,2025-10-04,2025-10,North,Electronics,Headphones,Consumer,1,3500,0.0,3500.0,2100,1400.0
ORD-101767,2025-10-05,2025-10,South,Electronics,Smartphone,Consumer,3,28000,0.0,84000.0,63000,21000.0
ORD-102731,2025-10-05,2025-10,North,Furniture,Office Chair,Corporate,1,8500,0.0,8500.0,5500,3000.0
ORD-100595,2025-10-05,2025-10,South,Stationery,Pen Set,Consumer,1,300,0.0,300.0,140,160.0
ORD-104432,2025-10-05,2025-10,West,Electronics,Laptop,Consumer,1,55000,0.0,55000.0,42000,13000.0
ORD-101405,2025-10-05,2025-10,West,Stationery,Pen Set,Small Business,5,300,0.15,1275.0,700,575.0
ORD-102468,2025-10-05,2025-10,East,Stationery,Notebook Pack,Small Business,1,450,0.1,405.0,250,155.0
ORD-100338,2025-10-05,2025-10,Central,Furniture,Study Desk,Consumer,2,12000,0.05,22800.0,16000,6800.0
ORD-101025,2025-10-05,2025-10,South,Stationery,Pen Set,Consumer,3,300,0.0,900.0,420,480.0
ORD-103344,2025-10-05,2025-10,Central,Stationery,Pen Set,Consumer,3,300,0.05,855.0,420,435.0
ORD-104970,2025-10-05,2025-10,North,Accessories,Desk Lamp,Consumer,1,1400,0.0,1400.0,750,650.0
ORD-100969,2025-10-05,2025-10,West,Electronics,Headphones,Corporate,2,3500,0.15,5950.0,4200,1750.0
ORD-103266,2025-10-05,2025-10,West,Electronics,Laptop,Corporate,1,55000,0.05,52250.0,42000,10250.0
ORD-104652,2025-10-05,2025-10,South,Furniture,Study Desk,Corporate,1,12000,0.0,12000.0,8000,4000.0
ORD-103842,2025-10-05,2025-10,South,Electronics,Smartwatch,Small Business,3,9000,0.0,27000.0,18000,9000.0
ORD-103819,2025-10-06,2025-10,South,Electronics,Smartphone,Consumer,3,28000,0.05,79800.0,63000,16800.0
ORD-104092,2025-10-06,2025-10,South,Stationery,Notebook Pack,Consumer,1,450,0.0,450.0,250,200.0
ORD-104205,2025-10-06,2025-10,North,Stationery,Pen Set,Corporate,2,300,0.05,570.0,280,290.0
ORD-102517,2025-10-06,2025-10,South,Accessories,Desk Lamp,Consumer,3,1400,0.15,3570.0,2250,1320.0
ORD-102875,2025-10-06,2025-10,East,Stationery,Notebook Pack,Corporate,2,450,0.0,900.0,500,400.0
ORD-102573,2025-10-06,2025-10,West,Electronics,Smartphone,Consumer,2,28000,0.05,53200.0,42000,11200.0
ORD-104273,2025-10-06,2025-10,South,Furniture,Study Desk,Consumer,1,12000,0.05,11400.0,8000,3400.0
ORD-104306,2025-10-06,2025-10,South,Electronics,Headphones,Consumer,1,3500,0.0,3500.0,2100,1400.0
ORD-102808,2025-10-06,2025-10,South,Stationery,Notebook Pack,Consumer,1,450,0.0,450.0,250,200.0
ORD-102830,2025-10-07,2025-10,North,Furniture,Study Desk,Consumer,3,12000,0.0,36000.0,24000,12000.0
ORD-101927,2025-10-07,2025-10,East,Electronics,Laptop,Consumer,4,55000,0.0,220000.0,168000,52000.0
ORD-101267,2025-10-07,2025-10,North,Electronics,Headphones,Corporate,2,3500,0.05,6650.0,4200,2450.0
ORD-101138,2025-10-07,2025-10,East,Stationery,Pen Set,Small Business,1,300,0.1,270.0,140,130.0
ORD-101274,2025-10-07,2025-10,East,Electronics,Headphones,Corporate,2,3500,0.05,6650.0,4200,2450.0
ORD-101058,2025-10-07,2025-10,West,Electronics,Headphones,Consumer,3,3500,0.2,8400.0,6300,2100.0
ORD-101501,2025-10-07,2025-10,North,Accessories,Water Bottle,Corporate,1,600,0.1,540.0,280,260.0
ORD-100699,2025-10-08,2025-10,South,Furniture,Study Desk,Consumer,2,12000,0.1,21600.0,16000,5600.0
ORD-104323,2025-10-08,2025-10,South,Stationery,Pen Set,Consumer,1,300,0.2,240.0,140,100.0
ORD-101251,2025-10-08,2025-10,North,Accessories,Backpack,Consumer,1,1800,0.1,1620.0,950,670.0
ORD-103051,2025-10-08,2025-10,North,Furniture,Bookshelf,Corporate,1,6500,0.05,6175.0,4200,1975.0
ORD-103827,2025-10-08,2025-10,South,Electronics,Smartphone,Corporate,2,28000,0.15,47600.0,42000,5600.0
ORD-102486,2025-10-08,2025-10,South,Furniture,Bookshelf,Consumer,4,6500,0.05,24700.0,16800,7900.0
ORD-104760,2025-10-08,2025-10,Central,Stationery,Pen Set,Corporate,1,300,0.15,255.0,140,115.0
ORD-104375,2025-10-08,2025-10,South,Accessories,Water Bottle,Consumer,2,600,0.0,1200.0,560,640.0
ORD-104964,2025-10-08,2025-10,East,Furniture,Study Desk,Consumer,1,12000,0.05,11400.0,8000,3400.0
ORD-103580,2025-10-08,2025-10,South,Electronics,Headphones,Consumer,1,3500,0.0,3500.0,2100,1400.0
ORD-102288,2025-10-08,2025-10,Central,Electronics,Smartphone,Corporate,3,28000,0.15,71400.0,63000,8400.0
ORD-101983,2025-10-08,2025-10,West,Electronics,Smartphone,Small Business,2,28000,0.1,50400.0,42000,8400.0
ORD-101745,2025-10-08,2025-10,Central,Electronics,Headphones,Consumer,5,3500,0.1,15750.0,10500,5250.0
ORD-102051,2025-10-09,2025-10,East,Furniture,Office Chair,Consumer,1,8500,0.0,8500.0,5500,3000.0
ORD-101545,2025-10-09,2025-10,North,Stationery,Notebook Pack,Consumer,3,450,0.05,1282.5,750,532.5
ORD-101524,2025-10-09,2025-10,North,Stationery,Pen Set,Corporate,2,300,0.0,600.0,280,320.0
ORD-104475,2025-10-09,2025-10,West,Stationery,Notebook Pack,Consumer,1,450,0.1,405.0,250,155.0
ORD-102363,2025-10-09,2025-10,West,Electronics,Laptop,Consumer,3,55000,0.0,165000.0,126000,39000.0
ORD-102729,2025-10-09,2025-10,East,Furniture,Office Chair,Corporate,1,8500,0.0,8500.0,5500,3000.0
ORD-100623,2025-10-09,2025-10,West,Accessories,Water Bottle,Corporate,2,600,0.0,1200.0,560,640.0
ORD-104901,2025-10-09,2025-10,South,Electronics,Headphones,Consumer,2,3500,0.05,6650.0,4200,2450.0
ORD-103316,2025-10-09,2025-10,West,Electronics,Headphones,Consumer,2,3500,0.1,6300.0,4200,2100.0
ORD-103277,2025-10-09,2025-10,South,Stationery,Pen Set,Consumer,2,300,0.05,570.0,280,290.0
ORD-103547,2025-10-09,2025-10,South,Stationery,Notebook Pack,Consumer,5,450,0.05,2137.5,1250,887.5
ORD-103905,2025-10-09,2025-10,East,Furniture,Study Desk,Consumer,1,12000,0.05,11400.0,8000,3400.0
ORD-102412,2025-10-09,2025-10,South,Electronics,Headphones,Consumer,4,3500,0.05,13300.0,8400,4900.0
ORD-102272,2025-10-10,2025-10,East,Accessories,Desk Lamp,Consumer,2,1400,0.2,2240.0,1500,740.0
ORD-102545,2025-10-10,2025-10,North,Electronics,Smartphone,Corporate,4,28000,0.0,112000.0,84000,28000.0
ORD-103635,2025-10-10,2025-10,West,Accessories,Water Bottle,Corporate,1,600,0.1,540.0,280,260.0
ORD-103646,2025-10-10,2025-10,South,Accessories,Backpack,Consumer,3,1800,0.1,4860.0,2850,2010.0
ORD-101763,2025-10-10,2025-10,South,Electronics,Smartwatch,Consumer,1,9000,0.15,7650.0,6000,1650.0
ORD-101757,2025-10-10,2025-10,East,Accessories,Water Bottle,Small Business,3,600,0.1,1620.0,840,780.0
ORD-101354,2025-10-10,2025-10,Central,Accessories,Backpack,Consumer,1,1800,0.15,1530.0,950,580.0
ORD-104612,2025-10-10,2025-10,Central,Stationery,Pen Set,Consumer,2,300,0.05,570.0,280,290.0
ORD-101687,2025-10-10,2025-10,South,Accessories,Backpack,Corporate,5,1800,0.0,9000.0,4750,4250.0
ORD-103557,2025-10-10,2025-10,East,Accessories,Backpack,Corporate,1,1800,0.05,1710.0,950,760.0
ORD-100921,2025-10-10,2025-10,Central,Stationery,Pen Set,Small Business,2,300,0.15,510.0,280,230.0
ORD-104496,2025-10-10,2025-10,East,Accessories,Backpack,Small Business,1,1800,0.0,1800.0,950,850.0
ORD-102009,2025-10-10,2025-10,North,Accessories,Desk Lamp,Corporate,3,1400,0.1,3780.0,2250,1530.0
ORD-102458,2025-10-11,2025-10,South,Stationery,Notebook Pack,Consumer,2,450,0.0,900.0,500,400.0
ORD-101432,2025-10-11,2025-10,West,Accessories,Desk Lamp,Corporate,1,1400,0.0,1400.0,750,650.0
ORD-101204,2025-10-11,2025-10,North,Accessories,Water Bottle,Small Business,1,600,0.05,570.0,280,290.0
ORD-103478,2025-10-11,2025-10,West,Stationery,Notebook Pack,Corporate,1,450,0.05,427.5,250,177.5
ORD-103577,2025-10-11,2025-10,North,Stationery,Notebook Pack,Consumer,1,450,0.1,405.0,250,155.0
ORD-101009,2025-10-11,2025-10,South,Furniture,Study Desk,Consumer,1,12000,0.0,12000.0,8000,4000.0
ORD-103594,2025-10-11,2025-10,West,Stationery,Notebook Pack,Corporate,2,450,0.05,855.0,500,355.0
ORD-100153,2025-10-11,2025-10,West,Electronics,Smartphone,Consumer,2,28000,0.15,47600.0,42000,5600.0
ORD-104415,2025-10-11,2025-10,North,Stationery,Pen Set,Consumer,1,300,0.05,285.0,140,145.0
ORD-104934,2025-10-11,2025-10,South,Electronics,Smartphone,Corporate,1,28000,0.0,28000.0,21000,7000.0
ORD-103764,2025-10-12,2025-10,North,Accessories,Backpack,Small Business,1,1800,0.0,1800.0,950,850.0
ORD-103165,2025-10-12,2025-10,South,Electronics,Smartphone,Consumer,4,28000,0.0,112000.0,84000,28000.0
ORD-101257,2025-10-12,2025-10,West,Furniture,Study Desk,Consumer,1,12000,0.0,12000.0,8000,4000.0
ORD-102495,2025-10-12,2025-10,North,Accessories,Desk Lamp,Consumer,2,1400,0.1,2520.0,1500,1020.0
ORD-103994,2025-10-12,2025-10,South,Accessories,Water Bottle,Corporate,1,600,0.1,540.0,280,260.0
ORD-101373,2025-10-12,2025-10,Central,Stationery,Notebook Pack,Consumer,1,450,0.0,450.0,250,200.0
ORD-100233,2025-10-12,2025-10,South,Stationery,Notebook Pack,Consumer,3,450,0.0,1350.0,750,600.0
ORD-100340,2025-10-12,2025-10,West,Electronics,Smartphone,Corporate,5,28000,0.0,140000.0,105000,35000.0
ORD-104788,2025-10-12,2025-10,East,Electronics,Smartphone,Small Business,1,28000,0.1,25200.0,21000,4200.0
ORD-103579,2025-10-12,2025-10,North,Stationery,Pen Set,Consumer,2,300,0.0,600.0,280,320.0
ORD-100578,2025-10-12,2025-10,Central,Electronics,Smartphone,Corporate,1,28000,0.05,26600.0,21000,5600.0
ORD-100582,2025-10-12,2025-10,West,Stationery,Notebook Pack,Consumer,1,450,0.0,450.0,250,200.0
ORD-102688,2025-10-12,2025-10,South,Stationery,Pen Set,Corporate,1,300,0.0,300.0,140,160.0
ORD-100455,2025-10-12,2025-10,North,Stationery,Notebook Pack,Consumer,2,450,0.0,900.0,500,400.0
ORD-102148,2025-10-13,2025-10,South,Electronics,Smartphone,Consumer,3,28000,0.15,71400.0,63000,8400.0
ORD-101131,2025-10-13,2025-10,West,Electronics,Smartwatch,Small Business,1,9000,0.0,9000.0,6000,3000.0
ORD-100041,2025-10-13,2025-10,East,Electronics,Headphones,Consumer,3,3500,0.05,9975.0,6300,3675.0
ORD-100985,2025-10-13,2025-10,North,Electronics,Headphones,Consumer,1,3500,0.1,3150.0,2100,1050.0
ORD-100095,2025-10-13,2025-10,South,Furniture,Study Desk,Consumer,2,12000,0.0,24000.0,16000,8000.0
ORD-100423,2025-10-13,2025-10,South,Furniture,Office Chair,Corporate,2,8500,0.0,17000.0,11000,6000.0
ORD-101137,2025-10-13,2025-10,Central,Accessories,Water Bottle,Corporate,2,600,0.05,1140.0,560,580.0
ORD-102312,2025-10-13,2025-10,South,Furniture,Study Desk,Corporate,1,12000,0.0,12000.0,8000,4000.0
ORD-102597,2025-10-14,2025-10,North,Stationery,Notebook Pack,Consumer,3,450,0.1,1215.0,750,465.0
ORD-104217,2025-10-14,2025-10,Central,Electronics,Headphones,Consumer,1,3500,0.1,3150.0,2100,1050.0
ORD-101450,2025-10-14,2025-10,West,Electronics,Headphones,Corporate,4,3500,0.0,14000.0,8400,5600.0
ORD-101938,2025-10-14,2025-10,East,Electronics,Smartphone,Small Business,2,28000,0.05,53200.0,42000,11200.0
ORD-100142,2025-10-14,2025-10,East,Accessories,Water Bottle,Corporate,1,600,0.05,570.0,280,290.0
ORD-100978,2025-10-14,2025-10,East,Stationery,Notebook Pack,Consumer,1,450,0.1,405.0,250,155.0
ORD-102876,2025-10-14,2025-10,West,Stationery,Pen Set,Consumer,1,300,0.2,240.0,140,100.0
ORD-101583,2025-10-14,2025-10,North,Accessories,Backpack,Corporate,2,1800,0.0,3600.0,1900,1700.0
ORD-102085,2025-10-14,2025-10,North,Electronics,Smartwatch,Corporate,2,9000,0.0,18000.0,12000,6000.0
ORD-104504,2025-10-14,2025-10,South,Electronics,Laptop,Consumer,5,55000,0.05,261250.0,210000,51250.0
ORD-102969,2025-10-14,2025-10,West,Electronics,Smartwatch,Consumer,1,9000,0.2,7200.0,6000,1200.0
ORD-101987,2025-10-14,2025-10,South,Electronics,Headphones,Consumer,1,3500,0.0,3500.0,2100,1400.0
ORD-101329,2025-10-14,2025-10,North,Electronics,Laptop,Small Business,4,55000,0.0,220000.0,168000,52000.0
ORD-100834,2025-10-14,2025-10,West,Stationery,Notebook Pack,Corporate,1,450,0.0,450.0,250,200.0
ORD-101663,2025-10-14,2025-10,West,Accessories,Backpack,Corporate,3,1800,0.1,4860.0,2850,2010.0
ORD-100649,2025-10-15,2025-10,East,Stationery,Pen Set,Consumer,2,300,0.05,570.0,280,290.0
ORD-103456,2025-10-15,2025-10,East,Electronics,Laptop,Consumer,2,55000,0.0,110000.0,84000,26000.0
ORD-102768,2025-10-15,2025-10,North,Furniture,Office Chair,Consumer,2,8500,0.0,17000.0,11000,6000.0
ORD-101279,2025-10-15,2025-10,North,Accessories,Backpack,Corporate,1,1800,0.0,1800.0,950,850.0
ORD-102816,2025-10-15,2025-10,South,Accessories,Backpack,Consumer,1,1800,0.0,1800.0,950,850.0
ORD-104570,2025-10-15,2025-10,South,Electronics,Headphones,Consumer,1,3500,0.0,3500.0,2100,1400.0
ORD-102559,2025-10-15,2025-10,West,Stationery,Pen Set,Small Business,1,300,0.1,270.0,140,130.0
ORD-104192,2025-10-15,2025-10,Central,Stationery,Notebook Pack,Consumer,1,450,0.05,427.5,250,177.5
ORD-103246,2025-10-15,2025-10,North,Furniture,Office Chair,Consumer,1,8500,0.0,8500.0,5500,3000.0
ORD-102647,2025-10-15,2025-10,North,Electronics,Headphones,Corporate,1,3500,0.0,3500.0,2100,1400.0
ORD-104111,2025-10-15,2025-10,East,Stationery,Pen Set,Consumer,1,300,0.05,285.0,140,145.0
ORD-104627,2025-10-15,2025-10,West,Electronics,Smartwatch,Corporate,1,9000,0.1,8100.0,6000,2100.0
ORD-100743,2025-10-16,2025-10,Central,Stationery,Notebook Pack,Corporate,5,450,0.0,2250.0,1250,1000.0
ORD-100848,2025-10-16,2025-10,South,Accessories,Desk Lamp,Consumer,2,1400,0.2,2240.0,1500,740.0
ORD-100350,2025-10-16,2025-10,West,Stationery,Pen Set,Consumer,1,300,0.1,270.0,140,130.0
ORD-103661,2025-10-16,2025-10,South,Electronics,Smartwatch,Small Business,1,9000,0.0,9000.0,6000,3000.0
ORD-103163,2025-10-16,2025-10,South,Electronics,Smartphone,Corporate,2,28000,0.0,56000.0,42000,14000.0
ORD-103733,2025-10-16,2025-10,South,Accessories,Backpack,Small Business,3,1800,0.0,5400.0,2850,2550.0
ORD-102582,2025-10-16,2025-10,North,Accessories,Backpack,Consumer,1,1800,0.0,1800.0,950,850.0
ORD-101691,2025-10-16,2025-10,North,Stationery,Pen Set,Consumer,2,300,0.0,600.0,280,320.0
ORD-103880,2025-10-16,2025-10,East,Stationery,Notebook Pack,Consumer,2,450,0.0,900.0,500,400.0
ORD-100275,2025-10-16,2025-10,South,Stationery,Notebook Pack,Consumer,1,450,0.2,360.0,250,110.0
ORD-104829,2025-10-16,2025-10,West,Accessories,Backpack,Corporate,2,1800,0.0,3600.0,1900,1700.0
ORD-100147,2025-10-16,2025-10,West,Stationery,Notebook Pack,Corporate,1,450,0.15,382.5,250,132.5
ORD-100231,2025-10-16,2025-10,South,Furniture,Office Chair,Corporate,1,8500,0.0,8500.0,5500,3000.0
ORD-103201,2025-10-16,2025-10,South,Stationery,Notebook Pack,Corporate,1,450,0.05,427.5,250,177.5
ORD-104379,2025-10-17,2025-10,South,Electronics,Laptop,Corporate,2,55000,0.15,93500.0,84000,9500.0
ORD-101872,2025-10-17,2025-10,East,Furniture,Office Chair,Consumer,1,8500,0.05,8075.0,5500,2575.0
ORD-103553,2025-10-17,2025-10,South,Electronics,Headphones,Consumer,1,3500,0.0,3500.0,2100,1400.0
ORD-103195,2025-10-17,2025-10,South,Accessories,Water Bottle,Corporate,1,600,0.0,600.0,280,320.0
ORD-102987,2025-10-17,2025-10,South,Electronics,Laptop,Small Business,1,55000,0.1,49500.0,42000,7500.0
ORD-100608,2025-10-17,2025-10,South,Accessories,Backpack,Corporate,3,1800,0.1,4860.0,2850,2010.0
ORD-102414,2025-10-17,2025-10,South,Electronics,Headphones,Consumer,5,3500,0.1,15750.0,10500,5250.0
ORD-100402,2025-10-17,2025-10,Central,Electronics,Headphones,Corporate,4,3500,0.0,14000.0,8400,5600.0
ORD-102121,2025-10-17,2025-10,North,Stationery,Notebook Pack,Consumer,1,450,0.0,450.0,250,200.0
ORD-104592,2025-10-17,2025-10,West,Accessories,Water Bottle,Consumer,4,600,0.0,2400.0,1120,1280.0
ORD-104696,2025-10-17,2025-10,South,Electronics,Smartphone,Corporate,2,28000,0.1,50400.0,42000,8400.0
ORD-100792,2025-10-18,2025-10,Central,Accessories,Water Bottle,Consumer,2,600,0.0,1200.0,560,640.0
ORD-102277,2025-10-18,2025-10,North,Stationery,Pen Set,Corporate,5,300,0.0,1500.0,700,800.0
ORD-103261,2025-10-18,2025-10,North,Furniture,Office Chair,Consumer,1,8500,0.0,8500.0,5500,3000.0
ORD-101421,2025-10-18,2025-10,South,Electronics,Smartwatch,Consumer,1,9000,0.0,9000.0,6000,3000.0
ORD-101877,2025-10-18,2025-10,North,Stationery,Notebook Pack,Consumer,3,450,0.05,1282.5,750,532.5
ORD-101167,2025-10-18,2025-10,Central,Electronics,Headphones,Small Business,1,3500,0.0,3500.0,2100,1400.0
ORD-104697,2025-10-18,2025-10,West,Furniture,Study Desk,Corporate,2,12000,0.0,24000.0,16000,8000.0
ORD-103353,2025-10-18,2025-10,East,Stationery,Pen Set,Small Business,1,300,0.0,300.0,140,160.0
ORD-102310,2025-10-18,2025-10,Central,Stationery,Pen Set,Corporate,1,300,0.1,270.0,140,130.0
ORD-101703,2025-10-18,2025-10,South,Furniture,Office Chair,Corporate,1,8500,0.0,8500.0,5500,3000.0
ORD-104253,2025-10-18,2025-10,South,Accessories,Water Bottle,Consumer,4,600,0.0,2400.0,1120,1280.0
ORD-100692,2025-10-18,2025-10,West,Accessories,Desk Lamp,Consumer,3,1400,0.2,3360.0,2250,1110.0
ORD-102855,2025-10-18,2025-10,South,Electronics,Headphones,Small Business,3,3500,0.15,8925.0,6300,2625.0
ORD-102886,2025-10-18,2025-10,North,Furniture,Office Chair,Consumer,2,8500,0.0,17000.0,11000,6000.0
ORD-103660,2025-10-19,2025-10,South,Accessories,Backpack,Consumer,1,1800,0.15,1530.0,950,580.0
ORD-103657,2025-10-19,2025-10,North,Furniture,Bookshelf,Corporate,1,6500,0.1,5850.0,4200,1650.0
ORD-104753,2025-10-19,2025-10,West,Stationery,Notebook Pack,Corporate,1,450,0.05,427.5,250,177.5
ORD-100103,2025-10-19,2025-10,South,Furniture,Office Chair,Corporate,1,8500,0.0,8500.0,5500,3000.0
ORD-101726,2025-10-19,2025-10,South,Electronics,Headphones,Consumer,2,3500,0.05,6650.0,4200,2450.0
ORD-102947,2025-10-19,2025-10,West,Electronics,Headphones,Corporate,1,3500,0.0,3500.0,2100,1400.0
ORD-102513,2025-10-19,2025-10,North,Stationery,Notebook Pack,Consumer,3,450,0.15,1147.5,750,397.5
ORD-100129,2025-10-19,2025-10,West,Stationery,Pen Set,Consumer,2,300,0.0,600.0,280,320.0
ORD-104629,2025-10-19,2025-10,South,Electronics,Smartphone,Corporate,1,28000,0.15,23800.0,21000,2800.0
ORD-101792,2025-10-20,2025-10,South,Accessories,Desk Lamp,Small Business,1,1400,0.0,1400.0,750,650.0
ORD-100172,2025-10-20,2025-10,North,Stationery,Notebook Pack,Corporate,1,450,0.0,450.0,250,200.0
ORD-102605,2025-10-20,2025-10,West,Stationery,Notebook Pack,Consumer,5,450,0.0,2250.0,1250,1000.0
ORD-104736,2025-10-20,2025-10,West,Electronics,Smartphone,Consumer,2,28000,0.0,56000.0,42000,14000.0
ORD-102302,2025-10-20,2025-10,South,Furniture,Office Chair,Consumer,1,8500,0.2,6800.0,5500,1300.0
ORD-102061,2025-10-20,2025-10,East,Accessories,Backpack,Corporate,1,1800,0.1,1620.0,950,670.0
ORD-104374,2025-10-20,2025-10,North,Accessories,Water Bottle,Corporate,4,600,0.0,2400.0,1120,1280.0
ORD-104660,2025-10-20,2025-10,East,Accessories,Water Bottle,Small Business,2,600,0.0,1200.0,560,640.0
ORD-104813,2025-10-20,2025-10,West,Electronics,Smartwatch,Consumer,1,9000,0.1,8100.0,6000,2100.0
ORD-101093,2025-10-20,2025-10,East,Furniture,Office Chair,Consumer,1,8500,0.2,6800.0,5500,1300.0
ORD-102179,2025-10-20,2025-10,East,Electronics,Smartphone,Corporate,1,28000,0.1,25200.0,21000,4200.0
ORD-102494,2025-10-20,2025-10,West,Electronics,Smartphone,Consumer,1,28000,0.0,28000.0,21000,7000.0
ORD-104714,2025-10-20,2025-10,South,Stationery,Notebook Pack,Consumer,1,450,0.15,382.5,250,132.5
ORD-102269,2025-10-20,2025-10,South,Electronics,Smartphone,Consumer,1,28000,0.0,28000.0,21000,7000.0
ORD-100632,2025-10-20,2025-10,North,Electronics,Headphones,Small Business,3,3500,0.0,10500.0,6300,4200.0
ORD-101431,2025-10-21,2025-10,Central,Stationery,Pen Set,Corporate,4,300,0.0,1200.0,560,640.0
ORD-100570,2025-10-21,2025-10,Central,Stationery,Pen Set,Small Business,2,300,0.05,570.0,280,290.0
ORD-102946,2025-10-21,2025-10,East,Stationery,Notebook Pack,Consumer,2,450,0.1,810.0,500,310.0
ORD-101377,2025-10-21,2025-10,West,Stationery,Notebook Pack,Consumer,2,450,0.1,810.0,500,310.0
ORD-104501,2025-10-21,2025-10,West,Accessories,Water Bottle,Consumer,4,600,0.0,2400.0,1120,1280.0
ORD-100027,2025-10-21,2025-10,North,Accessories,Water Bottle,Corporate,1,600,0.15,510.0,280,230.0
ORD-103906,2025-10-21,2025-10,East,Accessories,Water Bottle,Corporate,2,600,0.2,960.0,560,400.0
ORD-104160,2025-10-21,2025-10,Central,Electronics,Smartphone,Corporate,5,28000,0.15,119000.0,105000,14000.0
ORD-101661,2025-10-21,2025-10,South,Accessories,Desk Lamp,Consumer,1,1400,0.0,1400.0,750,650.0
ORD-103184,2025-10-21,2025-10,South,Stationery,Notebook Pack,Consumer,1,450,0.0,450.0,250,200.0
ORD-103220,2025-10-21,2025-10,West,Stationery,Notebook Pack,Consumer,1,450,0.05,427.5,250,177.5
ORD-101285,2025-10-22,2025-10,East,Electronics,Headphones,Corporate,4,3500,0.15,11900.0,8400,3500.0
ORD-102679,2025-10-22,2025-10,North,Electronics,Smartwatch,Consumer,3,9000,0.0,27000.0,18000,9000.0
ORD-101945,2025-10-22,2025-10,West,Accessories,Water Bottle,Consumer,1,600,0.0,600.0,280,320.0
ORD-104319,2025-10-22,2025-10,West,Electronics,Smartphone,Small Business,2,28000,0.05,53200.0,42000,11200.0
ORD-102256,2025-10-22,2025-10,North,Furniture,Office Chair,Consumer,3,8500,0.0,25500.0,16500,9000.0
ORD-101973,2025-10-22,2025-10,South,Stationery,Pen Set,Small Business,5,300,0.1,1350.0,700,650.0
ORD-102711,2025-10-22,2025-10,South,Electronics,Headphones,Corporate,2,3500,0.05,6650.0,4200,2450.0
ORD-102866,2025-10-22,2025-10,North,Furniture,Office Chair,Consumer,3,8500,0.0,25500.0,16500,9000.0
ORD-103327,2025-10-22,2025-10,Central,Furniture,Office Chair,Consumer,2,8500,0.0,17000.0,11000,6000.0
ORD-102293,2025-10-22,2025-10,East,Stationery,Notebook Pack,Small Business,1,450,0.1,405.0,250,155.0
ORD-104541,2025-10-22,2025-10,South,Stationery,Pen Set,Corporate,3,300,0.0,900.0,420,480.0
ORD-100306,2025-10-22,2025-10,South,Accessories,Water Bottle,Corporate,1,600,0.05,570.0,280,290.0
ORD-104401,2025-10-23,2025-10,South,Stationery,Notebook Pack,Consumer,1,450,0.05,427.5,250,177.5
ORD-101789,2025-10-23,2025-10,East,Stationery,Pen Set,Small Business,1,300,0.0,300.0,140,160.0
ORD-103039,2025-10-23,2025-10,Central,Accessories,Water Bottle,Corporate,4,600,0.15,2040.0,1120,920.0
ORD-104693,2025-10-23,2025-10,West,Stationery,Pen Set,Consumer,1,300,0.1,270.0,140,130.0
ORD-100548,2025-10-23,2025-10,South,Furniture,Office Chair,Consumer,4,8500,0.1,30600.0,22000,8600.0
ORD-100136,2025-10-23,2025-10,East,Electronics,Smartphone,Consumer,1,28000,0.05,26600.0,21000,5600.0
ORD-103230,2025-10-23,2025-10,North,Electronics,Laptop,Consumer,2,55000,0.0,110000.0,84000,26000.0
ORD-104461,2025-10-23,2025-10,North,Accessories,Backpack,Corporate,2,1800,0.0,3600.0,1900,1700.0
ORD-102071,2025-10-23,2025-10,South,Furniture,Bookshelf,Corporate,3,6500,0.0,19500.0,12600,6900.0
ORD-102695,2025-10-23,2025-10,West,Stationery,Pen Set,Corporate,4,300,0.0,1200.0,560,640.0
ORD-101393,2025-10-23,2025-10,West,Stationery,Pen Set,Consumer,3,300,0.1,810.0,420,390.0
ORD-100263,2025-10-23,2025-10,North,Accessories,Desk Lamp,Consumer,4,1400,0.05,5320.0,3000,2320.0
ORD-100815,2025-10-23,2025-10,North,Stationery,Pen Set,Corporate,2,300,0.0,600.0,280,320.0
ORD-100550,2025-10-23,2025-10,South,Stationery,Notebook Pack,Consumer,2,450,0.0,900.0,500,400.0
ORD-100047,2025-10-23,2025-10,East,Electronics,Laptop,Consumer,1,55000,0.0,55000.0,42000,13000.0
ORD-100956,2025-10-23,2025-10,South,Furniture,Bookshelf,Corporate,2,6500,0.0,13000.0,8400,4600.0
ORD-101605,2025-10-23,2025-10,North,Accessories,Backpack,Corporate,3,1800,0.0,5400.0,2850,2550.0
ORD-102593,2025-10-23,2025-10,West,Stationery,Notebook Pack,Consumer,1,450,0.05,427.5,250,177.5
ORD-101500,2025-10-23,2025-10,North,Furniture,Office Chair,Consumer,1,8500,0.0,8500.0,5500,3000.0
ORD-100479,2025-10-24,2025-10,South,Furniture,Study Desk,Consumer,1,12000,0.0,12000.0,8000,4000.0
ORD-102804,2025-10-24,2025-10,North,Accessories,Water Bottle,Small Business,4,600,0.0,2400.0,1120,1280.0
ORD-102556,2025-10-24,2025-10,North,Stationery,Pen Set,Consumer,1,300,0.1,270.0,140,130.0
ORD-100733,2025-10-24,2025-10,East,Stationery,Pen Set,Consumer,1,300,0.05,285.0,140,145.0
ORD-102700,2025-10-24,2025-10,Central,Stationery,Notebook Pack,Corporate,1,450,0.0,450.0,250,200.0
ORD-100096,2025-10-24,2025-10,West,Stationery,Pen Set,Consumer,1,300,0.05,285.0,140,145.0
ORD-101642,2025-10-24,2025-10,East,Stationery,Notebook Pack,Corporate,1,450,0.2,360.0,250,110.0
ORD-102904,2025-10-24,2025-10,North,Accessories,Water Bottle,Consumer,1,600,0.0,600.0,280,320.0
ORD-104516,2025-10-24,2025-10,South,Stationery,Notebook Pack,Corporate,1,450,0.05,427.5,250,177.5
ORD-102245,2025-10-24,2025-10,North,Electronics,Smartphone,Corporate,1,28000,0.05,26600.0,21000,5600.0
ORD-103138,2025-10-24,2025-10,East,Accessories,Water Bottle,Consumer,1,600,0.0,600.0,280,320.0
ORD-104121,2025-10-25,2025-10,South,Furniture,Study Desk,Consumer,2,12000,0.0,24000.0,16000,8000.0
ORD-104363,2025-10-25,2025-10,North,Accessories,Water Bottle,Corporate,1,600,0.2,480.0,280,200.0
ORD-104972,2025-10-25,2025-10,Central,Electronics,Headphones,Consumer,3,3500,0.0,10500.0,6300,4200.0
ORD-100862,2025-10-25,2025-10,North,Electronics,Smartphone,Corporate,1,28000,0.15,23800.0,21000,2800.0
ORD-101539,2025-10-25,2025-10,East,Stationery,Pen Set,Corporate,3,300,0.0,900.0,420,480.0
ORD-100933,2025-10-25,2025-10,Central,Accessories,Backpack,Consumer,2,1800,0.05,3420.0,1900,1520.0
ORD-102042,2025-10-25,2025-10,East,Accessories,Water Bottle,Consumer,2,600,0.05,1140.0,560,580.0
ORD-100673,2025-10-25,2025-10,South,Electronics,Headphones,Corporate,1,3500,0.05,3325.0,2100,1225.0
ORD-102093,2025-10-25,2025-10,North,Accessories,Water Bottle,Consumer,1,600,0.1,540.0,280,260.0
ORD-100017,2025-10-25,2025-10,South,Electronics,Smartwatch,Corporate,5,9000,0.05,42750.0,30000,12750.0
ORD-103691,2025-10-25,2025-10,West,Electronics,Laptop,Corporate,1,55000,0.0,55000.0,42000,13000.0
ORD-103441,2025-10-26,2025-10,North,Accessories,Backpack,Consumer,3,1800,0.1,4860.0,2850,2010.0
ORD-101732,2025-10-26,2025-10,Central,Furniture,Office Chair,Consumer,1,8500,0.05,8075.0,5500,2575.0
ORD-102133,2025-10-26,2025-10,North,Electronics,Smartphone,Consumer,1,28000,0.0,28000.0,21000,7000.0
ORD-101316,2025-10-26,2025-10,West,Stationery,Pen Set,Consumer,1,300,0.05,285.0,140,145.0
ORD-100474,2025-10-26,2025-10,North,Stationery,Pen Set,Consumer,1,300,0.0,300.0,140,160.0
ORD-101051,2025-10-27,2025-10,Central,Electronics,Headphones,Consumer,1,3500,0.0,3500.0,2100,1400.0
ORD-101825,2025-10-27,2025-10,West,Electronics,Smartwatch,Consumer,1,9000,0.0,9000.0,6000,3000.0
ORD-103998,2025-10-27,2025-10,North,Furniture,Bookshelf,Consumer,1,6500,0.0,6500.0,4200,2300.0
ORD-102766,2025-10-27,2025-10,South,Stationery,Pen Set,Consumer,1,300,0.0,300.0,140,160.0
ORD-100188,2025-10-27,2025-10,Central,Electronics,Headphones,Consumer,2,3500,0.0,7000.0,4200,2800.0
ORD-102690,2025-10-28,2025-10,North,Stationery,Pen Set,Consumer,3,300,0.1,810.0,420,390.0
ORD-103796,2025-10-28,2025-10,North,Accessories,Desk Lamp,Corporate,1,1400,0.0,1400.0,750,650.0
ORD-103840,2025-10-28,2025-10,East,Electronics,Smartphone,Small Business,4,28000,0.0,112000.0,84000,28000.0
ORD-100636,2025-10-28,2025-10,East,Stationery,Notebook Pack,Corporate,5,450,0.1,2025.0,1250,775.0
ORD-103891,2025-10-28,2025-10,West,Accessories,Water Bottle,Consumer,1,600,0.1,540.0,280,260.0
ORD-103762,2025-10-28,2025-10,East,Electronics,Smartphone,Consumer,5,28000,0.15,119000.0,105000,14000.0
ORD-102101,2025-10-28,2025-10,North,Electronics,Smartwatch,Corporate,3,9000,0.0,27000.0,18000,9000.0
ORD-104173,2025-10-28,2025-10,North,Accessories,Water Bottle,Consumer,1,600,0.1,540.0,280,260.0
ORD-103250,2025-10-28,2025-10,Central,Accessories,Backpack,Consumer,5,1800,0.0,9000.0,4750,4250.0
ORD-100700,2025-10-28,2025-10,South,Electronics,Headphones,Consumer,4,3500,0.1,12600.0,8400,4200.0
ORD-100301,2025-10-28,2025-10,North,Accessories,Water Bottle,Consumer,1,600,0.05,570.0,280,290.0
ORD-101612,2025-10-28,2025-10,South,Electronics,Headphones,Consumer,1,3500,0.05,3325.0,2100,1225.0
ORD-102014,2025-10-28,2025-10,East,Electronics,Headphones,Consumer,1,3500,0.15,2975.0,2100,875.0
ORD-101414,2025-10-28,2025-10,North,Furniture,Bookshelf,Corporate,1,6500,0.0,6500.0,4200,2300.0
ORD-100633,2025-10-28,2025-10,North,Furniture,Study Desk,Corporate,2,12000,0.0,24000.0,16000,8000.0
ORD-102358,2025-10-29,2025-10,North,Electronics,Headphones,Corporate,5,3500,0.0,17500.0,10500,7000.0
ORD-100757,2025-10-29,2025-10,South,Accessories,Backpack,Consumer,4,1800,0.1,6480.0,3800,2680.0
ORD-103185,2025-10-29,2025-10,North,Accessories,Water Bottle,Consumer,2,600,0.0,1200.0,560,640.0
ORD-103273,2025-10-29,2025-10,East,Stationery,Pen Set,Corporate,3,300,0.0,900.0,420,480.0
ORD-101507,2025-10-29,2025-10,Central,Electronics,Headphones,Consumer,2,3500,0.0,7000.0,4200,2800.0
ORD-102474,2025-10-29,2025-10,South,Stationery,Pen Set,Consumer,3,300,0.0,900.0,420,480.0
ORD-101750,2025-10-29,2025-10,South,Stationery,Notebook Pack,Corporate,1,450,0.0,450.0,250,200.0
ORD-104912,2025-10-29,2025-10,North,Accessories,Backpack,Corporate,1,1800,0.1,1620.0,950,670.0
ORD-100163,2025-10-30,2025-10,South,Furniture,Bookshelf,Consumer,3,6500,0.0,19500.0,12600,6900.0
ORD-100651,2025-10-30,2025-10,West,Accessories,Water Bottle,Consumer,2,600,0.1,1080.0,560,520.0
ORD-103571,2025-10-30,2025-10,South,Electronics,Laptop,Consumer,2,55000,0.1,99000.0,84000,15000.0
ORD-100824,2025-10-30,2025-10,North,Stationery,Pen Set,Consumer,2,300,0.05,570.0,280,290.0
ORD-103477,2025-10-30,2025-10,West,Stationery,Pen Set,Consumer,1,300,0.05,285.0,140,145.0
ORD-101113,2025-10-30,2025-10,East,Stationery,Notebook Pack,Small Business,1,450,0.1,405.0,250,155.0
ORD-101627,2025-10-30,2025-10,West,Stationery,Notebook Pack,Corporate,3,450,0.1,1215.0,750,465.0
ORD-100501,2025-10-30,2025-10,North,Electronics,Laptop,Corporate,1,55000,0.0,55000.0,42000,13000.0
ORD-101175,2025-10-31,2025-10,East,Stationery,Notebook Pack,Consumer,2,450,0.1,810.0,500,310.0
ORD-104156,2025-10-31,2025-10,Central,Accessories,Water Bottle,Consumer,2,600,0.0,1200.0,560,640.0
ORD-102896,2025-10-31,2025-10,West,Stationery,Notebook Pack,Consumer,2,450,0.0,900.0,500,400.0
ORD-100119,2025-10-31,2025-10,South,Accessories,Backpack,Corporate,1,1800,0.0,1800.0,950,850.0
ORD-103143,2025-10-31,2025-10,South,Electronics,Smartphone,Consumer,4,28000,0.0,112000.0,84000,28000.0
ORD-101040,2025-10-31,2025-10,East,Stationery,Pen Set,Consumer,2,300,0.0,600.0,280,320.0
ORD-104764,2025-10-31,2025-10,West,Accessories,Water Bottle,Consumer,2,600,0.15,1020.0,560,460.0
ORD-101529,2025-10-31,2025-10,West,Stationery,Pen Set,Small Business,3,300,0.0,900.0,420,480.0
ORD-100302,2025-10-31,2025-10,West,Electronics,Smartphone,Consumer,2,28000,0.15,47600.0,42000,5600.0
ORD-101640,2025-10-31,2025-10,West,Accessories,Desk Lamp,Corporate,5,1400,0.05,6650.0,3750,2900.0
ORD-104290,2025-10-31,2025-10,East,Accessories,Backpack,Corporate,3,1800,0.0,5400.0,2850,2550.0
ORD-101609,2025-10-31,2025-10,South,Furniture,Study Desk,Consumer,1,12000,0.05,11400.0,8000,3400.0
ORD-102084,2025-10-31,2025-10,East,Electronics,Smartphone,Corporate,1,28000,0.0,28000.0,21000,7000.0
ORD-103898,2025-10-31,2025-10,North,Accessories,Desk Lamp,Consumer,2,1400,0.0,2800.0,1500,1300.0
ORD-100781,2025-11-01,2025-11,South,Stationery,Notebook Pack,Corporate,1,450,0.0,450.0,250,200.0
ORD-103293,2025-11-01,2025-11,North,Electronics,Laptop,Consumer,3,55000,0.1,148500.0,126000,22500.0
ORD-101303,2025-11-01,2025-11,West,Electronics,Smartphone,Consumer,3,28000,0.0,84000.0,63000,21000.0
ORD-102469,2025-11-01,2025-11,South,Stationery,Pen Set,Consumer,2,300,0.0,600.0,280,320.0
ORD-104391,2025-11-01,2025-11,Central,Accessories,Water Bottle,Corporate,2,600,0.0,1200.0,560,640.0
ORD-100065,2025-11-01,2025-11,North,Stationery,Pen Set,Corporate,1,300,0.0,300.0,140,160.0
ORD-100287,2025-11-01,2025-11,North,Electronics,Smartphone,Small Business,1,28000,0.1,25200.0,21000,4200.0
ORD-102141,2025-11-01,2025-11,North,Accessories,Desk Lamp,Small Business,1,1400,0.0,1400.0,750,650.0
ORD-104354,2025-11-01,2025-11,North,Electronics,Smartphone,Corporate,1,28000,0.05,26600.0,21000,5600.0
ORD-102438,2025-11-01,2025-11,South,Electronics,Headphones,Consumer,1,3500,0.05,3325.0,2100,1225.0
ORD-101179,2025-11-01,2025-11,South,Electronics,Laptop,Consumer,1,55000,0.1,49500.0,42000,7500.0
ORD-100927,2025-11-01,2025-11,West,Stationery,Notebook Pack,Small Business,1,450,0.0,450.0,250,200.0
ORD-103242,2025-11-01,2025-11,North,Electronics,Headphones,Consumer,2,3500,0.0,7000.0,4200,2800.0
ORD-102441,2025-11-01,2025-11,North,Stationery,Pen Set,Corporate,1,300,0.05,285.0,140,145.0
ORD-104207,2025-11-01,2025-11,West,Accessories,Water Bottle,Small Business,2,600,0.1,1080.0,560,520.0
ORD-101001,2025-11-01,2025-11,North,Electronics,Headphones,Consumer,1,3500,0.0,3500.0,2100,1400.0
ORD-101875,2025-11-01,2025-11,South,Accessories,Desk Lamp,Corporate,1,1400,0.05,1330.0,750,580.0
ORD-102221,2025-11-01,2025-11,South,Electronics,Smartphone,Consumer,2,28000,0.05,53200.0,42000,11200.0
ORD-104805,2025-11-02,2025-11,West,Stationery,Notebook Pack,Corporate,3,450,0.15,1147.5,750,397.5
ORD-102737,2025-11-02,2025-11,North,Stationery,Pen Set,Consumer,1,300,0.05,285.0,140,145.0
ORD-104824,2025-11-02,2025-11,East,Furniture,Bookshelf,Consumer,2,6500,0.0,13000.0,8400,4600.0
ORD-104960,2025-11-02,2025-11,East,Stationery,Notebook Pack,Consumer,1,450,0.0,450.0,250,200.0
ORD-103971,2025-11-02,2025-11,East,Stationery,Notebook Pack,Consumer,2,450,0.1,810.0,500,310.0
ORD-101482,2025-11-02,2025-11,East,Stationery,Notebook Pack,Consumer,1,450,0.0,450.0,250,200.0
ORD-102059,2025-11-02,2025-11,Central,Stationery,Pen Set,Consumer,2,300,0.0,600.0,280,320.0
ORD-102048,2025-11-02,2025-11,North,Accessories,Water Bottle,Consumer,4,600,0.1,2160.0,1120,1040.0
ORD-104688,2025-11-02,2025-11,South,Accessories,Desk Lamp,Corporate,3,1400,0.05,3990.0,2250,1740.0
ORD-103133,2025-11-02,2025-11,South,Furniture,Bookshelf,Consumer,1,6500,0.2,5200.0,4200,1000.0
ORD-102933,2025-11-02,2025-11,South,Furniture,Office Chair,Consumer,4,8500,0.15,28900.0,22000,6900.0
ORD-101863,2025-11-02,2025-11,North,Accessories,Desk Lamp,Consumer,4,1400,0.0,5600.0,3000,2600.0
ORD-104212,2025-11-02,2025-11,North,Electronics,Smartwatch,Corporate,2,9000,0.15,15300.0,12000,3300.0
ORD-100747,2025-11-02,2025-11,Central,Accessories,Water Bottle,Consumer,1,600,0.1,540.0,280,260.0
ORD-100363,2025-11-02,2025-11,West,Accessories,Water Bottle,Consumer,5,600,0.1,2700.0,1400,1300.0
ORD-102774,2025-11-03,2025-11,South,Stationery,Notebook Pack,Small Business,3,450,0.05,1282.5,750,532.5
ORD-103320,2025-11-03,2025-11,North,Stationery,Pen Set,Consumer,2,300,0.1,540.0,280,260.0
ORD-102198,2025-11-03,2025-11,Central,Electronics,Smartwatch,Consumer,2,9000,0.0,18000.0,12000,6000.0
ORD-100210,2025-11-03,2025-11,Central,Accessories,Desk Lamp,Small Business,1,1400,0.0,1400.0,750,650.0
ORD-101579,2025-11-03,2025-11,East,Accessories,Water Bottle,Consumer,1,600,0.05,570.0,280,290.0
ORD-104102,2025-11-03,2025-11,South,Electronics,Smartwatch,Corporate,1,9000,0.15,7650.0,6000,1650.0
ORD-101312,2025-11-03,2025-11,West,Stationery,Notebook Pack,Consumer,5,450,0.2,1800.0,1250,550.0
ORD-104834,2025-11-03,2025-11,North,Stationery,Pen Set,Consumer,2,300,0.0,600.0,280,320.0
ORD-104909,2025-11-03,2025-11,North,Electronics,Smartphone,Corporate,1,28000,0.0,28000.0,21000,7000.0
ORD-102984,2025-11-03,2025-11,South,Furniture,Office Chair,Corporate,1,8500,0.0,8500.0,5500,3000.0
ORD-103770,2025-11-03,2025-11,South,Stationery,Pen Set,Corporate,1,300,0.15,255.0,140,115.0
ORD-101759,2025-11-03,2025-11,South,Stationery,Notebook Pack,Consumer,1,450,0.0,450.0,250,200.0
ORD-103935,2025-11-03,2025-11,East,Electronics,Headphones,Corporate,1,3500,0.05,3325.0,2100,1225.0
ORD-104431,2025-11-03,2025-11,North,Accessories,Water Bottle,Consumer,1,600,0.2,480.0,280,200.0
ORD-100048,2025-11-03,2025-11,South,Accessories,Backpack,Consumer,2,1800,0.0,3600.0,1900,1700.0
ORD-104459,2025-11-03,2025-11,South,Accessories,Backpack,Consumer,2,1800,0.0,3600.0,1900,1700.0
ORD-103857,2025-11-04,2025-11,North,Accessories,Water Bottle,Small Business,5,600,0.0,3000.0,1400,1600.0
ORD-104984,2025-11-04,2025-11,West,Accessories,Backpack,Consumer,1,1800,0.0,1800.0,950,850.0
ORD-100320,2025-11-04,2025-11,South,Stationery,Notebook Pack,Corporate,2,450,0.0,900.0,500,400.0
ORD-103010,2025-11-04,2025-11,West,Stationery,Pen Set,Corporate,5,300,0.0,1500.0,700,800.0
ORD-101547,2025-11-04,2025-11,East,Accessories,Desk Lamp,Consumer,3,1400,0.1,3780.0,2250,1530.0
ORD-104514,2025-11-04,2025-11,East,Furniture,Bookshelf,Corporate,1,6500,0.05,6175.0,4200,1975.0
ORD-101125,2025-11-04,2025-11,West,Accessories,Backpack,Consumer,3,1800,0.0,5400.0,2850,2550.0
ORD-104657,2025-11-04,2025-11,North,Stationery,Pen Set,Small Business,1,300,0.1,270.0,140,130.0
ORD-103664,2025-11-04,2025-11,East,Stationery,Notebook Pack,Consumer,2,450,0.05,855.0,500,355.0
ORD-100425,2025-11-04,2025-11,East,Accessories,Water Bottle,Corporate,2,600,0.0,1200.0,560,640.0
ORD-103977,2025-11-04,2025-11,West,Furniture,Office Chair,Corporate,5,8500,0.05,40375.0,27500,12875.0
ORD-101699,2025-11-04,2025-11,South,Electronics,Smartphone,Consumer,3,28000,0.0,84000.0,63000,21000.0
ORD-104162,2025-11-04,2025-11,West,Stationery,Pen Set,Corporate,3,300,0.1,810.0,420,390.0
ORD-104911,2025-11-05,2025-11,Central,Stationery,Notebook Pack,Consumer,1,450,0.0,450.0,250,200.0
ORD-103200,2025-11-05,2025-11,North,Electronics,Laptop,Small Business,2,55000,0.0,110000.0,84000,26000.0
ORD-101900,2025-11-05,2025-11,South,Electronics,Smartphone,Consumer,2,28000,0.1,50400.0,42000,8400.0
ORD-100552,2025-11-05,2025-11,Central,Stationery,Pen Set,Consumer,1,300,0.15,255.0,140,115.0
ORD-103597,2025-11-05,2025-11,South,Electronics,Smartwatch,Consumer,1,9000,0.1,8100.0,6000,2100.0
ORD-102440,2025-11-05,2025-11,East,Accessories,Water Bottle,Consumer,2,600,0.1,1080.0,560,520.0
ORD-102592,2025-11-05,2025-11,West,Furniture,Study Desk,Consumer,1,12000,0.0,12000.0,8000,4000.0
ORD-104284,2025-11-05,2025-11,West,Stationery,Notebook Pack,Corporate,1,450,0.0,450.0,250,200.0
ORD-101656,2025-11-05,2025-11,South,Accessories,Desk Lamp,Corporate,1,1400,0.1,1260.0,750,510.0
ORD-102992,2025-11-05,2025-11,South,Electronics,Smartphone,Consumer,1,28000,0.0,28000.0,21000,7000.0
ORD-100941,2025-11-05,2025-11,South,Stationery,Pen Set,Consumer,3,300,0.0,900.0,420,480.0
ORD-104482,2025-11-05,2025-11,East,Electronics,Laptop,Corporate,1,55000,0.05,52250.0,42000,10250.0
ORD-100914,2025-11-05,2025-11,East,Accessories,Water Bottle,Corporate,1,600,0.2,480.0,280,200.0
ORD-104409,2025-11-06,2025-11,East,Stationery,Notebook Pack,Consumer,1,450,0.05,427.5,250,177.5
ORD-101330,2025-11-06,2025-11,North,Accessories,Water Bottle,Consumer,1,600,0.05,570.0,280,290.0
ORD-100685,2025-11-06,2025-11,West,Furniture,Office Chair,Corporate,2,8500,0.0,17000.0,11000,6000.0
ORD-104231,2025-11-06,2025-11,North,Stationery,Pen Set,Consumer,1,300,0.0,300.0,140,160.0
ORD-104053,2025-11-06,2025-11,South,Stationery,Pen Set,Small Business,1,300,0.15,255.0,140,115.0
ORD-104782,2025-11-06,2025-11,West,Accessories,Water Bottle,Consumer,2,600,0.0,1200.0,560,640.0
ORD-103616,2025-11-06,2025-11,Central,Electronics,Smartphone,Consumer,1,28000,0.0,28000.0,21000,7000.0
ORD-104139,2025-11-06,2025-11,East,Stationery,Pen Set,Small Business,2,300,0.05,570.0,280,290.0
ORD-101894,2025-11-06,2025-11,East,Furniture,Office Chair,Corporate,2,8500,0.0,17000.0,11000,6000.0
ORD-104534,2025-11-06,2025-11,South,Accessories,Backpack,Consumer,1,1800,0.0,1800.0,950,850.0
ORD-103239,2025-11-06,2025-11,North,Accessories,Desk Lamp,Consumer,3,1400,0.0,4200.0,2250,1950.0
ORD-100326,2025-11-06,2025-11,North,Furniture,Bookshelf,Corporate,1,6500,0.0,6500.0,4200,2300.0
ORD-100533,2025-11-06,2025-11,West,Electronics,Smartphone,Consumer,1,28000,0.0,28000.0,21000,7000.0
ORD-100255,2025-11-06,2025-11,South,Electronics,Laptop,Small Business,2,55000,0.15,93500.0,84000,9500.0
ORD-104347,2025-11-06,2025-11,West,Stationery,Notebook Pack,Corporate,1,450,0.1,405.0,250,155.0
ORD-100187,2025-11-06,2025-11,South,Accessories,Water Bottle,Consumer,1,600,0.1,540.0,280,260.0
ORD-103387,2025-11-07,2025-11,South,Electronics,Headphones,Consumer,5,3500,0.0,17500.0,10500,7000.0
ORD-102367,2025-11-07,2025-11,East,Furniture,Study Desk,Small Business,1,12000,0.15,10200.0,8000,2200.0
ORD-103878,2025-11-07,2025-11,South,Stationery,Pen Set,Consumer,2,300,0.0,600.0,280,320.0
ORD-101282,2025-11-07,2025-11,West,Accessories,Desk Lamp,Corporate,2,1400,0.05,2660.0,1500,1160.0
ORD-104385,2025-11-07,2025-11,West,Accessories,Water Bottle,Small Business,3,600,0.05,1710.0,840,870.0
ORD-103302,2025-11-07,2025-11,West,Stationery,Notebook Pack,Consumer,1,450,0.0,450.0,250,200.0
ORD-102452,2025-11-07,2025-11,South,Electronics,Laptop,Consumer,1,55000,0.1,49500.0,42000,7500.0
ORD-101618,2025-11-07,2025-11,East,Accessories,Water Bottle,Consumer,1,600,0.1,540.0,280,260.0
ORD-100865,2025-11-07,2025-11,South,Accessories,Desk Lamp,Consumer,1,1400,0.0,1400.0,750,650.0
ORD-100451,2025-11-07,2025-11,South,Accessories,Desk Lamp,Consumer,5,1400,0.1,6300.0,3750,2550.0
ORD-100093,2025-11-08,2025-11,North,Accessories,Water Bottle,Consumer,1,600,0.0,600.0,280,320.0
ORD-103267,2025-11-08,2025-11,South,Accessories,Backpack,Consumer,1,1800,0.0,1800.0,950,850.0
ORD-102041,2025-11-08,2025-11,South,Furniture,Study Desk,Consumer,2,12000,0.0,24000.0,16000,8000.0
ORD-101931,2025-11-08,2025-11,North,Stationery,Pen Set,Consumer,4,300,0.0,1200.0,560,640.0
ORD-102193,2025-11-08,2025-11,North,Stationery,Pen Set,Consumer,1,300,0.0,300.0,140,160.0
ORD-100553,2025-11-08,2025-11,East,Stationery,Pen Set,Consumer,2,300,0.15,510.0,280,230.0
ORD-102132,2025-11-08,2025-11,West,Electronics,Smartwatch,Corporate,1,9000,0.1,8100.0,6000,2100.0
ORD-101622,2025-11-08,2025-11,South,Electronics,Smartphone,Consumer,3,28000,0.1,75600.0,63000,12600.0
ORD-103847,2025-11-08,2025-11,West,Stationery,Notebook Pack,Corporate,3,450,0.0,1350.0,750,600.0
ORD-101932,2025-11-08,2025-11,South,Electronics,Smartphone,Consumer,1,28000,0.05,26600.0,21000,5600.0
ORD-102967,2025-11-08,2025-11,North,Accessories,Backpack,Consumer,2,1800,0.0,3600.0,1900,1700.0
ORD-102021,2025-11-08,2025-11,West,Stationery,Pen Set,Consumer,1,300,0.1,270.0,140,130.0
ORD-100858,2025-11-09,2025-11,North,Accessories,Water Bottle,Consumer,4,600,0.15,2040.0,1120,920.0
ORD-100797,2025-11-09,2025-11,Central,Furniture,Study Desk,Small Business,1,12000,0.0,12000.0,8000,4000.0
ORD-104047,2025-11-09,2025-11,East,Electronics,Headphones,Consumer,2,3500,0.0,7000.0,4200,2800.0
ORD-102848,2025-11-09,2025-11,North,Electronics,Smartphone,Consumer,1,28000,0.1,25200.0,21000,4200.0
ORD-104110,2025-11-09,2025-11,Central,Accessories,Water Bottle,Consumer,2,600,0.0,1200.0,560,640.0
ORD-104489,2025-11-09,2025-11,South,Furniture,Office Chair,Consumer,5,8500,0.0,42500.0,27500,15000.0
ORD-102814,2025-11-09,2025-11,South,Electronics,Laptop,Corporate,1,55000,0.0,55000.0,42000,13000.0
ORD-104555,2025-11-09,2025-11,West,Furniture,Bookshelf,Consumer,1,6500,0.1,5850.0,4200,1650.0
ORD-103426,2025-11-09,2025-11,North,Furniture,Office Chair,Corporate,1,8500,0.0,8500.0,5500,3000.0
ORD-101879,2025-11-09,2025-11,South,Accessories,Water Bottle,Consumer,1,600,0.05,570.0,280,290.0
ORD-103549,2025-11-09,2025-11,North,Electronics,Smartphone,Consumer,1,28000,0.1,25200.0,21000,4200.0
ORD-104159,2025-11-10,2025-11,South,Electronics,Laptop,Consumer,1,55000,0.05,52250.0,42000,10250.0
ORD-101143,2025-11-10,2025-11,West,Accessories,Backpack,Small Business,2,1800,0.15,3060.0,1900,1160.0
ORD-100968,2025-11-10,2025-11,Central,Stationery,Pen Set,Consumer,2,300,0.0,600.0,280,320.0
ORD-103592,2025-11-10,2025-11,South,Accessories,Water Bottle,Consumer,1,600,0.0,600.0,280,320.0
ORD-104292,2025-11-10,2025-11,East,Electronics,Headphones,Corporate,2,3500,0.1,6300.0,4200,2100.0
ORD-103777,2025-11-10,2025-11,South,Stationery,Pen Set,Corporate,1,300,0.0,300.0,140,160.0
ORD-102031,2025-11-10,2025-11,South,Furniture,Office Chair,Consumer,2,8500,0.0,17000.0,11000,6000.0
ORD-104492,2025-11-10,2025-11,South,Electronics,Headphones,Corporate,1,3500,0.05,3325.0,2100,1225.0
ORD-103685,2025-11-10,2025-11,East,Electronics,Headphones,Consumer,1,3500,0.0,3500.0,2100,1400.0
ORD-101470,2025-11-10,2025-11,West,Electronics,Smartphone,Consumer,1,28000,0.15,23800.0,21000,2800.0
ORD-101542,2025-11-10,2025-11,Central,Accessories,Water Bottle,Corporate,3,600,0.15,1530.0,840,690.0
ORD-103415,2025-11-10,2025-11,North,Stationery,Notebook Pack,Small Business,2,450,0.05,855.0,500,355.0
ORD-104383,2025-11-10,2025-11,South,Electronics,Headphones,Consumer,2,3500,0.15,5950.0,4200,1750.0
ORD-101292,2025-11-10,2025-11,Central,Stationery,Notebook Pack,Corporate,1,450,0.1,405.0,250,155.0
ORD-102463,2025-11-11,2025-11,South,Accessories,Backpack,Consumer,1,1800,0.1,1620.0,950,670.0
ORD-104937,2025-11-11,2025-11,West,Accessories,Water Bottle,Corporate,4,600,0.15,2040.0,1120,920.0
ORD-103799,2025-11-11,2025-11,South,Accessories,Water Bottle,Small Business,2,600,0.05,1140.0,560,580.0
ORD-102792,2025-11-11,2025-11,South,Accessories,Backpack,Consumer,1,1800,0.0,1800.0,950,850.0
ORD-104483,2025-11-11,2025-11,West,Furniture,Bookshelf,Small Business,1,6500,0.1,5850.0,4200,1650.0
ORD-100221,2025-11-11,2025-11,South,Accessories,Backpack,Small Business,3,1800,0.15,4590.0,2850,1740.0
ORD-100765,2025-11-11,2025-11,West,Stationery,Pen Set,Consumer,1,300,0.0,300.0,140,160.0
ORD-100258,2025-11-11,2025-11,South,Accessories,Water Bottle,Corporate,2,600,0.0,1200.0,560,640.0
ORD-101017,2025-11-11,2025-11,East,Accessories,Desk Lamp,Corporate,2,1400,0.15,2380.0,1500,880.0
ORD-104528,2025-11-12,2025-11,Central,Accessories,Water Bottle,Small Business,1,600,0.15,510.0,280,230.0
ORD-103481,2025-11-12,2025-11,South,Electronics,Laptop,Small Business,2,55000,0.2,88000.0,84000,4000.0
ORD-100659,2025-11-12,2025-11,East,Stationery,Pen Set,Consumer,1,300,0.0,300.0,140,160.0
ORD-100686,2025-11-12,2025-11,East,Stationery,Notebook Pack,Small Business,2,450,0.1,810.0,500,310.0
ORD-103908,2025-11-12,2025-11,East,Accessories,Water Bottle,Consumer,2,600,0.1,1080.0,560,520.0
ORD-101453,2025-11-12,2025-11,South,Furniture,Bookshelf,Corporate,3,6500,0.0,19500.0,12600,6900.0
ORD-102301,2025-11-12,2025-11,South,Stationery,Pen Set,Consumer,3,300,0.05,855.0,420,435.0
ORD-104000,2025-11-12,2025-11,Central,Electronics,Smartphone,Consumer,2,28000,0.0,56000.0,42000,14000.0
ORD-103004,2025-11-12,2025-11,East,Electronics,Laptop,Small Business,2,55000,0.0,110000.0,84000,26000.0
ORD-101964,2025-11-12,2025-11,South,Stationery,Notebook Pack,Corporate,3,450,0.0,1350.0,750,600.0
ORD-103610,2025-11-12,2025-11,South,Stationery,Notebook Pack,Small Business,1,450,0.05,427.5,250,177.5
ORD-104358,2025-11-12,2025-11,West,Accessories,Water Bottle,Consumer,2,600,0.1,1080.0,560,520.0
ORD-102255,2025-11-12,2025-11,East,Stationery,Pen Set,Corporate,1,300,0.15,255.0,140,115.0
ORD-103601,2025-11-12,2025-11,West,Electronics,Headphones,Consumer,1,3500,0.0,3500.0,2100,1400.0
ORD-104075,2025-11-13,2025-11,West,Stationery,Pen Set,Corporate,1,300,0.0,300.0,140,160.0
ORD-103960,2025-11-13,2025-11,South,Electronics,Smartwatch,Corporate,2,9000,0.1,16200.0,12000,4200.0
ORD-104382,2025-11-13,2025-11,East,Furniture,Office Chair,Small Business,1,8500,0.15,7225.0,5500,1725.0
ORD-104590,2025-11-13,2025-11,East,Accessories,Backpack,Corporate,1,1800,0.0,1800.0,950,850.0
ORD-104991,2025-11-13,2025-11,South,Stationery,Pen Set,Corporate,1,300,0.1,270.0,140,130.0
ORD-104479,2025-11-13,2025-11,North,Electronics,Headphones,Small Business,1,3500,0.1,3150.0,2100,1050.0
ORD-103566,2025-11-13,2025-11,Central,Electronics,Headphones,Corporate,5,3500,0.1,15750.0,10500,5250.0
ORD-102502,2025-11-13,2025-11,North,Electronics,Headphones,Small Business,1,3500,0.15,2975.0,2100,875.0
ORD-100724,2025-11-13,2025-11,North,Stationery,Pen Set,Small Business,1,300,0.05,285.0,140,145.0
ORD-100413,2025-11-13,2025-11,North,Electronics,Smartwatch,Consumer,2,9000,0.0,18000.0,12000,6000.0
ORD-100359,2025-11-13,2025-11,East,Stationery,Pen Set,Consumer,1,300,0.0,300.0,140,160.0
ORD-100232,2025-11-14,2025-11,West,Accessories,Water Bottle,Small Business,3,600,0.0,1800.0,840,960.0
ORD-102496,2025-11-14,2025-11,North,Stationery,Pen Set,Consumer,3,300,0.0,900.0,420,480.0
ORD-103739,2025-11-14,2025-11,East,Accessories,Water Bottle,Consumer,3,600,0.05,1710.0,840,870.0
ORD-100939,2025-11-14,2025-11,South,Electronics,Laptop,Small Business,2,55000,0.0,110000.0,84000,26000.0
ORD-104451,2025-11-14,2025-11,East,Electronics,Headphones,Corporate,1,3500,0.05,3325.0,2100,1225.0
ORD-103399,2025-11-14,2025-11,Central,Electronics,Laptop,Consumer,1,55000,0.0,55000.0,42000,13000.0
ORD-104287,2025-11-14,2025-11,West,Accessories,Water Bottle,Consumer,2,600,0.0,1200.0,560,640.0
ORD-103786,2025-11-14,2025-11,East,Stationery,Pen Set,Consumer,2,300,0.05,570.0,280,290.0
ORD-101351,2025-11-14,2025-11,East,Electronics,Laptop,Corporate,2,55000,0.05,104500.0,84000,20500.0
ORD-100802,2025-11-14,2025-11,South,Electronics,Smartphone,Corporate,1,28000,0.05,26600.0,21000,5600.0
ORD-104521,2025-11-14,2025-11,East,Accessories,Desk Lamp,Corporate,1,1400,0.1,1260.0,750,510.0
ORD-102096,2025-11-14,2025-11,West,Electronics,Headphones,Corporate,2,3500,0.0,7000.0,4200,2800.0
ORD-102844,2025-11-14,2025-11,West,Stationery,Notebook Pack,Small Business,4,450,0.0,1800.0,1000,800.0
ORD-102746,2025-11-14,2025-11,North,Electronics,Smartphone,Small Business,4,28000,0.0,112000.0,84000,28000.0
ORD-104187,2025-11-14,2025-11,North,Accessories,Desk Lamp,Corporate,2,1400,0.1,2520.0,1500,1020.0
ORD-104109,2025-11-14,2025-11,West,Electronics,Smartphone,Corporate,2,28000,0.0,56000.0,42000,14000.0
ORD-104039,2025-11-14,2025-11,North,Electronics,Headphones,Consumer,5,3500,0.05,16625.0,10500,6125.0
ORD-103815,2025-11-14,2025-11,West,Electronics,Smartwatch,Consumer,4,9000,0.1,32400.0,24000,8400.0
ORD-101595,2025-11-14,2025-11,South,Accessories,Backpack,Consumer,4,1800,0.0,7200.0,3800,3400.0
ORD-102364,2025-11-14,2025-11,South,Stationery,Pen Set,Corporate,2,300,0.2,480.0,280,200.0
ORD-100284,2025-11-14,2025-11,South,Electronics,Smartphone,Consumer,1,28000,0.0,28000.0,21000,7000.0
ORD-103593,2025-11-15,2025-11,Central,Accessories,Water Bottle,Corporate,1,600,0.1,540.0,280,260.0
ORD-100838,2025-11-15,2025-11,East,Stationery,Pen Set,Small Business,3,300,0.1,810.0,420,390.0
ORD-103341,2025-11-15,2025-11,East,Electronics,Laptop,Consumer,2,55000,0.05,104500.0,84000,20500.0
ORD-101930,2025-11-15,2025-11,South,Stationery,Pen Set,Corporate,2,300,0.15,510.0,280,230.0
ORD-101115,2025-11-15,2025-11,West,Accessories,Water Bottle,Small Business,1,600,0.0,600.0,280,320.0
ORD-103430,2025-11-15,2025-11,North,Electronics,Smartphone,Small Business,4,28000,0.0,112000.0,84000,28000.0
ORD-103552,2025-11-15,2025-11,East,Accessories,Water Bottle,Consumer,1,600,0.0,600.0,280,320.0
ORD-104320,2025-11-15,2025-11,North,Electronics,Headphones,Consumer,2,3500,0.1,6300.0,4200,2100.0
ORD-101506,2025-11-15,2025-11,West,Accessories,Water Bottle,Corporate,4,600,0.05,2280.0,1120,1160.0
ORD-102865,2025-11-15,2025-11,Central,Accessories,Backpack,Consumer,2,1800,0.0,3600.0,1900,1700.0
ORD-100697,2025-11-15,2025-11,South,Stationery,Notebook Pack,Corporate,2,450,0.05,855.0,500,355.0
ORD-102454,2025-11-15,2025-11,West,Furniture,Office Chair,Consumer,3,8500,0.0,25500.0,16500,9000.0
ORD-103323,2025-11-16,2025-11,South,Stationery,Notebook Pack,Consumer,2,450,0.0,900.0,500,400.0
ORD-104275,2025-11-16,2025-11,South,Electronics,Headphones,Consumer,2,3500,0.1,6300.0,4200,2100.0
ORD-104224,2025-11-16,2025-11,West,Stationery,Notebook Pack,Consumer,1,450,0.0,450.0,250,200.0
ORD-102937,2025-11-16,2025-11,East,Electronics,Smartphone,Consumer,3,28000,0.0,84000.0,63000,21000.0
ORD-103484,2025-11-16,2025-11,West,Accessories,Backpack,Consumer,1,1800,0.1,1620.0,950,670.0
ORD-103963,2025-11-16,2025-11,North,Electronics,Laptop,Consumer,1,55000,0.15,46750.0,42000,4750.0
ORD-101832,2025-11-16,2025-11,East,Accessories,Backpack,Corporate,1,1800,0.0,1800.0,950,850.0
ORD-104176,2025-11-16,2025-11,South,Furniture,Office Chair,Consumer,2,8500,0.0,17000.0,11000,6000.0
ORD-100463,2025-11-16,2025-11,South,Accessories,Water Bottle,Consumer,1,600,0.0,600.0,280,320.0
ORD-101191,2025-11-16,2025-11,East,Electronics,Headphones,Consumer,1,3500,0.1,3150.0,2100,1050.0
ORD-102385,2025-11-16,2025-11,South,Electronics,Headphones,Corporate,1,3500,0.0,3500.0,2100,1400.0
ORD-103088,2025-11-16,2025-11,North,Stationery,Pen Set,Consumer,3,300,0.1,810.0,420,390.0
ORD-100496,2025-11-16,2025-11,East,Stationery,Notebook Pack,Consumer,1,450,0.05,427.5,250,177.5
ORD-102863,2025-11-16,2025-11,East,Furniture,Bookshelf,Consumer,1,6500,0.05,6175.0,4200,1975.0
ORD-102242,2025-11-16,2025-11,North,Accessories,Water Bottle,Consumer,4,600,0.0,2400.0,1120,1280.0
ORD-100903,2025-11-16,2025-11,South,Stationery,Pen Set,Consumer,2,300,0.0,600.0,280,320.0
ORD-100786,2025-11-16,2025-11,South,Electronics,Headphones,Consumer,2,3500,0.0,7000.0,4200,2800.0
ORD-101259,2025-11-16,2025-11,North,Electronics,Smartwatch,Corporate,5,9000,0.0,45000.0,30000,15000.0
ORD-103142,2025-11-17,2025-11,East,Furniture,Study Desk,Corporate,2,12000,0.0,24000.0,16000,8000.0
ORD-102584,2025-11-17,2025-11,East,Electronics,Headphones,Consumer,2,3500,0.0,7000.0,4200,2800.0
ORD-104248,2025-11-17,2025-11,North,Stationery,Notebook Pack,Small Business,1,450,0.0,450.0,250,200.0
ORD-101570,2025-11-17,2025-11,East,Electronics,Smartwatch,Consumer,1,9000,0.0,9000.0,6000,3000.0
ORD-100791,2025-11-17,2025-11,West,Furniture,Office Chair,Consumer,3,8500,0.05,24225.0,16500,7725.0
ORD-101408,2025-11-17,2025-11,East,Stationery,Notebook Pack,Consumer,4,450,0.05,1710.0,1000,710.0
ORD-100484,2025-11-17,2025-11,West,Electronics,Laptop,Corporate,3,55000,0.0,165000.0,126000,39000.0
ORD-104206,2025-11-17,2025-11,East,Stationery,Notebook Pack,Small Business,1,450,0.0,450.0,250,200.0
ORD-104211,2025-11-17,2025-11,Central,Accessories,Desk Lamp,Corporate,4,1400,0.2,4480.0,3000,1480.0
ORD-100357,2025-11-17,2025-11,Central,Furniture,Study Desk,Small Business,3,12000,0.05,34200.0,24000,10200.0
ORD-104508,2025-11-17,2025-11,South,Accessories,Desk Lamp,Small Business,3,1400,0.2,3360.0,2250,1110.0
ORD-100652,2025-11-17,2025-11,North,Accessories,Water Bottle,Corporate,1,600,0.0,600.0,280,320.0
ORD-104303,2025-11-17,2025-11,East,Electronics,Headphones,Consumer,1,3500,0.05,3325.0,2100,1225.0
ORD-103108,2025-11-18,2025-11,West,Accessories,Desk Lamp,Consumer,2,1400,0.0,2800.0,1500,1300.0
ORD-101926,2025-11-18,2025-11,South,Electronics,Laptop,Consumer,1,55000,0.0,55000.0,42000,13000.0
ORD-103429,2025-11-18,2025-11,North,Furniture,Office Chair,Consumer,1,8500,0.1,7650.0,5500,2150.0
ORD-103968,2025-11-18,2025-11,East,Accessories,Backpack,Consumer,2,1800,0.0,3600.0,1900,1700.0
ORD-101965,2025-11-18,2025-11,North,Stationery,Notebook Pack,Corporate,5,450,0.0,2250.0,1250,1000.0
ORD-104344,2025-11-18,2025-11,North,Accessories,Desk Lamp,Consumer,2,1400,0.0,2800.0,1500,1300.0
ORD-102488,2025-11-18,2025-11,East,Electronics,Headphones,Small Business,3,3500,0.05,9975.0,6300,3675.0
ORD-103083,2025-11-18,2025-11,North,Stationery,Pen Set,Small Business,1,300,0.1,270.0,140,130.0
ORD-104535,2025-11-18,2025-11,South,Electronics,Headphones,Consumer,1,3500,0.1,3150.0,2100,1050.0
ORD-102878,2025-11-19,2025-11,East,Stationery,Notebook Pack,Consumer,2,450,0.0,900.0,500,400.0
ORD-101876,2025-11-19,2025-11,North,Accessories,Backpack,Consumer,2,1800,0.05,3420.0,1900,1520.0
ORD-100289,2025-11-19,2025-11,West,Electronics,Headphones,Small Business,3,3500,0.0,10500.0,6300,4200.0
ORD-100169,2025-11-19,2025-11,West,Stationery,Notebook Pack,Corporate,3,450,0.0,1350.0,750,600.0
ORD-100993,2025-11-19,2025-11,East,Stationery,Notebook Pack,Corporate,1,450,0.1,405.0,250,155.0
ORD-100816,2025-11-19,2025-11,North,Accessories,Water Bottle,Corporate,1,600,0.1,540.0,280,260.0
ORD-102930,2025-11-19,2025-11,West,Stationery,Notebook Pack,Corporate,2,450,0.05,855.0,500,355.0
ORD-100565,2025-11-19,2025-11,North,Stationery,Pen Set,Consumer,2,300,0.05,570.0,280,290.0
ORD-100910,2025-11-19,2025-11,South,Electronics,Laptop,Small Business,2,55000,0.05,104500.0,84000,20500.0
ORD-102266,2025-11-19,2025-11,North,Electronics,Laptop,Consumer,2,55000,0.05,104500.0,84000,20500.0
ORD-103448,2025-11-20,2025-11,North,Accessories,Water Bottle,Consumer,3,600,0.05,1710.0,840,870.0
ORD-101139,2025-11-20,2025-11,West,Accessories,Desk Lamp,Consumer,1,1400,0.0,1400.0,750,650.0
ORD-104134,2025-11-20,2025-11,West,Stationery,Pen Set,Consumer,1,300,0.1,270.0,140,130.0
ORD-101582,2025-11-20,2025-11,West,Accessories,Water Bottle,Corporate,1,600,0.0,600.0,280,320.0
ORD-103792,2025-11-20,2025-11,North,Stationery,Pen Set,Corporate,1,300,0.05,285.0,140,145.0
ORD-102795,2025-11-20,2025-11,North,Accessories,Desk Lamp,Consumer,4,1400,0.1,5040.0,3000,2040.0
ORD-100520,2025-11-20,2025-11,West,Stationery,Notebook Pack,Consumer,1,450,0.05,427.5,250,177.5
ORD-101917,2025-11-20,2025-11,Central,Accessories,Desk Lamp,Consumer,4,1400,0.0,5600.0,3000,2600.0
ORD-102235,2025-11-20,2025-11,South,Accessories,Desk Lamp,Corporate,2,1400,0.0,2800.0,1500,1300.0
ORD-100646,2025-11-20,2025-11,North,Accessories,Water Bottle,Corporate,1,600,0.15,510.0,280,230.0
ORD-102348,2025-11-20,2025-11,West,Electronics,Smartphone,Corporate,1,28000,0.0,28000.0,21000,7000.0
ORD-101114,2025-11-20,2025-11,South,Stationery,Pen Set,Corporate,1,300,0.0,300.0,140,160.0
ORD-100028,2025-11-20,2025-11,West,Stationery,Pen Set,Consumer,1,300,0.0,300.0,140,160.0
ORD-101359,2025-11-20,2025-11,West,Stationery,Pen Set,Corporate,4,300,0.0,1200.0,560,640.0
ORD-103485,2025-11-20,2025-11,West,Accessories,Desk Lamp,Consumer,1,1400,0.0,1400.0,750,650.0
ORD-104478,2025-11-20,2025-11,South,Electronics,Smartwatch,Consumer,2,9000,0.0,18000.0,12000,6000.0
ORD-101379,2025-11-20,2025-11,West,Electronics,Headphones,Small Business,4,3500,0.0,14000.0,8400,5600.0
ORD-104072,2025-11-20,2025-11,South,Furniture,Study Desk,Consumer,1,12000,0.05,11400.0,8000,3400.0
ORD-104299,2025-11-21,2025-11,North,Stationery,Pen Set,Corporate,3,300,0.0,900.0,420,480.0
ORD-101031,2025-11-21,2025-11,South,Electronics,Laptop,Consumer,3,55000,0.15,140250.0,126000,14250.0
ORD-103338,2025-11-21,2025-11,South,Furniture,Bookshelf,Consumer,2,6500,0.0,13000.0,8400,4600.0
ORD-100849,2025-11-21,2025-11,East,Electronics,Smartphone,Consumer,1,28000,0.0,28000.0,21000,7000.0
ORD-103437,2025-11-21,2025-11,North,Accessories,Backpack,Corporate,1,1800,0.05,1710.0,950,760.0
ORD-104716,2025-11-21,2025-11,North,Accessories,Desk Lamp,Consumer,1,1400,0.0,1400.0,750,650.0
ORD-104523,2025-11-21,2025-11,West,Electronics,Headphones,Consumer,4,3500,0.1,12600.0,8400,4200.0
ORD-102691,2025-11-21,2025-11,West,Accessories,Backpack,Consumer,5,1800,0.1,8100.0,4750,3350.0
ORD-103074,2025-11-21,2025-11,West,Accessories,Desk Lamp,Consumer,1,1400,0.1,1260.0,750,510.0
ORD-104285,2025-11-21,2025-11,West,Stationery,Pen Set,Corporate,1,300,0.05,285.0,140,145.0
ORD-100949,2025-11-21,2025-11,West,Accessories,Desk Lamp,Corporate,1,1400,0.05,1330.0,750,580.0
ORD-100711,2025-11-21,2025-11,Central,Electronics,Smartwatch,Small Business,1,9000,0.0,9000.0,6000,3000.0
ORD-100976,2025-11-21,2025-11,North,Accessories,Desk Lamp,Consumer,1,1400,0.05,1330.0,750,580.0
ORD-104703,2025-11-21,2025-11,West,Stationery,Pen Set,Corporate,3,300,0.1,810.0,420,390.0
ORD-103371,2025-11-21,2025-11,South,Electronics,Smartwatch,Corporate,5,9000,0.0,45000.0,30000,15000.0
ORD-100979,2025-11-21,2025-11,East,Stationery,Pen Set,Consumer,1,300,0.1,270.0,140,130.0
ORD-104999,2025-11-21,2025-11,North,Electronics,Smartwatch,Consumer,5,9000,0.0,45000.0,30000,15000.0
ORD-104922,2025-11-21,2025-11,East,Accessories,Water Bottle,Corporate,1,600,0.1,540.0,280,260.0
ORD-104868,2025-11-21,2025-11,Central,Electronics,Smartphone,Corporate,1,28000,0.0,28000.0,21000,7000.0
ORD-103648,2025-11-21,2025-11,West,Stationery,Notebook Pack,Consumer,1,450,0.1,405.0,250,155.0
ORD-103729,2025-11-21,2025-11,South,Electronics,Headphones,Consumer,1,3500,0.1,3150.0,2100,1050.0
ORD-103766,2025-11-21,2025-11,West,Electronics,Smartphone,Corporate,3,28000,0.0,84000.0,63000,21000.0
ORD-101952,2025-11-22,2025-11,South,Electronics,Laptop,Corporate,2,55000,0.05,104500.0,84000,20500.0
ORD-104336,2025-11-22,2025-11,East,Stationery,Pen Set,Consumer,1,300,0.0,300.0,140,160.0
ORD-101268,2025-11-22,2025-11,South,Accessories,Desk Lamp,Corporate,5,1400,0.0,7000.0,3750,3250.0
ORD-100054,2025-11-22,2025-11,South,Stationery,Notebook Pack,Consumer,2,450,0.2,720.0,500,220.0
ORD-104422,2025-11-22,2025-11,East,Stationery,Pen Set,Small Business,2,300,0.0,600.0,280,320.0
ORD-102248,2025-11-22,2025-11,North,Electronics,Headphones,Corporate,3,3500,0.0,10500.0,6300,4200.0
ORD-104351,2025-11-22,2025-11,South,Stationery,Notebook Pack,Consumer,1,450,0.1,405.0,250,155.0
ORD-103463,2025-11-22,2025-11,West,Accessories,Backpack,Consumer,1,1800,0.0,1800.0,950,850.0
ORD-104500,2025-11-22,2025-11,East,Accessories,Backpack,Consumer,1,1800,0.1,1620.0,950,670.0
ORD-100003,2025-11-22,2025-11,South,Stationery,Pen Set,Consumer,2,300,0.2,480.0,280,200.0
ORD-102227,2025-11-22,2025-11,North,Electronics,Smartphone,Corporate,1,28000,0.0,28000.0,21000,7000.0
ORD-104987,2025-11-22,2025-11,South,Accessories,Backpack,Corporate,1,1800,0.0,1800.0,950,850.0
ORD-103062,2025-11-22,2025-11,Central,Electronics,Headphones,Small Business,1,3500,0.05,3325.0,2100,1225.0
ORD-102275,2025-11-23,2025-11,West,Furniture,Bookshelf,Consumer,2,6500,0.0,13000.0,8400,4600.0
ORD-104073,2025-11-23,2025-11,East,Accessories,Desk Lamp,Consumer,1,1400,0.0,1400.0,750,650.0
ORD-100950,2025-11-23,2025-11,North,Electronics,Headphones,Small Business,5,3500,0.1,15750.0,10500,5250.0
ORD-101660,2025-11-23,2025-11,East,Accessories,Water Bottle,Corporate,1,600,0.2,480.0,280,200.0
ORD-102261,2025-11-23,2025-11,North,Furniture,Bookshelf,Consumer,2,6500,0.0,13000.0,8400,4600.0
ORD-102430,2025-11-23,2025-11,South,Accessories,Desk Lamp,Small Business,2,1400,0.0,2800.0,1500,1300.0
ORD-104274,2025-11-23,2025-11,West,Electronics,Headphones,Consumer,1,3500,0.0,3500.0,2100,1400.0
ORD-104876,2025-11-23,2025-11,North,Electronics,Laptop,Consumer,5,55000,0.1,247500.0,210000,37500.0
ORD-100961,2025-11-23,2025-11,Central,Stationery,Notebook Pack,Corporate,1,450,0.15,382.5,250,132.5
ORD-100008,2025-11-23,2025-11,North,Accessories,Backpack,Consumer,2,1800,0.0,3600.0,1900,1700.0
ORD-101831,2025-11-23,2025-11,North,Accessories,Backpack,Consumer,1,1800,0.2,1440.0,950,490.0
ORD-102387,2025-11-23,2025-11,Central,Stationery,Notebook Pack,Consumer,1,450,0.05,427.5,250,177.5
ORD-102941,2025-11-23,2025-11,East,Stationery,Pen Set,Consumer,2,300,0.05,570.0,280,290.0
ORD-101551,2025-11-23,2025-11,East,Accessories,Backpack,Consumer,1,1800,0.0,1800.0,950,850.0
ORD-103947,2025-11-23,2025-11,Central,Stationery,Notebook Pack,Corporate,3,450,0.0,1350.0,750,600.0
ORD-101494,2025-11-24,2025-11,Central,Stationery,Notebook Pack,Consumer,2,450,0.15,765.0,500,265.0
ORD-102577,2025-11-24,2025-11,West,Stationery,Notebook Pack,Consumer,2,450,0.0,900.0,500,400.0
ORD-104361,2025-11-24,2025-11,West,Accessories,Backpack,Small Business,2,1800,0.05,3420.0,1900,1520.0
ORD-104355,2025-11-24,2025-11,West,Stationery,Notebook Pack,Corporate,5,450,0.15,1912.5,1250,662.5
ORD-103252,2025-11-24,2025-11,North,Furniture,Office Chair,Corporate,4,8500,0.05,32300.0,22000,10300.0
ORD-102332,2025-11-24,2025-11,Central,Accessories,Water Bottle,Consumer,1,600,0.15,510.0,280,230.0
ORD-100662,2025-11-24,2025-11,West,Accessories,Water Bottle,Consumer,1,600,0.1,540.0,280,260.0
ORD-104661,2025-11-24,2025-11,South,Accessories,Backpack,Consumer,5,1800,0.1,8100.0,4750,3350.0
ORD-103926,2025-11-24,2025-11,East,Electronics,Laptop,Corporate,1,55000,0.05,52250.0,42000,10250.0
ORD-101933,2025-11-24,2025-11,North,Electronics,Headphones,Consumer,2,3500,0.0,7000.0,4200,2800.0
ORD-103056,2025-11-24,2025-11,South,Electronics,Smartwatch,Small Business,4,9000,0.05,34200.0,24000,10200.0
ORD-102405,2025-11-24,2025-11,North,Electronics,Smartphone,Corporate,1,28000,0.15,23800.0,21000,2800.0
ORD-103125,2025-11-25,2025-11,North,Electronics,Laptop,Consumer,1,55000,0.0,55000.0,42000,13000.0
ORD-103491,2025-11-25,2025-11,North,Electronics,Headphones,Consumer,3,3500,0.0,10500.0,6300,4200.0
ORD-101092,2025-11-25,2025-11,South,Electronics,Laptop,Corporate,1,55000,0.05,52250.0,42000,10250.0
ORD-103674,2025-11-25,2025-11,North,Accessories,Desk Lamp,Consumer,2,1400,0.2,2240.0,1500,740.0
ORD-102034,2025-11-25,2025-11,South,Accessories,Water Bottle,Consumer,4,600,0.0,2400.0,1120,1280.0
ORD-101508,2025-11-25,2025-11,West,Furniture,Office Chair,Consumer,2,8500,0.0,17000.0,11000,6000.0
ORD-102664,2025-11-25,2025-11,South,Stationery,Notebook Pack,Corporate,3,450,0.0,1350.0,750,600.0
ORD-103231,2025-11-25,2025-11,South,Stationery,Notebook Pack,Corporate,1,450,0.05,427.5,250,177.5
ORD-100204,2025-11-25,2025-11,Central,Electronics,Headphones,Consumer,3,3500,0.05,9975.0,6300,3675.0
ORD-102322,2025-11-25,2025-11,South,Electronics,Headphones,Corporate,1,3500,0.15,2975.0,2100,875.0
ORD-102264,2025-11-25,2025-11,West,Accessories,Backpack,Small Business,2,1800,0.0,3600.0,1900,1700.0
ORD-101688,2025-11-25,2025-11,East,Furniture,Office Chair,Consumer,2,8500,0.05,16150.0,11000,5150.0
ORD-100030,2025-11-25,2025-11,South,Electronics,Laptop,Corporate,3,55000,0.05,156750.0,126000,30750.0
ORD-101578,2025-11-25,2025-11,South,Stationery,Pen Set,Consumer,2,300,0.1,540.0,280,260.0
ORD-100541,2025-11-25,2025-11,East,Stationery,Pen Set,Consumer,1,300,0.1,270.0,140,130.0
ORD-104164,2025-11-25,2025-11,Central,Stationery,Notebook Pack,Corporate,2,450,0.0,900.0,500,400.0
ORD-100803,2025-11-25,2025-11,West,Accessories,Desk Lamp,Consumer,1,1400,0.1,1260.0,750,510.0
ORD-104087,2025-11-25,2025-11,Central,Electronics,Smartwatch,Small Business,3,9000,0.0,27000.0,18000,9000.0
ORD-103071,2025-11-26,2025-11,South,Accessories,Water Bottle,Small Business,1,600,0.1,540.0,280,260.0
ORD-101556,2025-11-26,2025-11,South,Accessories,Water Bottle,Corporate,1,600,0.15,510.0,280,230.0
ORD-100146,2025-11-26,2025-11,East,Accessories,Backpack,Corporate,4,1800,0.0,7200.0,3800,3400.0
ORD-103209,2025-11-26,2025-11,North,Accessories,Water Bottle,Corporate,2,600,0.2,960.0,560,400.0
ORD-104892,2025-11-26,2025-11,West,Electronics,Smartphone,Corporate,1,28000,0.05,26600.0,21000,5600.0
ORD-100695,2025-11-26,2025-11,South,Accessories,Water Bottle,Consumer,1,600,0.0,600.0,280,320.0
ORD-104495,2025-11-26,2025-11,South,Furniture,Bookshelf,Consumer,3,6500,0.0,19500.0,12600,6900.0
ORD-103472,2025-11-26,2025-11,South,Electronics,Smartwatch,Consumer,4,9000,0.1,32400.0,24000,8400.0
ORD-101992,2025-11-26,2025-11,South,Accessories,Desk Lamp,Consumer,1,1400,0.15,1190.0,750,440.0
ORD-101531,2025-11-26,2025-11,Central,Electronics,Smartphone,Corporate,1,28000,0.05,26600.0,21000,5600.0
ORD-102290,2025-11-26,2025-11,West,Stationery,Notebook Pack,Consumer,1,450,0.05,427.5,250,177.5
ORD-102352,2025-11-27,2025-11,East,Electronics,Smartwatch,Corporate,4,9000,0.1,32400.0,24000,8400.0
ORD-103109,2025-11-27,2025-11,West,Electronics,Headphones,Consumer,1,3500,0.0,3500.0,2100,1400.0
ORD-101787,2025-11-27,2025-11,West,Stationery,Pen Set,Corporate,2,300,0.1,540.0,280,260.0
ORD-102543,2025-11-27,2025-11,Central,Electronics,Headphones,Small Business,3,3500,0.05,9975.0,6300,3675.0
ORD-103813,2025-11-27,2025-11,South,Electronics,Headphones,Consumer,3,3500,0.1,9450.0,6300,3150.0
ORD-100510,2025-11-27,2025-11,North,Electronics,Smartphone,Consumer,1,28000,0.0,28000.0,21000,7000.0
ORD-101086,2025-11-27,2025-11,West,Accessories,Water Bottle,Corporate,5,600,0.0,3000.0,1400,1600.0
ORD-104221,2025-11-27,2025-11,East,Accessories,Desk Lamp,Small Business,4,1400,0.05,5320.0,3000,2320.0
ORD-103700,2025-11-27,2025-11,Central,Accessories,Desk Lamp,Consumer,3,1400,0.0,4200.0,2250,1950.0
ORD-103852,2025-11-27,2025-11,North,Accessories,Desk Lamp,Consumer,1,1400,0.0,1400.0,750,650.0
ORD-101843,2025-11-27,2025-11,North,Stationery,Pen Set,Corporate,1,300,0.0,300.0,140,160.0
ORD-103861,2025-11-27,2025-11,West,Furniture,Office Chair,Corporate,2,8500,0.0,17000.0,11000,6000.0
ORD-100327,2025-11-27,2025-11,North,Electronics,Headphones,Consumer,3,3500,0.0,10500.0,6300,4200.0
ORD-100793,2025-11-27,2025-11,Central,Electronics,Smartphone,Corporate,1,28000,0.1,25200.0,21000,4200.0
ORD-100020,2025-11-27,2025-11,West,Electronics,Headphones,Consumer,1,3500,0.0,3500.0,2100,1400.0
ORD-101249,2025-11-28,2025-11,North,Accessories,Water Bottle,Consumer,1,600,0.0,600.0,280,320.0
ORD-104537,2025-11-28,2025-11,West,Electronics,Smartwatch,Corporate,2,9000,0.0,18000.0,12000,6000.0
ORD-103135,2025-11-28,2025-11,North,Accessories,Desk Lamp,Corporate,2,1400,0.0,2800.0,1500,1300.0
ORD-101729,2025-11-28,2025-11,West,Electronics,Smartphone,Consumer,1,28000,0.2,22400.0,21000,1400.0
ORD-102117,2025-11-28,2025-11,North,Accessories,Backpack,Consumer,1,1800,0.15,1530.0,950,580.0
ORD-103238,2025-11-28,2025-11,East,Accessories,Desk Lamp,Consumer,1,1400,0.1,1260.0,750,510.0
ORD-100260,2025-11-28,2025-11,North,Stationery,Pen Set,Corporate,3,300,0.05,855.0,420,435.0
ORD-101045,2025-11-28,2025-11,West,Stationery,Pen Set,Corporate,3,300,0.05,855.0,420,435.0
ORD-101822,2025-11-28,2025-11,Central,Stationery,Notebook Pack,Consumer,1,450,0.15,382.5,250,132.5
ORD-103658,2025-11-28,2025-11,North,Electronics,Headphones,Corporate,3,3500,0.0,10500.0,6300,4200.0
ORD-101896,2025-11-28,2025-11,West,Electronics,Smartphone,Consumer,1,28000,0.0,28000.0,21000,7000.0
ORD-100345,2025-11-28,2025-11,East,Stationery,Notebook Pack,Corporate,2,450,0.0,900.0,500,400.0
ORD-101451,2025-11-29,2025-11,Central,Stationery,Pen Set,Consumer,2,300,0.0,600.0,280,320.0
ORD-101280,2025-11-29,2025-11,West,Electronics,Smartwatch,Consumer,1,9000,0.15,7650.0,6000,1650.0
ORD-104199,2025-11-29,2025-11,East,Stationery,Pen Set,Consumer,5,300,0.1,1350.0,700,650.0
ORD-104043,2025-11-29,2025-11,South,Electronics,Smartphone,Consumer,2,28000,0.2,44800.0,42000,2800.0
ORD-103425,2025-11-29,2025-11,South,Accessories,Backpack,Consumer,4,1800,0.1,6480.0,3800,2680.0
ORD-101496,2025-11-29,2025-11,South,Electronics,Smartphone,Consumer,1,28000,0.0,28000.0,21000,7000.0
ORD-101398,2025-11-29,2025-11,South,Furniture,Office Chair,Consumer,3,8500,0.05,24225.0,16500,7725.0
ORD-102307,2025-11-29,2025-11,South,Accessories,Desk Lamp,Corporate,1,1400,0.15,1190.0,750,440.0
ORD-104194,2025-11-29,2025-11,West,Electronics,Smartphone,Corporate,5,28000,0.0,140000.0,105000,35000.0
ORD-100624,2025-11-29,2025-11,North,Accessories,Desk Lamp,Consumer,1,1400,0.0,1400.0,750,650.0
ORD-101154,2025-11-29,2025-11,North,Accessories,Water Bottle,Corporate,1,600,0.0,600.0,280,320.0
ORD-100544,2025-11-29,2025-11,East,Accessories,Water Bottle,Corporate,2,600,0.0,1200.0,560,640.0
ORD-101170,2025-11-29,2025-11,North,Accessories,Water Bottle,Consumer,4,600,0.0,2400.0,1120,1280.0
ORD-100432,2025-11-29,2025-11,West,Stationery,Pen Set,Corporate,1,300,0.05,285.0,140,145.0
ORD-101922,2025-11-30,2025-11,North,Electronics,Smartphone,Corporate,1,28000,0.0,28000.0,21000,7000.0
ORD-103330,2025-11-30,2025-11,West,Electronics,Headphones,Corporate,1,3500,0.1,3150.0,2100,1050.0
ORD-100491,2025-11-30,2025-11,West,Electronics,Laptop,Consumer,1,55000,0.0,55000.0,42000,13000.0
ORD-101708,2025-11-30,2025-11,West,Furniture,Study Desk,Corporate,1,12000,0.0,12000.0,8000,4000.0
ORD-101193,2025-11-30,2025-11,Central,Stationery,Pen Set,Corporate,2,300,0.1,540.0,280,260.0
ORD-104739,2025-11-30,2025-11,East,Furniture,Study Desk,Consumer,2,12000,0.05,22800.0,16000,6800.0
ORD-100559,2025-11-30,2025-11,East,Accessories,Desk Lamp,Small Business,1,1400,0.05,1330.0,750,580.0
ORD-102464,2025-11-30,2025-11,South,Furniture,Office Chair,Consumer,5,8500,0.1,38250.0,27500,10750.0
ORD-103014,2025-11-30,2025-11,West,Accessories,Desk Lamp,Consumer,1,1400,0.15,1190.0,750,440.0
ORD-100573,2025-11-30,2025-11,East,Furniture,Study Desk,Consumer,2,12000,0.0,24000.0,16000,8000.0
ORD-102161,2025-11-30,2025-11,South,Stationery,Pen Set,Corporate,1,300,0.1,270.0,140,130.0
ORD-100756,2025-11-30,2025-11,East,Electronics,Headphones,Corporate,2,3500,0.15,5950.0,4200,1750.0
ORD-102744,2025-12-01,2025-12,South,Accessories,Water Bottle,Consumer,1,600,0.0,600.0,280,320.0
ORD-103427,2025-12-01,2025-12,Central,Accessories,Backpack,Consumer,2,1800,0.05,3420.0,1900,1520.0
ORD-100081,2025-12-01,2025-12,North,Stationery,Notebook Pack,Consumer,2,450,0.2,720.0,500,220.0
ORD-102797,2025-12-01,2025-12,North,Stationery,Notebook Pack,Corporate,1,450,0.05,427.5,250,177.5
ORD-100912,2025-12-01,2025-12,West,Electronics,Headphones,Corporate,2,3500,0.0,7000.0,4200,2800.0
ORD-103505,2025-12-01,2025-12,West,Accessories,Desk Lamp,Corporate,1,1400,0.0,1400.0,750,650.0
ORD-101362,2025-12-01,2025-12,South,Accessories,Backpack,Small Business,1,1800,0.1,1620.0,950,670.0
ORD-104946,2025-12-01,2025-12,South,Electronics,Laptop,Consumer,1,55000,0.0,55000.0,42000,13000.0
ORD-100298,2025-12-01,2025-12,South,Electronics,Laptop,Corporate,3,55000,0.0,165000.0,126000,39000.0
ORD-101568,2025-12-01,2025-12,South,Electronics,Smartphone,Small Business,1,28000,0.05,26600.0,21000,5600.0
ORD-100749,2025-12-01,2025-12,West,Electronics,Laptop,Consumer,1,55000,0.0,55000.0,42000,13000.0
ORD-101643,2025-12-01,2025-12,West,Accessories,Backpack,Consumer,1,1800,0.15,1530.0,950,580.0
ORD-103932,2025-12-01,2025-12,North,Electronics,Smartphone,Consumer,1,28000,0.05,26600.0,21000,5600.0
ORD-103063,2025-12-01,2025-12,North,Accessories,Desk Lamp,Small Business,2,1400,0.0,2800.0,1500,1300.0
ORD-101818,2025-12-01,2025-12,West,Accessories,Backpack,Consumer,5,1800,0.0,9000.0,4750,4250.0
ORD-103713,2025-12-01,2025-12,South,Electronics,Smartphone,Corporate,2,28000,0.0,56000.0,42000,14000.0
ORD-102462,2025-12-01,2025-12,Central,Accessories,Desk Lamp,Corporate,3,1400,0.0,4200.0,2250,1950.0
ORD-103555,2025-12-01,2025-12,West,Furniture,Bookshelf,Small Business,2,6500,0.0,13000.0,8400,4600.0
ORD-103421,2025-12-01,2025-12,South,Electronics,Headphones,Consumer,1,3500,0.0,3500.0,2100,1400.0
ORD-101731,2025-12-01,2025-12,South,Electronics,Headphones,Consumer,5,3500,0.05,16625.0,10500,6125.0
ORD-100349,2025-12-02,2025-12,West,Stationery,Notebook Pack,Corporate,2,450,0.0,900.0,500,400.0
ORD-101043,2025-12-02,2025-12,North,Stationery,Pen Set,Small Business,5,300,0.1,1350.0,700,650.0
ORD-102514,2025-12-02,2025-12,East,Accessories,Backpack,Corporate,1,1800,0.0,1800.0,950,850.0
ORD-104860,2025-12-02,2025-12,West,Electronics,Smartwatch,Corporate,1,9000,0.0,9000.0,6000,3000.0
ORD-102585,2025-12-02,2025-12,West,Electronics,Smartwatch,Consumer,2,9000,0.1,16200.0,12000,4200.0
ORD-104082,2025-12-02,2025-12,South,Accessories,Desk Lamp,Consumer,1,1400,0.15,1190.0,750,440.0
ORD-104513,2025-12-02,2025-12,West,Electronics,Headphones,Corporate,1,3500,0.2,2800.0,2100,700.0
ORD-103003,2025-12-02,2025-12,Central,Furniture,Study Desk,Corporate,2,12000,0.1,21600.0,16000,5600.0
ORD-101245,2025-12-02,2025-12,East,Accessories,Backpack,Consumer,4,1800,0.0,7200.0,3800,3400.0
ORD-104357,2025-12-02,2025-12,North,Furniture,Office Chair,Small Business,1,8500,0.0,8500.0,5500,3000.0
ORD-102457,2025-12-02,2025-12,South,Stationery,Notebook Pack,Consumer,4,450,0.05,1710.0,1000,710.0
ORD-103629,2025-12-03,2025-12,West,Accessories,Desk Lamp,Corporate,2,1400,0.0,2800.0,1500,1300.0
ORD-101059,2025-12-03,2025-12,West,Accessories,Backpack,Consumer,1,1800,0.0,1800.0,950,850.0
ORD-100752,2025-12-03,2025-12,North,Stationery,Notebook Pack,Consumer,1,450,0.15,382.5,250,132.5
ORD-100612,2025-12-03,2025-12,West,Electronics,Headphones,Consumer,4,3500,0.05,13300.0,8400,4900.0
ORD-104854,2025-12-03,2025-12,West,Stationery,Notebook Pack,Consumer,1,450,0.0,450.0,250,200.0
ORD-103268,2025-12-03,2025-12,East,Accessories,Desk Lamp,Consumer,2,1400,0.1,2520.0,1500,1020.0
ORD-100480,2025-12-03,2025-12,West,Electronics,Smartwatch,Corporate,3,9000,0.0,27000.0,18000,9000.0
ORD-102600,2025-12-03,2025-12,West,Electronics,Smartwatch,Consumer,2,9000,0.0,18000.0,12000,6000.0
ORD-100382,2025-12-03,2025-12,South,Electronics,Smartwatch,Consumer,1,9000,0.0,9000.0,6000,3000.0
ORD-100483,2025-12-03,2025-12,West,Electronics,Smartwatch,Corporate,1,9000,0.1,8100.0,6000,2100.0
ORD-100229,2025-12-04,2025-12,East,Electronics,Smartwatch,Small Business,5,9000,0.05,42750.0,30000,12750.0
ORD-101363,2025-12-04,2025-12,South,Furniture,Study Desk,Consumer,1,12000,0.0,12000.0,8000,4000.0
ORD-102265,2025-12-04,2025-12,North,Furniture,Study Desk,Consumer,2,12000,0.0,24000.0,16000,8000.0
ORD-103249,2025-12-04,2025-12,West,Stationery,Notebook Pack,Consumer,1,450,0.0,450.0,250,200.0
ORD-102762,2025-12-04,2025-12,South,Stationery,Notebook Pack,Consumer,4,450,0.0,1800.0,1000,800.0
ORD-101172,2025-12-04,2025-12,North,Accessories,Desk Lamp,Small Business,1,1400,0.0,1400.0,750,650.0
ORD-100414,2025-12-04,2025-12,North,Accessories,Desk Lamp,Corporate,2,1400,0.05,2660.0,1500,1160.0
ORD-104100,2025-12-04,2025-12,East,Stationery,Pen Set,Small Business,2,300,0.1,540.0,280,260.0
ORD-103150,2025-12-04,2025-12,East,Electronics,Smartwatch,Corporate,3,9000,0.0,27000.0,18000,9000.0
ORD-104307,2025-12-04,2025-12,West,Electronics,Headphones,Consumer,2,3500,0.05,6650.0,4200,2450.0
ORD-104679,2025-12-04,2025-12,South,Accessories,Water Bottle,Small Business,2,600,0.05,1140.0,560,580.0
ORD-103888,2025-12-04,2025-12,South,Electronics,Headphones,Small Business,2,3500,0.15,5950.0,4200,1750.0
ORD-104349,2025-12-04,2025-12,West,Furniture,Study Desk,Small Business,2,12000,0.05,22800.0,16000,6800.0
ORD-100584,2025-12-05,2025-12,South,Stationery,Notebook Pack,Consumer,1,450,0.05,427.5,250,177.5
ORD-101182,2025-12-05,2025-12,North,Accessories,Backpack,Consumer,1,1800,0.1,1620.0,950,670.0
ORD-102166,2025-12-05,2025-12,West,Accessories,Water Bottle,Corporate,1,600,0.1,540.0,280,260.0
ORD-100114,2025-12-05,2025-12,South,Electronics,Smartphone,Consumer,2,28000,0.0,56000.0,42000,14000.0
ORD-103342,2025-12-05,2025-12,North,Furniture,Office Chair,Corporate,4,8500,0.0,34000.0,22000,12000.0
ORD-104133,2025-12-05,2025-12,South,Stationery,Notebook Pack,Corporate,2,450,0.15,765.0,500,265.0
ORD-100839,2025-12-05,2025-12,East,Stationery,Notebook Pack,Small Business,2,450,0.0,900.0,500,400.0
ORD-104185,2025-12-05,2025-12,West,Stationery,Notebook Pack,Corporate,5,450,0.0,2250.0,1250,1000.0
ORD-102278,2025-12-05,2025-12,West,Stationery,Pen Set,Consumer,2,300,0.15,510.0,280,230.0
ORD-101549,2025-12-05,2025-12,South,Accessories,Desk Lamp,Consumer,2,1400,0.0,2800.0,1500,1300.0
ORD-100161,2025-12-05,2025-12,North,Stationery,Pen Set,Consumer,4,300,0.1,1080.0,560,520.0
ORD-103029,2025-12-05,2025-12,West,Electronics,Smartwatch,Corporate,1,9000,0.15,7650.0,6000,1650.0
ORD-102630,2025-12-05,2025-12,South,Stationery,Notebook Pack,Corporate,3,450,0.0,1350.0,750,600.0
ORD-100193,2025-12-05,2025-12,Central,Accessories,Water Bottle,Consumer,2,600,0.0,1200.0,560,640.0
ORD-102822,2025-12-05,2025-12,South,Electronics,Headphones,Corporate,2,3500,0.0,7000.0,4200,2800.0
ORD-102097,2025-12-05,2025-12,North,Accessories,Water Bottle,Consumer,2,600,0.0,1200.0,560,640.0
ORD-100162,2025-12-05,2025-12,South,Stationery,Notebook Pack,Consumer,2,450,0.0,900.0,500,400.0
ORD-100928,2025-12-05,2025-12,East,Stationery,Pen Set,Consumer,1,300,0.05,285.0,140,145.0
ORD-101174,2025-12-05,2025-12,East,Accessories,Desk Lamp,Small Business,5,1400,0.0,7000.0,3750,3250.0
ORD-104799,2025-12-06,2025-12,Central,Accessories,Backpack,Consumer,3,1800,0.1,4860.0,2850,2010.0
ORD-102399,2025-12-06,2025-12,South,Electronics,Headphones,Small Business,2,3500,0.0,7000.0,4200,2800.0
ORD-102328,2025-12-06,2025-12,North,Accessories,Water Bottle,Corporate,1,600,0.0,600.0,280,320.0
ORD-101298,2025-12-06,2025-12,West,Stationery,Pen Set,Consumer,1,300,0.1,270.0,140,130.0
ORD-101882,2025-12-06,2025-12,South,Electronics,Headphones,Corporate,4,3500,0.05,13300.0,8400,4900.0
ORD-102350,2025-12-06,2025-12,South,Stationery,Pen Set,Corporate,1,300,0.0,300.0,140,160.0
ORD-103462,2025-12-06,2025-12,South,Furniture,Study Desk,Corporate,1,12000,0.0,12000.0,8000,4000.0
ORD-101786,2025-12-06,2025-12,Central,Accessories,Water Bottle,Consumer,2,600,0.0,1200.0,560,640.0
ORD-102126,2025-12-06,2025-12,North,Electronics,Smartwatch,Consumer,1,9000,0.05,8550.0,6000,2550.0
ORD-104957,2025-12-06,2025-12,West,Accessories,Water Bottle,Small Business,5,600,0.15,2550.0,1400,1150.0
ORD-102749,2025-12-06,2025-12,West,Furniture,Study Desk,Consumer,1,12000,0.05,11400.0,8000,3400.0
ORD-100346,2025-12-06,2025-12,North,Stationery,Notebook Pack,Consumer,1,450,0.1,405.0,250,155.0
ORD-104865,2025-12-06,2025-12,North,Electronics,Laptop,Corporate,1,55000,0.1,49500.0,42000,7500.0
ORD-100101,2025-12-06,2025-12,East,Stationery,Pen Set,Consumer,1,300,0.15,255.0,140,115.0
ORD-101958,2025-12-06,2025-12,West,Stationery,Notebook Pack,Small Business,2,450,0.05,855.0,500,355.0
ORD-103887,2025-12-06,2025-12,West,Electronics,Laptop,Corporate,1,55000,0.0,55000.0,42000,13000.0
ORD-103365,2025-12-06,2025-12,West,Stationery,Pen Set,Consumer,2,300,0.05,570.0,280,290.0
ORD-100303,2025-12-07,2025-12,West,Accessories,Desk Lamp,Consumer,1,1400,0.0,1400.0,750,650.0
ORD-101783,2025-12-07,2025-12,South,Accessories,Backpack,Consumer,4,1800,0.0,7200.0,3800,3400.0
ORD-101225,2025-12-07,2025-12,East,Stationery,Notebook Pack,Small Business,5,450,0.0,2250.0,1250,1000.0
ORD-103110,2025-12-07,2025-12,East,Electronics,Headphones,Consumer,1,3500,0.1,3150.0,2100,1050.0
ORD-104214,2025-12-07,2025-12,North,Furniture,Bookshelf,Consumer,4,6500,0.0,26000.0,16800,9200.0
ORD-100087,2025-12-07,2025-12,North,Furniture,Bookshelf,Consumer,1,6500,0.05,6175.0,4200,1975.0
ORD-101428,2025-12-07,2025-12,South,Electronics,Laptop,Consumer,2,55000,0.0,110000.0,84000,26000.0
ORD-104413,2025-12-08,2025-12,North,Electronics,Headphones,Consumer,2,3500,0.1,6300.0,4200,2100.0
ORD-102575,2025-12-08,2025-12,North,Furniture,Office Chair,Corporate,1,8500,0.0,8500.0,5500,3000.0
ORD-100779,2025-12-08,2025-12,South,Electronics,Headphones,Small Business,4,3500,0.0,14000.0,8400,5600.0
ORD-104227,2025-12-08,2025-12,West,Electronics,Laptop,Consumer,2,55000,0.1,99000.0,84000,15000.0
ORD-103027,2025-12-08,2025-12,South,Electronics,Headphones,Corporate,2,3500,0.0,7000.0,4200,2800.0
ORD-101682,2025-12-08,2025-12,West,Stationery,Notebook Pack,Consumer,2,450,0.0,900.0,500,400.0
ORD-101577,2025-12-08,2025-12,South,Accessories,Water Bottle,Small Business,1,600,0.0,600.0,280,320.0
ORD-100591,2025-12-08,2025-12,East,Stationery,Pen Set,Corporate,3,300,0.1,810.0,420,390.0
ORD-101706,2025-12-08,2025-12,Central,Accessories,Desk Lamp,Small Business,4,1400,0.0,5600.0,3000,2600.0
ORD-104014,2025-12-08,2025-12,South,Electronics,Smartwatch,Consumer,4,9000,0.05,34200.0,24000,10200.0
ORD-102811,2025-12-08,2025-12,North,Stationery,Pen Set,Consumer,1,300,0.1,270.0,140,130.0
ORD-102177,2025-12-09,2025-12,West,Stationery,Pen Set,Consumer,1,300,0.0,300.0,140,160.0
ORD-101956,2025-12-09,2025-12,East,Stationery,Pen Set,Consumer,4,300,0.05,1140.0,560,580.0
ORD-101824,2025-12-09,2025-12,North,Accessories,Water Bottle,Consumer,1,600,0.1,540.0,280,260.0
ORD-101315,2025-12-09,2025-12,Central,Accessories,Backpack,Consumer,3,1800,0.2,4320.0,2850,1470.0
ORD-101928,2025-12-09,2025-12,West,Stationery,Notebook Pack,Consumer,1,450,0.0,450.0,250,200.0
ORD-104875,2025-12-09,2025-12,North,Stationery,Pen Set,Consumer,1,300,0.2,240.0,140,100.0
ORD-100200,2025-12-09,2025-12,South,Stationery,Notebook Pack,Corporate,1,450,0.05,427.5,250,177.5
ORD-100872,2025-12-09,2025-12,East,Stationery,Pen Set,Corporate,1,300,0.2,240.0,140,100.0
ORD-102643,2025-12-09,2025-12,South,Accessories,Desk Lamp,Consumer,1,1400,0.0,1400.0,750,650.0
ORD-104333,2025-12-09,2025-12,West,Electronics,Smartwatch,Small Business,2,9000,0.0,18000.0,12000,6000.0
ORD-100361,2025-12-09,2025-12,South,Accessories,Water Bottle,Consumer,1,600,0.1,540.0,280,260.0
ORD-100355,2025-12-09,2025-12,South,Electronics,Smartphone,Corporate,3,28000,0.0,84000.0,63000,21000.0
ORD-103595,2025-12-10,2025-12,East,Furniture,Bookshelf,Small Business,2,6500,0.0,13000.0,8400,4600.0
ORD-101849,2025-12-10,2025-12,North,Accessories,Desk Lamp,Consumer,2,1400,0.0,2800.0,1500,1300.0
ORD-104392,2025-12-10,2025-12,South,Electronics,Smartphone,Consumer,2,28000,0.0,56000.0,42000,14000.0
ORD-104628,2025-12-10,2025-12,North,Stationery,Pen Set,Corporate,4,300,0.0,1200.0,560,640.0
ORD-104579,2025-12-10,2025-12,South,Electronics,Headphones,Consumer,1,3500,0.05,3325.0,2100,1225.0
ORD-104595,2025-12-10,2025-12,South,Accessories,Water Bottle,Consumer,2,600,0.0,1200.0,560,640.0
ORD-104832,2025-12-10,2025-12,North,Accessories,Water Bottle,Consumer,4,600,0.0,2400.0,1120,1280.0
ORD-102716,2025-12-10,2025-12,South,Electronics,Smartphone,Consumer,1,28000,0.15,23800.0,21000,2800.0
ORD-102670,2025-12-10,2025-12,West,Electronics,Smartphone,Consumer,5,28000,0.1,126000.0,105000,21000.0
ORD-100174,2025-12-10,2025-12,South,Electronics,Headphones,Small Business,1,3500,0.05,3325.0,2100,1225.0
ORD-102398,2025-12-10,2025-12,West,Stationery,Notebook Pack,Consumer,5,450,0.0,2250.0,1250,1000.0
ORD-100658,2025-12-10,2025-12,Central,Stationery,Notebook Pack,Consumer,1,450,0.0,450.0,250,200.0
ORD-100238,2025-12-10,2025-12,North,Accessories,Water Bottle,Consumer,3,600,0.0,1800.0,840,960.0
ORD-101516,2025-12-11,2025-12,West,Furniture,Study Desk,Consumer,1,12000,0.05,11400.0,8000,3400.0
ORD-103296,2025-12-11,2025-12,East,Accessories,Desk Lamp,Consumer,2,1400,0.0,2800.0,1500,1300.0
ORD-102579,2025-12-11,2025-12,West,Electronics,Smartphone,Corporate,2,28000,0.0,56000.0,42000,14000.0
ORD-104266,2025-12-11,2025-12,South,Accessories,Desk Lamp,Consumer,5,1400,0.1,6300.0,3750,2550.0
ORD-103459,2025-12-11,2025-12,South,Electronics,Smartwatch,Consumer,3,9000,0.0,27000.0,18000,9000.0
ORD-104270,2025-12-11,2025-12,South,Stationery,Notebook Pack,Consumer,2,450,0.05,855.0,500,355.0
ORD-103064,2025-12-11,2025-12,Central,Furniture,Study Desk,Corporate,1,12000,0.1,10800.0,8000,2800.0
ORD-104709,2025-12-11,2025-12,East,Electronics,Smartphone,Corporate,3,28000,0.0,84000.0,63000,21000.0
ORD-103155,2025-12-11,2025-12,North,Electronics,Smartphone,Consumer,3,28000,0.0,84000.0,63000,21000.0
ORD-104993,2025-12-11,2025-12,West,Furniture,Bookshelf,Consumer,1,6500,0.0,6500.0,4200,2300.0
ORD-100461,2025-12-11,2025-12,South,Stationery,Notebook Pack,Corporate,1,450,0.0,450.0,250,200.0
ORD-104547,2025-12-11,2025-12,North,Stationery,Pen Set,Consumer,2,300,0.05,570.0,280,290.0
ORD-101234,2025-12-12,2025-12,South,Electronics,Headphones,Corporate,2,3500,0.2,5600.0,4200,1400.0
ORD-103445,2025-12-12,2025-12,West,Accessories,Water Bottle,Consumer,2,600,0.0,1200.0,560,640.0
ORD-101709,2025-12-12,2025-12,Central,Stationery,Pen Set,Consumer,3,300,0.1,810.0,420,390.0
ORD-102160,2025-12-12,2025-12,West,Furniture,Study Desk,Consumer,1,12000,0.0,12000.0,8000,4000.0
ORD-100218,2025-12-12,2025-12,South,Stationery,Notebook Pack,Consumer,3,450,0.0,1350.0,750,600.0
ORD-102667,2025-12-12,2025-12,West,Accessories,Backpack,Consumer,4,1800,0.0,7200.0,3800,3400.0
ORD-100277,2025-12-12,2025-12,South,Accessories,Water Bottle,Corporate,1,600,0.1,540.0,280,260.0
ORD-101461,2025-12-12,2025-12,West,Electronics,Smartphone,Corporate,2,28000,0.0,56000.0,42000,14000.0
ORD-100942,2025-12-12,2025-12,North,Furniture,Office Chair,Corporate,3,8500,0.2,20400.0,16500,3900.0
ORD-102058,2025-12-12,2025-12,West,Electronics,Smartphone,Corporate,1,28000,0.05,26600.0,21000,5600.0
ORD-101335,2025-12-12,2025-12,West,Stationery,Pen Set,Small Business,2,300,0.1,540.0,280,260.0
ORD-104145,2025-12-12,2025-12,South,Stationery,Pen Set,Consumer,1,300,0.2,240.0,140,100.0
ORD-101091,2025-12-12,2025-12,West,Accessories,Backpack,Corporate,1,1800,0.1,1620.0,950,670.0
ORD-101611,2025-12-12,2025-12,West,Electronics,Smartwatch,Consumer,4,9000,0.0,36000.0,24000,12000.0
ORD-103339,2025-12-13,2025-12,West,Furniture,Study Desk,Consumer,2,12000,0.0,24000.0,16000,8000.0
ORD-103417,2025-12-13,2025-12,East,Accessories,Desk Lamp,Corporate,5,1400,0.0,7000.0,3750,3250.0
ORD-102273,2025-12-13,2025-12,North,Stationery,Pen Set,Consumer,4,300,0.0,1200.0,560,640.0
ORD-102370,2025-12-13,2025-12,West,Electronics,Laptop,Consumer,1,55000,0.0,55000.0,42000,13000.0
ORD-100886,2025-12-13,2025-12,East,Electronics,Smartphone,Corporate,4,28000,0.0,112000.0,84000,28000.0
ORD-102029,2025-12-13,2025-12,North,Furniture,Office Chair,Consumer,5,8500,0.05,40375.0,27500,12875.0
ORD-102114,2025-12-13,2025-12,East,Accessories,Desk Lamp,Corporate,4,1400,0.15,4760.0,3000,1760.0
ORD-102184,2025-12-13,2025-12,South,Electronics,Smartphone,Consumer,4,28000,0.0,112000.0,84000,28000.0
ORD-100212,2025-12-13,2025-12,South,Electronics,Smartphone,Small Business,1,28000,0.0,28000.0,21000,7000.0
ORD-103845,2025-12-14,2025-12,West,Electronics,Smartphone,Small Business,1,28000,0.05,26600.0,21000,5600.0
ORD-102850,2025-12-14,2025-12,South,Electronics,Headphones,Corporate,2,3500,0.05,6650.0,4200,2450.0
ORD-103170,2025-12-14,2025-12,West,Stationery,Notebook Pack,Corporate,3,450,0.0,1350.0,750,600.0
ORD-102893,2025-12-14,2025-12,South,Accessories,Desk Lamp,Corporate,1,1400,0.0,1400.0,750,650.0
ORD-101384,2025-12-14,2025-12,South,Electronics,Smartwatch,Small Business,2,9000,0.0,18000.0,12000,6000.0
ORD-101218,2025-12-14,2025-12,South,Stationery,Notebook Pack,Small Business,4,450,0.05,1710.0,1000,710.0
ORD-101124,2025-12-14,2025-12,West,Electronics,Laptop,Consumer,3,55000,0.0,165000.0,126000,39000.0
ORD-102087,2025-12-14,2025-12,East,Stationery,Pen Set,Consumer,4,300,0.0,1200.0,560,640.0
ORD-103311,2025-12-14,2025-12,South,Stationery,Notebook Pack,Small Business,2,450,0.05,855.0,500,355.0
ORD-101861,2025-12-14,2025-12,Central,Electronics,Laptop,Consumer,2,55000,0.05,104500.0,84000,20500.0
ORD-101835,2025-12-14,2025-12,North,Electronics,Smartphone,Consumer,5,28000,0.0,140000.0,105000,35000.0
ORD-103054,2025-12-14,2025-12,West,Electronics,Laptop,Consumer,1,55000,0.1,49500.0,42000,7500.0
ORD-100220,2025-12-15,2025-12,South,Stationery,Pen Set,Small Business,1,300,0.15,255.0,140,115.0
ORD-101459,2025-12-15,2025-12,South,Accessories,Water Bottle,Corporate,2,600,0.05,1140.0,560,580.0
ORD-101328,2025-12-15,2025-12,South,Accessories,Water Bottle,Corporate,2,600,0.0,1200.0,560,640.0
ORD-102540,2025-12-15,2025-12,North,Electronics,Smartphone,Consumer,4,28000,0.1,100800.0,84000,16800.0
ORD-100877,2025-12-15,2025-12,West,Stationery,Notebook Pack,Consumer,1,450,0.0,450.0,250,200.0
ORD-103494,2025-12-15,2025-12,North,Stationery,Pen Set,Consumer,5,300,0.0,1500.0,700,800.0
ORD-101995,2025-12-15,2025-12,East,Electronics,Laptop,Consumer,1,55000,0.0,55000.0,42000,13000.0
ORD-102659,2025-12-15,2025-12,East,Accessories,Backpack,Small Business,1,1800,0.05,1710.0,950,760.0
ORD-104255,2025-12-15,2025-12,South,Accessories,Water Bottle,Consumer,2,600,0.2,960.0,560,400.0
ORD-100352,2025-12-15,2025-12,South,Electronics,Smartphone,Corporate,1,28000,0.1,25200.0,21000,4200.0
ORD-103795,2025-12-15,2025-12,South,Accessories,Water Bottle,Corporate,3,600,0.0,1800.0,840,960.0
ORD-101005,2025-12-15,2025-12,Central,Accessories,Desk Lamp,Consumer,2,1400,0.1,2520.0,1500,1020.0
ORD-101463,2025-12-15,2025-12,South,Furniture,Office Chair,Corporate,2,8500,0.0,17000.0,11000,6000.0
ORD-101147,2025-12-15,2025-12,South,Furniture,Office Chair,Corporate,3,8500,0.0,25500.0,16500,9000.0
ORD-103868,2025-12-15,2025-12,East,Stationery,Pen Set,Consumer,1,300,0.1,270.0,140,130.0
ORD-103778,2025-12-15,2025-12,West,Accessories,Backpack,Corporate,1,1800,0.15,1530.0,950,580.0
ORD-103774,2025-12-15,2025-12,Central,Accessories,Water Bottle,Consumer,2,600,0.0,1200.0,560,640.0
ORD-103946,2025-12-16,2025-12,West,Electronics,Smartphone,Consumer,2,28000,0.05,53200.0,42000,11200.0
ORD-102931,2025-12-16,2025-12,West,Accessories,Water Bottle,Consumer,1,600,0.0,600.0,280,320.0
ORD-104038,2025-12-16,2025-12,West,Stationery,Notebook Pack,Small Business,1,450,0.0,450.0,250,200.0
ORD-101810,2025-12-16,2025-12,West,Accessories,Desk Lamp,Corporate,1,1400,0.05,1330.0,750,580.0
ORD-104264,2025-12-16,2025-12,West,Accessories,Backpack,Small Business,4,1800,0.0,7200.0,3800,3400.0
ORD-103927,2025-12-16,2025-12,North,Electronics,Laptop,Consumer,1,55000,0.0,55000.0,42000,13000.0
ORD-103315,2025-12-16,2025-12,South,Electronics,Smartphone,Corporate,4,28000,0.0,112000.0,84000,28000.0
ORD-101806,2025-12-16,2025-12,West,Accessories,Backpack,Consumer,1,1800,0.0,1800.0,950,850.0
ORD-103359,2025-12-16,2025-12,North,Furniture,Office Chair,Consumer,5,8500,0.2,34000.0,27500,6500.0
ORD-100322,2025-12-16,2025-12,South,Accessories,Desk Lamp,Consumer,1,1400,0.0,1400.0,750,650.0
ORD-101784,2025-12-16,2025-12,West,Stationery,Pen Set,Consumer,2,300,0.05,570.0,280,290.0
ORD-103599,2025-12-16,2025-12,West,Accessories,Desk Lamp,Consumer,1,1400,0.1,1260.0,750,510.0
ORD-100185,2025-12-16,2025-12,Central,Stationery,Notebook Pack,Corporate,1,450,0.05,427.5,250,177.5
ORD-102019,2025-12-17,2025-12,West,Electronics,Smartphone,Corporate,1,28000,0.15,23800.0,21000,2800.0
ORD-101404,2025-12-17,2025-12,North,Accessories,Water Bottle,Small Business,1,600,0.05,570.0,280,290.0
ORD-104982,2025-12-17,2025-12,South,Accessories,Desk Lamp,Corporate,2,1400,0.15,2380.0,1500,880.0
ORD-100841,2025-12-17,2025-12,North,Stationery,Notebook Pack,Small Business,4,450,0.05,1710.0,1000,710.0
ORD-101617,2025-12-17,2025-12,South,Electronics,Laptop,Consumer,1,55000,0.0,55000.0,42000,13000.0
ORD-104637,2025-12-17,2025-12,North,Furniture,Bookshelf,Consumer,1,6500,0.0,6500.0,4200,2300.0
ORD-102915,2025-12-17,2025-12,South,Stationery,Notebook Pack,Consumer,2,450,0.1,810.0,500,310.0
ORD-100045,2025-12-17,2025-12,East,Stationery,Pen Set,Corporate,3,300,0.0,900.0,420,480.0
ORD-103373,2025-12-17,2025-12,West,Stationery,Pen Set,Small Business,2,300,0.0,600.0,280,320.0
ORD-104556,2025-12-17,2025-12,North,Stationery,Notebook Pack,Corporate,1,450,0.1,405.0,250,155.0
ORD-103746,2025-12-17,2025-12,North,Accessories,Desk Lamp,Consumer,1,1400,0.05,1330.0,750,580.0
ORD-104105,2025-12-17,2025-12,South,Furniture,Office Chair,Consumer,2,8500,0.05,16150.0,11000,5150.0
ORD-100970,2025-12-17,2025-12,West,Furniture,Bookshelf,Small Business,5,6500,0.0,32500.0,21000,11500.0
ORD-104702,2025-12-17,2025-12,West,Stationery,Notebook Pack,Consumer,3,450,0.0,1350.0,750,600.0
ORD-103176,2025-12-17,2025-12,South,Accessories,Backpack,Consumer,2,1800,0.1,3240.0,1900,1340.0
ORD-103736,2025-12-17,2025-12,South,Accessories,Water Bottle,Consumer,5,600,0.1,2700.0,1400,1300.0
ORD-102831,2025-12-17,2025-12,South,Electronics,Headphones,Consumer,1,3500,0.0,3500.0,2100,1400.0
ORD-104132,2025-12-17,2025-12,East,Stationery,Notebook Pack,Consumer,1,450,0.2,360.0,250,110.0
ORD-100207,2025-12-17,2025-12,South,Electronics,Headphones,Corporate,2,3500,0.0,7000.0,4200,2800.0
ORD-103854,2025-12-17,2025-12,South,Electronics,Smartwatch,Consumer,1,9000,0.0,9000.0,6000,3000.0
ORD-104138,2025-12-18,2025-12,South,Stationery,Pen Set,Small Business,3,300,0.0,900.0,420,480.0
ORD-104365,2025-12-18,2025-12,East,Stationery,Notebook Pack,Consumer,1,450,0.0,450.0,250,200.0
ORD-102635,2025-12-18,2025-12,North,Electronics,Headphones,Consumer,1,3500,0.1,3150.0,2100,1050.0
ORD-102189,2025-12-18,2025-12,East,Stationery,Notebook Pack,Consumer,2,450,0.15,765.0,500,265.0
ORD-100951,2025-12-18,2025-12,North,Accessories,Backpack,Consumer,5,1800,0.05,8550.0,4750,3800.0
ORD-103147,2025-12-18,2025-12,Central,Stationery,Pen Set,Consumer,1,300,0.05,285.0,140,145.0
ORD-102812,2025-12-18,2025-12,North,Furniture,Office Chair,Consumer,1,8500,0.15,7225.0,5500,1725.0
ORD-100732,2025-12-18,2025-12,West,Accessories,Backpack,Small Business,1,1800,0.0,1800.0,950,850.0
ORD-101632,2025-12-18,2025-12,West,Accessories,Backpack,Consumer,2,1800,0.05,3420.0,1900,1520.0
ORD-100596,2025-12-19,2025-12,South,Stationery,Notebook Pack,Consumer,1,450,0.0,450.0,250,200.0
ORD-103567,2025-12-19,2025-12,West,Stationery,Notebook Pack,Corporate,1,450,0.0,450.0,250,200.0
ORD-101495,2025-12-19,2025-12,North,Stationery,Notebook Pack,Consumer,2,450,0.1,810.0,500,310.0
ORD-104548,2025-12-19,2025-12,South,Stationery,Pen Set,Small Business,4,300,0.0,1200.0,560,640.0
ORD-101475,2025-12-19,2025-12,Central,Electronics,Headphones,Consumer,2,3500,0.0,7000.0,4200,2800.0
ORD-101566,2025-12-19,2025-12,West,Electronics,Laptop,Consumer,2,55000,0.1,99000.0,84000,15000.0
ORD-102125,2025-12-19,2025-12,South,Accessories,Water Bottle,Corporate,1,600,0.05,570.0,280,290.0
ORD-103467,2025-12-19,2025-12,East,Accessories,Water Bottle,Consumer,1,600,0.2,480.0,280,200.0
ORD-103389,2025-12-19,2025-12,North,Electronics,Headphones,Corporate,1,3500,0.0,3500.0,2100,1400.0
ORD-101433,2025-12-19,2025-12,East,Stationery,Notebook Pack,Consumer,1,450,0.0,450.0,250,200.0
ORD-102345,2025-12-19,2025-12,South,Accessories,Water Bottle,Corporate,1,600,0.1,540.0,280,260.0
ORD-102234,2025-12-19,2025-12,South,Stationery,Notebook Pack,Corporate,1,450,0.0,450.0,250,200.0
ORD-100683,2025-12-19,2025-12,North,Accessories,Backpack,Corporate,2,1800,0.0,3600.0,1900,1700.0
ORD-103697,2025-12-19,2025-12,East,Electronics,Smartwatch,Consumer,2,9000,0.2,14400.0,12000,2400.0
ORD-102055,2025-12-19,2025-12,North,Stationery,Notebook Pack,Consumer,1,450,0.0,450.0,250,200.0
ORD-100894,2025-12-19,2025-12,South,Stationery,Pen Set,Consumer,1,300,0.0,300.0,140,160.0
ORD-103918,2025-12-20,2025-12,South,Accessories,Water Bottle,Consumer,1,600,0.0,600.0,280,320.0
ORD-103329,2025-12-20,2025-12,South,Accessories,Desk Lamp,Corporate,1,1400,0.0,1400.0,750,650.0
ORD-102192,2025-12-20,2025-12,East,Accessories,Desk Lamp,Consumer,1,1400,0.15,1190.0,750,440.0
ORD-103028,2025-12-20,2025-12,East,Electronics,Headphones,Corporate,1,3500,0.0,3500.0,2100,1400.0
ORD-102252,2025-12-20,2025-12,South,Accessories,Backpack,Consumer,2,1800,0.0,3600.0,1900,1700.0
ORD-104030,2025-12-20,2025-12,South,Stationery,Notebook Pack,Small Business,5,450,0.1,2025.0,1250,775.0
ORD-104474,2025-12-20,2025-12,Central,Furniture,Bookshelf,Consumer,4,6500,0.05,24700.0,16800,7900.0
ORD-104668,2025-12-20,2025-12,West,Stationery,Pen Set,Consumer,1,300,0.15,255.0,140,115.0
ORD-101615,2025-12-20,2025-12,West,Accessories,Backpack,Consumer,1,1800,0.05,1710.0,950,760.0
ORD-104412,2025-12-20,2025-12,West,Stationery,Pen Set,Consumer,3,300,0.0,900.0,420,480.0
ORD-100547,2025-12-20,2025-12,North,Accessories,Water Bottle,Consumer,1,600,0.15,510.0,280,230.0
ORD-100543,2025-12-21,2025-12,West,Accessories,Backpack,Corporate,1,1800,0.05,1710.0,950,760.0
ORD-104322,2025-12-21,2025-12,East,Stationery,Pen Set,Consumer,1,300,0.0,300.0,140,160.0
ORD-103620,2025-12-21,2025-12,Central,Stationery,Notebook Pack,Corporate,3,450,0.05,1282.5,750,532.5
ORD-103538,2025-12-21,2025-12,South,Accessories,Water Bottle,Consumer,1,600,0.05,570.0,280,290.0
ORD-104068,2025-12-21,2025-12,North,Accessories,Backpack,Consumer,4,1800,0.05,6840.0,3800,3040.0
ORD-102374,2025-12-21,2025-12,North,Accessories,Water Bottle,Consumer,3,600,0.0,1800.0,840,960.0
ORD-104181,2025-12-21,2025-12,South,Furniture,Office Chair,Consumer,2,8500,0.15,14450.0,11000,3450.0
ORD-103211,2025-12-21,2025-12,West,Electronics,Headphones,Consumer,1,3500,0.0,3500.0,2100,1400.0
ORD-101439,2025-12-21,2025-12,East,Accessories,Backpack,Consumer,1,1800,0.1,1620.0,950,670.0
ORD-103000,2025-12-21,2025-12,West,Accessories,Desk Lamp,Corporate,2,1400,0.1,2520.0,1500,1020.0
ORD-100156,2025-12-21,2025-12,North,Electronics,Headphones,Consumer,1,3500,0.1,3150.0,2100,1050.0
ORD-104024,2025-12-21,2025-12,East,Stationery,Pen Set,Consumer,1,300,0.1,270.0,140,130.0
ORD-103008,2025-12-21,2025-12,West,Electronics,Headphones,Corporate,1,3500,0.0,3500.0,2100,1400.0
ORD-104022,2025-12-21,2025-12,South,Furniture,Study Desk,Corporate,4,12000,0.0,48000.0,32000,16000.0
ORD-104588,2025-12-21,2025-12,South,Stationery,Pen Set,Corporate,2,300,0.0,600.0,280,320.0
ORD-101442,2025-12-21,2025-12,West,Electronics,Headphones,Consumer,2,3500,0.0,7000.0,4200,2800.0
ORD-103126,2025-12-21,2025-12,North,Electronics,Headphones,Corporate,1,3500,0.0,3500.0,2100,1400.0
ORD-103095,2025-12-21,2025-12,Central,Accessories,Desk Lamp,Consumer,1,1400,0.05,1330.0,750,580.0
ORD-100881,2025-12-21,2025-12,East,Electronics,Smartphone,Consumer,2,28000,0.1,50400.0,42000,8400.0
ORD-100418,2025-12-21,2025-12,East,Furniture,Bookshelf,Consumer,4,6500,0.05,24700.0,16800,7900.0
ORD-104953,2025-12-21,2025-12,South,Furniture,Office Chair,Corporate,1,8500,0.1,7650.0,5500,2150.0
ORD-103451,2025-12-22,2025-12,North,Stationery,Pen Set,Corporate,4,300,0.0,1200.0,560,640.0
ORD-101934,2025-12-22,2025-12,Central,Furniture,Bookshelf,Consumer,3,6500,0.0,19500.0,12600,6900.0
ORD-104464,2025-12-22,2025-12,West,Accessories,Desk Lamp,Small Business,1,1400,0.0,1400.0,750,650.0
ORD-103867,2025-12-22,2025-12,East,Electronics,Smartwatch,Corporate,1,9000,0.15,7650.0,6000,1650.0
ORD-103069,2025-12-22,2025-12,East,Stationery,Pen Set,Small Business,1,300,0.1,270.0,140,130.0
ORD-104125,2025-12-22,2025-12,Central,Accessories,Backpack,Corporate,2,1800,0.15,3060.0,1900,1160.0
ORD-102751,2025-12-22,2025-12,West,Electronics,Headphones,Consumer,4,3500,0.0,14000.0,8400,5600.0
ORD-101457,2025-12-22,2025-12,South,Furniture,Office Chair,Corporate,2,8500,0.0,17000.0,11000,6000.0
ORD-104752,2025-12-22,2025-12,East,Stationery,Notebook Pack,Consumer,1,450,0.15,382.5,250,132.5
ORD-104571,2025-12-22,2025-12,North,Accessories,Desk Lamp,Small Business,1,1400,0.2,1120.0,750,370.0
ORD-104240,2025-12-22,2025-12,South,Accessories,Water Bottle,Corporate,1,600,0.05,570.0,280,290.0
ORD-102168,2025-12-22,2025-12,South,Stationery,Notebook Pack,Corporate,1,450,0.0,450.0,250,200.0
ORD-104071,2025-12-22,2025-12,West,Electronics,Headphones,Consumer,1,3500,0.1,3150.0,2100,1050.0
ORD-101142,2025-12-23,2025-12,North,Electronics,Headphones,Small Business,1,3500,0.1,3150.0,2100,1050.0
ORD-102663,2025-12-23,2025-12,East,Stationery,Pen Set,Small Business,2,300,0.0,600.0,280,320.0
ORD-104646,2025-12-23,2025-12,West,Accessories,Water Bottle,Consumer,2,600,0.0,1200.0,560,640.0
ORD-102696,2025-12-23,2025-12,South,Electronics,Headphones,Consumer,1,3500,0.15,2975.0,2100,875.0
ORD-102404,2025-12-23,2025-12,South,Accessories,Desk Lamp,Corporate,1,1400,0.05,1330.0,750,580.0
ORD-100170,2025-12-23,2025-12,South,Stationery,Notebook Pack,Consumer,5,450,0.0,2250.0,1250,1000.0
ORD-103701,2025-12-23,2025-12,West,Stationery,Pen Set,Corporate,1,300,0.0,300.0,140,160.0
ORD-103892,2025-12-23,2025-12,Central,Electronics,Smartwatch,Consumer,2,9000,0.05,17100.0,12000,5100.0
ORD-102530,2025-12-23,2025-12,North,Electronics,Headphones,Corporate,1,3500,0.0,3500.0,2100,1400.0
ORD-104430,2025-12-23,2025-12,West,Accessories,Desk Lamp,Small Business,2,1400,0.0,2800.0,1500,1300.0
ORD-103684,2025-12-23,2025-12,South,Accessories,Backpack,Consumer,1,1800,0.1,1620.0,950,670.0
ORD-103204,2025-12-23,2025-12,West,Stationery,Notebook Pack,Consumer,2,450,0.0,900.0,500,400.0
ORD-103452,2025-12-23,2025-12,West,Accessories,Water Bottle,Corporate,1,600,0.05,570.0,280,290.0
ORD-102346,2025-12-23,2025-12,South,Electronics,Headphones,Consumer,1,3500,0.0,3500.0,2100,1400.0
ORD-104126,2025-12-24,2025-12,South,Stationery,Pen Set,Small Business,1,300,0.0,300.0,140,160.0
ORD-100709,2025-12-24,2025-12,Central,Electronics,Smartphone,Consumer,4,28000,0.0,112000.0,84000,28000.0
ORD-101153,2025-12-24,2025-12,North,Furniture,Bookshelf,Consumer,2,6500,0.0,13000.0,8400,4600.0
ORD-103085,2025-12-24,2025-12,West,Electronics,Laptop,Consumer,1,55000,0.1,49500.0,42000,7500.0
ORD-101537,2025-12-24,2025-12,West,Stationery,Notebook Pack,Consumer,1,450,0.15,382.5,250,132.5
ORD-100647,2025-12-24,2025-12,West,Accessories,Water Bottle,Corporate,1,600,0.0,600.0,280,320.0
ORD-101077,2025-12-24,2025-12,East,Electronics,Smartwatch,Consumer,2,9000,0.0,18000.0,12000,6000.0
ORD-102769,2025-12-24,2025-12,West,Furniture,Study Desk,Corporate,1,12000,0.0,12000.0,8000,4000.0
ORD-101337,2025-12-24,2025-12,North,Electronics,Headphones,Consumer,1,3500,0.0,3500.0,2100,1400.0
ORD-104008,2025-12-24,2025-12,East,Stationery,Notebook Pack,Consumer,1,450,0.0,450.0,250,200.0
ORD-101793,2025-12-24,2025-12,South,Electronics,Headphones,Corporate,3,3500,0.05,9975.0,6300,3675.0
ORD-104678,2025-12-24,2025-12,East,Furniture,Bookshelf,Consumer,3,6500,0.1,17550.0,12600,4950.0
ORD-101217,2025-12-24,2025-12,South,Stationery,Pen Set,Corporate,5,300,0.0,1500.0,700,800.0
ORD-104557,2025-12-24,2025-12,East,Stationery,Notebook Pack,Consumer,1,450,0.1,405.0,250,155.0
ORD-101134,2025-12-25,2025-12,North,Stationery,Pen Set,Consumer,2,300,0.0,600.0,280,320.0
ORD-102587,2025-12-25,2025-12,West,Accessories,Backpack,Corporate,1,1800,0.1,1620.0,950,670.0
ORD-101449,2025-12-25,2025-12,East,Accessories,Water Bottle,Consumer,1,600,0.15,510.0,280,230.0
ORD-104182,2025-12-25,2025-12,North,Accessories,Water Bottle,Small Business,1,600,0.05,570.0,280,290.0
ORD-104625,2025-12-25,2025-12,South,Stationery,Notebook Pack,Consumer,1,450,0.0,450.0,250,200.0
ORD-104074,2025-12-25,2025-12,South,Electronics,Headphones,Consumer,2,3500,0.05,6650.0,4200,2450.0
ORD-103839,2025-12-25,2025-12,North,Accessories,Backpack,Consumer,1,1800,0.0,1800.0,950,850.0
ORD-100373,2025-12-25,2025-12,West,Stationery,Notebook Pack,Consumer,1,450,0.05,427.5,250,177.5
ORD-101206,2025-12-25,2025-12,South,Accessories,Backpack,Small Business,2,1800,0.05,3420.0,1900,1520.0
ORD-104887,2025-12-25,2025-12,West,Electronics,Smartphone,Corporate,1,28000,0.05,26600.0,21000,5600.0
ORD-103022,2025-12-26,2025-12,West,Accessories,Desk Lamp,Corporate,1,1400,0.0,1400.0,750,650.0
ORD-103179,2025-12-26,2025-12,North,Stationery,Notebook Pack,Consumer,1,450,0.0,450.0,250,200.0
ORD-104405,2025-12-26,2025-12,South,Electronics,Laptop,Consumer,4,55000,0.05,209000.0,168000,41000.0
ORD-101254,2025-12-26,2025-12,South,Furniture,Office Chair,Consumer,1,8500,0.0,8500.0,5500,3000.0
ORD-102170,2025-12-26,2025-12,South,Furniture,Study Desk,Consumer,1,12000,0.05,11400.0,8000,3400.0
ORD-100038,2025-12-26,2025-12,West,Stationery,Pen Set,Small Business,4,300,0.1,1080.0,560,520.0
ORD-100504,2025-12-26,2025-12,South,Accessories,Backpack,Corporate,1,1800,0.05,1710.0,950,760.0
ORD-102389,2025-12-27,2025-12,South,Electronics,Smartwatch,Consumer,1,9000,0.0,9000.0,6000,3000.0
ORD-100986,2025-12-27,2025-12,East,Electronics,Laptop,Small Business,3,55000,0.0,165000.0,126000,39000.0
ORD-101186,2025-12-27,2025-12,West,Electronics,Smartphone,Consumer,2,28000,0.05,53200.0,42000,11200.0
ORD-101776,2025-12-27,2025-12,West,Electronics,Smartphone,Corporate,5,28000,0.05,133000.0,105000,28000.0
ORD-101880,2025-12-27,2025-12,West,Stationery,Notebook Pack,Consumer,2,450,0.0,900.0,500,400.0
ORD-102333,2025-12-27,2025-12,East,Accessories,Desk Lamp,Small Business,3,1400,0.15,3570.0,2250,1320.0
ORD-102518,2025-12-27,2025-12,West,Stationery,Notebook Pack,Small Business,1,450,0.0,450.0,250,200.0
ORD-102627,2025-12-27,2025-12,South,Accessories,Water Bottle,Corporate,1,600,0.1,540.0,280,260.0
ORD-102410,2025-12-27,2025-12,South,Stationery,Pen Set,Consumer,3,300,0.05,855.0,420,435.0
ORD-103269,2025-12-27,2025-12,West,Accessories,Water Bottle,Corporate,4,600,0.1,2160.0,1120,1040.0
ORD-103928,2025-12-27,2025-12,North,Accessories,Water Bottle,Consumer,1,600,0.15,510.0,280,230.0
ORD-104623,2025-12-28,2025-12,West,Accessories,Water Bottle,Corporate,4,600,0.05,2280.0,1120,1160.0
ORD-100176,2025-12-28,2025-12,West,Accessories,Backpack,Consumer,4,1800,0.2,5760.0,3800,1960.0
ORD-101625,2025-12-28,2025-12,North,Electronics,Smartphone,Corporate,1,28000,0.0,28000.0,21000,7000.0
ORD-104889,2025-12-28,2025-12,South,Accessories,Water Bottle,Small Business,2,600,0.0,1200.0,560,640.0
ORD-104218,2025-12-28,2025-12,West,Electronics,Smartwatch,Corporate,3,9000,0.0,27000.0,18000,9000.0
ORD-103753,2025-12-28,2025-12,North,Electronics,Headphones,Consumer,2,3500,0.0,7000.0,4200,2800.0
ORD-101293,2025-12-28,2025-12,South,Accessories,Backpack,Corporate,1,1800,0.1,1620.0,950,670.0
ORD-104051,2025-12-28,2025-12,East,Furniture,Study Desk,Consumer,1,12000,0.0,12000.0,8000,4000.0
ORD-101456,2025-12-28,2025-12,East,Stationery,Notebook Pack,Corporate,1,450,0.0,450.0,250,200.0
ORD-103457,2025-12-28,2025-12,South,Electronics,Smartphone,Corporate,3,28000,0.0,84000.0,63000,21000.0
ORD-104826,2025-12-28,2025-12,South,Stationery,Notebook Pack,Consumer,1,450,0.05,427.5,250,177.5
ORD-100609,2025-12-28,2025-12,South,Accessories,Water Bottle,Corporate,2,600,0.1,1080.0,560,520.0
ORD-100211,2025-12-29,2025-12,North,Furniture,Office Chair,Consumer,1,8500,0.0,8500.0,5500,3000.0
ORD-104188,2025-12-29,2025-12,Central,Furniture,Office Chair,Consumer,3,8500,0.05,24225.0,16500,7725.0
ORD-101590,2025-12-29,2025-12,South,Stationery,Notebook Pack,Consumer,2,450,0.15,765.0,500,265.0
ORD-101724,2025-12-29,2025-12,East,Stationery,Pen Set,Corporate,1,300,0.1,270.0,140,130.0
ORD-102891,2025-12-29,2025-12,East,Stationery,Notebook Pack,Corporate,1,450,0.1,405.0,250,155.0
ORD-104080,2025-12-29,2025-12,South,Electronics,Headphones,Consumer,3,3500,0.0,10500.0,6300,4200.0
ORD-101214,2025-12-29,2025-12,West,Accessories,Water Bottle,Consumer,2,600,0.1,1080.0,560,520.0
ORD-101446,2025-12-29,2025-12,Central,Accessories,Water Bottle,Corporate,4,600,0.05,2280.0,1120,1160.0
ORD-102372,2025-12-29,2025-12,North,Furniture,Study Desk,Consumer,1,12000,0.0,12000.0,8000,4000.0
ORD-103810,2025-12-29,2025-12,North,Accessories,Backpack,Corporate,1,1800,0.1,1620.0,950,670.0
ORD-104584,2025-12-29,2025-12,Central,Accessories,Backpack,Consumer,1,1800,0.0,1800.0,950,850.0
ORD-102520,2025-12-29,2025-12,South,Electronics,Smartphone,Corporate,1,28000,0.0,28000.0,21000,7000.0
ORD-103362,2025-12-29,2025-12,South,Furniture,Study Desk,Consumer,1,12000,0.2,9600.0,8000,1600.0
ORD-104456,2025-12-29,2025-12,South,Electronics,Headphones,Consumer,2,3500,0.0,7000.0,4200,2800.0
ORD-103256,2025-12-29,2025-12,South,Electronics,Smartphone,Consumer,1,28000,0.05,26600.0,21000,5600.0
ORD-101006,2025-12-29,2025-12,East,Stationery,Pen Set,Consumer,4,300,0.0,1200.0,560,640.0
ORD-103369,2025-12-30,2025-12,North,Stationery,Notebook Pack,Corporate,2,450,0.05,855.0,500,355.0
ORD-100257,2025-12-30,2025-12,East,Stationery,Notebook Pack,Consumer,4,450,0.1,1620.0,1000,620.0
ORD-101679,2025-12-30,2025-12,East,Electronics,Headphones,Consumer,1,3500,0.0,3500.0,2100,1400.0
ORD-101487,2025-12-30,2025-12,South,Furniture,Bookshelf,Consumer,1,6500,0.0,6500.0,4200,2300.0
ORD-101270,2025-12-30,2025-12,South,Electronics,Headphones,Consumer,1,3500,0.0,3500.0,2100,1400.0
ORD-101035,2025-12-30,2025-12,South,Accessories,Desk Lamp,Consumer,1,1400,0.1,1260.0,750,510.0
ORD-102103,2025-12-30,2025-12,East,Accessories,Backpack,Consumer,2,1800,0.15,3060.0,1900,1160.0
ORD-104877,2025-12-30,2025-12,South,Accessories,Desk Lamp,Consumer,1,1400,0.1,1260.0,750,510.0
ORD-101717,2025-12-30,2025-12,South,Stationery,Pen Set,Consumer,1,300,0.05,285.0,140,145.0
ORD-100780,2025-12-30,2025-12,West,Accessories,Desk Lamp,Consumer,4,1400,0.1,5040.0,3000,2040.0
ORD-103356,2025-12-30,2025-12,South,Electronics,Laptop,Consumer,1,55000,0.0,55000.0,42000,13000.0
ORD-100315,2025-12-30,2025-12,South,Stationery,Notebook Pack,Corporate,1,450,0.0,450.0,250,200.0
ORD-100991,2025-12-30,2025-12,East,Stationery,Pen Set,Consumer,1,300,0.0,300.0,140,160.0
ORD-102955,2025-12-30,2025-12,East,Stationery,Pen Set,Corporate,1,300,0.0,300.0,140,160.0
ORD-103213,2025-12-30,2025-12,East,Accessories,Water Bottle,Corporate,1,600,0.0,600.0,280,320.0
ORD-101920,2025-12-30,2025-12,Central,Accessories,Water Bottle,Corporate,1,600,0.1,540.0,280,260.0
ORD-101108,2025-12-30,2025-12,North,Electronics,Smartwatch,Consumer,1,9000,0.05,8550.0,6000,2550.0
ORD-101586,2025-12-30,2025-12,South,Furniture,Bookshelf,Consumer,2,6500,0.1,11700.0,8400,3300.0
ORD-102178,2025-12-30,2025-12,North,Stationery,Notebook Pack,Corporate,3,450,0.0,1350.0,750,600.0
ORD-104491,2025-12-30,2025-12,North,Accessories,Backpack,Small Business,1,1800,0.1,1620.0,950,670.0
ORD-100481,2025-12-30,2025-12,South,Stationery,Pen Set,Consumer,1,300,0.0,300.0,140,160.0
ORD-103458,2025-12-31,2025-12,Central,Accessories,Desk Lamp,Consumer,1,1400,0.05,1330.0,750,580.0
ORD-100381,2025-12-31,2025-12,East,Stationery,Pen Set,Consumer,1,300,0.15,255.0,140,115.0
ORD-101020,2025-12-31,2025-12,South,Stationery,Pen Set,Consumer,1,300,0.05,285.0,140,145.0
ORD-100500,2025-12-31,2025-12,East,Electronics,Laptop,Small Business,1,55000,0.1,49500.0,42000,7500.0
ORD-100266,2025-12-31,2025-12,South,Stationery,Notebook Pack,Consumer,2,450,0.05,855.0,500,355.0
ORD-104012,2025-12-31,2025-12,North,Electronics,Smartwatch,Consumer,1,9000,0.0,9000.0,6000,3000.0
ORD-100798,2025-12-31,2025-12,Central,Accessories,Backpack,Consumer,2,1800,0.0,3600.0,1900,1700.0
ORD-101152,2025-12-31,2025-12,North,Furniture,Study Desk,Corporate,2,12000,0.0,24000.0,16000,8000.0
ORD-104669,2025-12-31,2025-12,West,Furniture,Bookshelf,Small Business,3,6500,0.0,19500.0,12600,6900.0
ORD-102951,2025-12-31,2025-12,North,Accessories,Water Bottle,Consumer,2,600,0.05,1140.0,560,580.0
ORD-103243,2025-12-31,2025-12,South,Stationery,Pen Set,Consumer,5,300,0.0,1500.0,700,800.0
ORD-104122,2025-12-31,2025-12,West,Stationery,Pen Set,Consumer,2,300,0.0,600.0,280,320.0
ORD-103379,2026-01-01,2026-01,South,Accessories,Backpack,Corporate,1,1800,0.2,1440.0,950,490.0
ORD-103473,2026-01-01,2026-01,North,Furniture,Office Chair,Consumer,2,8500,0.1,15300.0,11000,4300.0
ORD-103244,2026-01-02,2026-01,South,Accessories,Backpack,Consumer,2,1800,0.2,2880.0,1900,980.0
ORD-100278,2026-01-02,2026-01,Central,Furniture,Study Desk,Consumer,3,12000,0.0,36000.0,24000,12000.0
ORD-100435,2026-01-02,2026-01,West,Furniture,Study Desk,Consumer,2,12000,0.0,24000.0,16000,8000.0
ORD-104189,2026-01-02,2026-01,West,Stationery,Pen Set,Corporate,2,300,0.0,600.0,280,320.0
ORD-103084,2026-01-02,2026-01,West,Electronics,Headphones,Corporate,2,3500,0.0,7000.0,4200,2800.0
ORD-102313,2026-01-02,2026-01,South,Furniture,Office Chair,Consumer,2,8500,0.0,17000.0,11000,6000.0
ORD-104230,2026-01-02,2026-01,South,Electronics,Smartphone,Consumer,1,28000,0.0,28000.0,21000,7000.0
ORD-102965,2026-01-02,2026-01,North,Electronics,Smartwatch,Corporate,1,9000,0.0,9000.0,6000,3000.0
ORD-104238,2026-01-02,2026-01,East,Stationery,Notebook Pack,Small Business,5,450,0.05,2137.5,1250,887.5
ORD-100137,2026-01-03,2026-01,North,Stationery,Pen Set,Consumer,1,300,0.2,240.0,140,100.0
ORD-102639,2026-01-03,2026-01,North,Accessories,Backpack,Corporate,1,1800,0.15,1530.0,950,580.0
ORD-101281,2026-01-03,2026-01,East,Electronics,Smartwatch,Corporate,2,9000,0.0,18000.0,12000,6000.0
ORD-102267,2026-01-03,2026-01,South,Furniture,Study Desk,Corporate,3,12000,0.1,32400.0,24000,8400.0
ORD-100337,2026-01-03,2026-01,East,Furniture,Bookshelf,Consumer,1,6500,0.1,5850.0,4200,1650.0
ORD-102220,2026-01-03,2026-01,Central,Electronics,Smartphone,Consumer,1,28000,0.0,28000.0,21000,7000.0
ORD-102978,2026-01-03,2026-01,West,Electronics,Headphones,Consumer,2,3500,0.0,7000.0,4200,2800.0
ORD-102631,2026-01-03,2026-01,East,Electronics,Laptop,Consumer,3,55000,0.0,165000.0,126000,39000.0
ORD-100267,2026-01-03,2026-01,South,Furniture,Bookshelf,Corporate,1,6500,0.0,6500.0,4200,2300.0
ORD-100560,2026-01-03,2026-01,South,Electronics,Smartphone,Consumer,1,28000,0.1,25200.0,21000,4200.0
ORD-103152,2026-01-04,2026-01,North,Electronics,Laptop,Consumer,2,55000,0.0,110000.0,84000,26000.0
ORD-103045,2026-01-04,2026-01,North,Stationery,Pen Set,Corporate,1,300,0.0,300.0,140,160.0
ORD-103465,2026-01-04,2026-01,South,Stationery,Pen Set,Corporate,1,300,0.0,300.0,140,160.0
ORD-102982,2026-01-04,2026-01,West,Electronics,Smartphone,Corporate,4,28000,0.1,100800.0,84000,16800.0
ORD-102388,2026-01-04,2026-01,South,Accessories,Desk Lamp,Corporate,4,1400,0.0,5600.0,3000,2600.0
ORD-101437,2026-01-04,2026-01,North,Accessories,Desk Lamp,Corporate,3,1400,0.05,3990.0,2250,1740.0
ORD-104644,2026-01-04,2026-01,South,Accessories,Backpack,Corporate,1,1800,0.0,1800.0,950,850.0
ORD-101014,2026-01-04,2026-01,South,Accessories,Water Bottle,Consumer,1,600,0.1,540.0,280,260.0
ORD-100800,2026-01-05,2026-01,South,Furniture,Study Desk,Consumer,2,12000,0.1,21600.0,16000,5600.0
ORD-101299,2026-01-05,2026-01,South,Electronics,Headphones,Corporate,1,3500,0.05,3325.0,2100,1225.0
ORD-102758,2026-01-05,2026-01,West,Electronics,Headphones,Consumer,1,3500,0.1,3150.0,2100,1050.0
ORD-100438,2026-01-05,2026-01,North,Stationery,Notebook Pack,Corporate,1,450,0.0,450.0,250,200.0
ORD-103712,2026-01-05,2026-01,West,Accessories,Backpack,Small Business,1,1800,0.1,1620.0,950,670.0
ORD-101943,2026-01-05,2026-01,North,Accessories,Water Bottle,Consumer,1,600,0.1,540.0,280,260.0
ORD-101399,2026-01-05,2026-01,West,Stationery,Notebook Pack,Small Business,2,450,0.05,855.0,500,355.0
ORD-102608,2026-01-05,2026-01,South,Accessories,Water Bottle,Consumer,2,600,0.0,1200.0,560,640.0
ORD-100074,2026-01-05,2026-01,Central,Accessories,Desk Lamp,Small Business,3,1400,0.1,3780.0,2250,1530.0
ORD-103434,2026-01-05,2026-01,Central,Furniture,Bookshelf,Corporate,1,6500,0.05,6175.0,4200,1975.0
ORD-104973,2026-01-05,2026-01,North,Electronics,Headphones,Small Business,1,3500,0.2,2800.0,2100,700.0
ORD-103070,2026-01-05,2026-01,South,Furniture,Bookshelf,Corporate,2,6500,0.0,13000.0,8400,4600.0
ORD-102561,2026-01-05,2026-01,West,Electronics,Smartwatch,Corporate,2,9000,0.0,18000.0,12000,6000.0
ORD-104768,2026-01-05,2026-01,Central,Electronics,Headphones,Corporate,1,3500,0.1,3150.0,2100,1050.0
ORD-101649,2026-01-06,2026-01,West,Accessories,Water Bottle,Consumer,2,600,0.0,1200.0,560,640.0
ORD-103973,2026-01-06,2026-01,North,Accessories,Water Bottle,Corporate,2,600,0.1,1080.0,560,520.0
ORD-102047,2026-01-06,2026-01,North,Accessories,Desk Lamp,Small Business,1,1400,0.0,1400.0,750,650.0
ORD-102934,2026-01-06,2026-01,South,Stationery,Pen Set,Corporate,2,300,0.0,600.0,280,320.0
ORD-101150,2026-01-06,2026-01,East,Electronics,Laptop,Small Business,2,55000,0.2,88000.0,84000,4000.0
ORD-101540,2026-01-06,2026-01,North,Accessories,Water Bottle,Consumer,2,600,0.1,1080.0,560,520.0
ORD-100009,2026-01-06,2026-01,South,Accessories,Backpack,Consumer,1,1800,0.0,1800.0,950,850.0
ORD-101304,2026-01-06,2026-01,South,Electronics,Laptop,Corporate,1,55000,0.0,55000.0,42000,13000.0
ORD-101189,2026-01-06,2026-01,North,Stationery,Pen Set,Corporate,4,300,0.05,1140.0,560,580.0
ORD-104665,2026-01-06,2026-01,West,Stationery,Notebook Pack,Corporate,1,450,0.0,450.0,250,200.0
ORD-103312,2026-01-06,2026-01,North,Electronics,Headphones,Consumer,1,3500,0.05,3325.0,2100,1225.0
ORD-102142,2026-01-07,2026-01,West,Stationery,Pen Set,Corporate,1,300,0.05,285.0,140,145.0
ORD-102921,2026-01-08,2026-01,West,Electronics,Headphones,Small Business,4,3500,0.1,12600.0,8400,4200.0
ORD-102672,2026-01-08,2026-01,West,Stationery,Pen Set,Corporate,1,300,0.1,270.0,140,130.0
ORD-102790,2026-01-08,2026-01,East,Electronics,Smartwatch,Small Business,3,9000,0.05,25650.0,18000,7650.0
ORD-104152,2026-01-08,2026-01,North,Furniture,Bookshelf,Consumer,1,6500,0.0,6500.0,4200,2300.0
ORD-100214,2026-01-08,2026-01,South,Accessories,Water Bottle,Consumer,3,600,0.0,1800.0,840,960.0
ORD-102634,2026-01-08,2026-01,West,Accessories,Backpack,Consumer,1,1800,0.05,1710.0,950,760.0
ORD-102152,2026-01-08,2026-01,Central,Electronics,Headphones,Small Business,5,3500,0.0,17500.0,10500,7000.0
ORD-102952,2026-01-09,2026-01,East,Stationery,Pen Set,Consumer,2,300,0.05,570.0,280,290.0
ORD-104119,2026-01-09,2026-01,West,Electronics,Laptop,Corporate,2,55000,0.1,99000.0,84000,15000.0
ORD-101306,2026-01-09,2026-01,South,Accessories,Desk Lamp,Consumer,1,1400,0.0,1400.0,750,650.0
ORD-100091,2026-01-09,2026-01,North,Electronics,Headphones,Corporate,2,3500,0.15,5950.0,4200,1750.0
ORD-102589,2026-01-09,2026-01,North,Accessories,Backpack,Corporate,5,1800,0.15,7650.0,4750,2900.0
ORD-103848,2026-01-09,2026-01,South,Stationery,Notebook Pack,Small Business,3,450,0.0,1350.0,750,600.0
ORD-103112,2026-01-09,2026-01,Central,Electronics,Smartphone,Consumer,3,28000,0.1,75600.0,63000,12600.0
ORD-100630,2026-01-09,2026-01,West,Stationery,Notebook Pack,Consumer,3,450,0.0,1350.0,750,600.0
ORD-102321,2026-01-09,2026-01,East,Accessories,Desk Lamp,Consumer,5,1400,0.0,7000.0,3750,3250.0
ORD-102943,2026-01-09,2026-01,North,Accessories,Backpack,Corporate,2,1800,0.0,3600.0,1900,1700.0
ORD-100321,2026-01-09,2026-01,South,Electronics,Smartwatch,Corporate,2,9000,0.0,18000.0,12000,6000.0
ORD-104967,2026-01-10,2026-01,North,Furniture,Office Chair,Consumer,1,8500,0.15,7225.0,5500,1725.0
ORD-101532,2026-01-10,2026-01,Central,Accessories,Water Bottle,Consumer,1,600,0.1,540.0,280,260.0
ORD-103447,2026-01-10,2026-01,West,Stationery,Pen Set,Consumer,1,300,0.15,255.0,140,115.0
ORD-103345,2026-01-10,2026-01,West,Stationery,Notebook Pack,Small Business,1,450,0.0,450.0,250,200.0
ORD-101366,2026-01-10,2026-01,South,Stationery,Notebook Pack,Corporate,2,450,0.1,810.0,500,310.0
ORD-103711,2026-01-10,2026-01,South,Electronics,Headphones,Corporate,5,3500,0.0,17500.0,10500,7000.0
ORD-100876,2026-01-10,2026-01,West,Stationery,Notebook Pack,Consumer,4,450,0.1,1620.0,1000,620.0
ORD-101796,2026-01-10,2026-01,Central,Electronics,Headphones,Consumer,1,3500,0.05,3325.0,2100,1225.0
ORD-101511,2026-01-11,2026-01,West,Stationery,Pen Set,Consumer,3,300,0.05,855.0,420,435.0
ORD-101589,2026-01-11,2026-01,West,Stationery,Pen Set,Consumer,1,300,0.0,300.0,140,160.0
ORD-102988,2026-01-11,2026-01,West,Stationery,Notebook Pack,Corporate,1,450,0.05,427.5,250,177.5
ORD-102809,2026-01-11,2026-01,North,Stationery,Pen Set,Consumer,3,300,0.0,900.0,420,480.0
ORD-104651,2026-01-11,2026-01,North,Stationery,Notebook Pack,Consumer,1,450,0.05,427.5,250,177.5
ORD-103218,2026-01-12,2026-01,South,Accessories,Water Bottle,Consumer,1,600,0.0,600.0,280,320.0
ORD-102134,2026-01-12,2026-01,South,Electronics,Smartphone,Small Business,1,28000,0.0,28000.0,21000,7000.0
ORD-104659,2026-01-12,2026-01,West,Accessories,Desk Lamp,Consumer,1,1400,0.05,1330.0,750,580.0
ORD-101331,2026-01-12,2026-01,West,Electronics,Headphones,Corporate,1,3500,0.0,3500.0,2100,1400.0
ORD-100966,2026-01-12,2026-01,Central,Electronics,Headphones,Consumer,2,3500,0.0,7000.0,4200,2800.0
ORD-100778,2026-01-12,2026-01,West,Accessories,Backpack,Consumer,2,1800,0.1,3240.0,1900,1340.0
ORD-104560,2026-01-12,2026-01,West,Accessories,Backpack,Consumer,2,1800,0.1,3240.0,1900,1340.0
ORD-104740,2026-01-12,2026-01,North,Accessories,Water Bottle,Consumer,1,600,0.1,540.0,280,260.0
ORD-100777,2026-01-13,2026-01,North,Accessories,Backpack,Corporate,1,1800,0.0,1800.0,950,850.0
ORD-101915,2026-01-13,2026-01,North,Accessories,Desk Lamp,Consumer,1,1400,0.1,1260.0,750,510.0
ORD-102473,2026-01-13,2026-01,East,Furniture,Office Chair,Consumer,2,8500,0.05,16150.0,11000,5150.0
ORD-104316,2026-01-13,2026-01,West,Electronics,Smartphone,Consumer,2,28000,0.0,56000.0,42000,14000.0
ORD-100890,2026-01-13,2026-01,West,Accessories,Water Bottle,Consumer,3,600,0.2,1440.0,840,600.0
ORD-102354,2026-01-14,2026-01,North,Stationery,Notebook Pack,Consumer,2,450,0.0,900.0,500,400.0
ORD-103310,2026-01-14,2026-01,South,Furniture,Office Chair,Consumer,1,8500,0.0,8500.0,5500,3000.0
ORD-103272,2026-01-14,2026-01,North,Electronics,Headphones,Corporate,2,3500,0.1,6300.0,4200,2100.0
ORD-104732,2026-01-14,2026-01,South,Electronics,Headphones,Consumer,1,3500,0.0,3500.0,2100,1400.0
ORD-102519,2026-01-14,2026-01,North,Stationery,Pen Set,Consumer,3,300,0.0,900.0,420,480.0
ORD-101130,2026-01-14,2026-01,South,Accessories,Backpack,Corporate,4,1800,0.0,7200.0,3800,3400.0
ORD-100235,2026-01-14,2026-01,North,Stationery,Pen Set,Consumer,1,300,0.05,285.0,140,145.0
ORD-103106,2026-01-14,2026-01,North,Furniture,Study Desk,Consumer,3,12000,0.0,36000.0,24000,12000.0
ORD-102045,2026-01-14,2026-01,South,Electronics,Smartphone,Corporate,1,28000,0.1,25200.0,21000,4200.0
ORD-101037,2026-01-15,2026-01,West,Electronics,Smartwatch,Corporate,1,9000,0.0,9000.0,6000,3000.0
ORD-104672,2026-01-15,2026-01,South,Electronics,Smartphone,Corporate,2,28000,0.0,56000.0,42000,14000.0
ORD-100509,2026-01-15,2026-01,South,Electronics,Smartwatch,Consumer,1,9000,0.1,8100.0,6000,2100.0
ORD-101594,2026-01-15,2026-01,West,Accessories,Water Bottle,Corporate,2,600,0.0,1200.0,560,640.0
ORD-103672,2026-01-15,2026-01,East,Electronics,Smartphone,Consumer,2,28000,0.1,50400.0,42000,8400.0
ORD-101353,2026-01-15,2026-01,East,Stationery,Pen Set,Small Business,1,300,0.05,285.0,140,145.0
ORD-103565,2026-01-15,2026-01,East,Stationery,Notebook Pack,Small Business,2,450,0.2,720.0,500,220.0
ORD-101343,2026-01-16,2026-01,West,Accessories,Water Bottle,Corporate,2,600,0.0,1200.0,560,640.0
ORD-101869,2026-01-16,2026-01,Central,Stationery,Pen Set,Corporate,1,300,0.1,270.0,140,130.0
ORD-100196,2026-01-16,2026-01,West,Accessories,Backpack,Corporate,2,1800,0.0,3600.0,1900,1700.0
ORD-102214,2026-01-16,2026-01,North,Stationery,Pen Set,Corporate,4,300,0.0,1200.0,560,640.0
ORD-101888,2026-01-16,2026-01,North,Stationery,Notebook Pack,Consumer,3,450,0.05,1282.5,750,532.5
ORD-102966,2026-01-16,2026-01,South,Stationery,Notebook Pack,Corporate,3,450,0.05,1282.5,750,532.5
ORD-100304,2026-01-16,2026-01,South,Electronics,Smartwatch,Corporate,2,9000,0.1,16200.0,12000,4200.0
ORD-103916,2026-01-17,2026-01,East,Accessories,Backpack,Consumer,2,1800,0.0,3600.0,1900,1700.0
ORD-104589,2026-01-17,2026-01,West,Electronics,Smartphone,Corporate,3,28000,0.2,67200.0,63000,4200.0
ORD-104136,2026-01-17,2026-01,West,Furniture,Office Chair,Consumer,2,8500,0.1,15300.0,11000,4300.0
ORD-100159,2026-01-17,2026-01,South,Accessories,Water Bottle,Consumer,1,600,0.1,540.0,280,260.0
ORD-101986,2026-01-17,2026-01,South,Electronics,Smartwatch,Consumer,4,9000,0.05,34200.0,24000,10200.0
ORD-104423,2026-01-17,2026-01,South,Electronics,Smartphone,Consumer,3,28000,0.05,79800.0,63000,16800.0
ORD-102956,2026-01-17,2026-01,West,Accessories,Desk Lamp,Consumer,1,1400,0.05,1330.0,750,580.0
ORD-100984,2026-01-17,2026-01,North,Furniture,Office Chair,Consumer,4,8500,0.2,27200.0,22000,5200.0
ORD-100075,2026-01-17,2026-01,East,Electronics,Smartwatch,Consumer,1,9000,0.0,9000.0,6000,3000.0
ORD-101859,2026-01-17,2026-01,East,Accessories,Backpack,Consumer,1,1800,0.1,1620.0,950,670.0
ORD-104148,2026-01-17,2026-01,South,Electronics,Headphones,Consumer,1,3500,0.05,3325.0,2100,1225.0
ORD-102826,2026-01-17,2026-01,Central,Accessories,Backpack,Consumer,2,1800,0.1,3240.0,1900,1340.0
ORD-102369,2026-01-17,2026-01,Central,Accessories,Water Bottle,Consumer,2,600,0.1,1080.0,560,520.0
ORD-102912,2026-01-17,2026-01,East,Accessories,Desk Lamp,Corporate,3,1400,0.05,3990.0,2250,1740.0
ORD-104986,2026-01-17,2026-01,South,Accessories,Backpack,Consumer,2,1800,0.05,3420.0,1900,1520.0
ORD-101989,2026-01-18,2026-01,North,Accessories,Desk Lamp,Small Business,2,1400,0.15,2380.0,1500,880.0
ORD-104988,2026-01-18,2026-01,North,Stationery,Pen Set,Consumer,3,300,0.05,855.0,420,435.0
ORD-104225,2026-01-18,2026-01,Central,Stationery,Notebook Pack,Consumer,1,450,0.0,450.0,250,200.0
ORD-104193,2026-01-18,2026-01,West,Accessories,Water Bottle,Consumer,1,600,0.1,540.0,280,260.0
ORD-100719,2026-01-18,2026-01,North,Electronics,Smartwatch,Corporate,1,9000,0.1,8100.0,6000,2100.0
ORD-104449,2026-01-18,2026-01,South,Accessories,Desk Lamp,Consumer,1,1400,0.0,1400.0,750,650.0
ORD-101619,2026-01-18,2026-01,West,Electronics,Headphones,Small Business,1,3500,0.05,3325.0,2100,1225.0
ORD-100086,2026-01-18,2026-01,West,Accessories,Backpack,Corporate,1,1800,0.15,1530.0,950,580.0
ORD-102026,2026-01-18,2026-01,North,Accessories,Backpack,Small Business,2,1800,0.1,3240.0,1900,1340.0
ORD-103124,2026-01-19,2026-01,South,Electronics,Smartphone,Consumer,1,28000,0.05,26600.0,21000,5600.0
ORD-100002,2026-01-19,2026-01,West,Electronics,Headphones,Corporate,1,3500,0.05,3325.0,2100,1225.0
ORD-103881,2026-01-19,2026-01,South,Stationery,Notebook Pack,Consumer,2,450,0.1,810.0,500,310.0
ORD-101003,2026-01-19,2026-01,East,Furniture,Office Chair,Consumer,1,8500,0.0,8500.0,5500,3000.0
ORD-100972,2026-01-19,2026-01,West,Electronics,Smartwatch,Small Business,1,9000,0.0,9000.0,6000,3000.0
ORD-103219,2026-01-19,2026-01,West,Furniture,Study Desk,Corporate,2,12000,0.0,24000.0,16000,8000.0
ORD-103773,2026-01-19,2026-01,South,Accessories,Backpack,Corporate,1,1800,0.0,1800.0,950,850.0
ORD-101317,2026-01-19,2026-01,East,Stationery,Notebook Pack,Corporate,1,450,0.0,450.0,250,200.0
ORD-102137,2026-01-19,2026-01,East,Stationery,Pen Set,Corporate,1,300,0.1,270.0,140,130.0
ORD-101895,2026-01-19,2026-01,West,Electronics,Smartwatch,Corporate,2,9000,0.0,18000.0,12000,6000.0
ORD-103016,2026-01-19,2026-01,South,Accessories,Water Bottle,Consumer,3,600,0.05,1710.0,840,870.0
ORD-103894,2026-01-19,2026-01,North,Stationery,Notebook Pack,Consumer,1,450,0.1,405.0,250,155.0
ORD-101741,2026-01-20,2026-01,North,Stationery,Notebook Pack,Small Business,1,450,0.0,450.0,250,200.0
ORD-104506,2026-01-20,2026-01,North,Accessories,Water Bottle,Corporate,1,600,0.05,570.0,280,290.0
ORD-101364,2026-01-20,2026-01,South,Electronics,Smartwatch,Consumer,1,9000,0.0,9000.0,6000,3000.0
ORD-104090,2026-01-20,2026-01,South,Accessories,Desk Lamp,Consumer,1,1400,0.1,1260.0,750,510.0
ORD-104281,2026-01-20,2026-01,Central,Stationery,Pen Set,Small Business,2,300,0.0,600.0,280,320.0
ORD-102973,2026-01-20,2026-01,Central,Furniture,Office Chair,Corporate,2,8500,0.15,14450.0,11000,3450.0
ORD-103080,2026-01-21,2026-01,South,Electronics,Smartwatch,Consumer,2,9000,0.0,18000.0,12000,6000.0
ORD-100384,2026-01-21,2026-01,East,Accessories,Water Bottle,Small Business,2,600,0.05,1140.0,560,580.0
ORD-100805,2026-01-21,2026-01,North,Electronics,Smartphone,Consumer,1,28000,0.0,28000.0,21000,7000.0
ORD-101953,2026-01-21,2026-01,North,Stationery,Pen Set,Small Business,4,300,0.0,1200.0,560,640.0
ORD-103761,2026-01-21,2026-01,West,Stationery,Notebook Pack,Consumer,1,450,0.0,450.0,250,200.0
ORD-104494,2026-01-21,2026-01,East,Accessories,Backpack,Consumer,1,1800,0.0,1800.0,950,850.0
ORD-101403,2026-01-21,2026-01,West,Stationery,Notebook Pack,Consumer,2,450,0.0,900.0,500,400.0
ORD-101766,2026-01-22,2026-01,Central,Electronics,Smartwatch,Consumer,5,9000,0.0,45000.0,30000,15000.0
ORD-101065,2026-01-22,2026-01,West,Electronics,Smartphone,Corporate,2,28000,0.1,50400.0,42000,8400.0
ORD-104921,2026-01-22,2026-01,West,Accessories,Water Bottle,Consumer,1,600,0.0,600.0,280,320.0
ORD-100828,2026-01-22,2026-01,South,Accessories,Water Bottle,Consumer,2,600,0.0,1200.0,560,640.0
ORD-102534,2026-01-22,2026-01,West,Electronics,Headphones,Small Business,2,3500,0.15,5950.0,4200,1750.0
ORD-100959,2026-01-22,2026-01,West,Accessories,Water Bottle,Consumer,1,600,0.1,540.0,280,260.0
ORD-104028,2026-01-22,2026-01,Central,Electronics,Smartphone,Consumer,1,28000,0.0,28000.0,21000,7000.0
ORD-103044,2026-01-22,2026-01,South,Stationery,Notebook Pack,Corporate,2,450,0.1,810.0,500,310.0
ORD-101572,2026-01-22,2026-01,North,Electronics,Smartphone,Small Business,2,28000,0.1,50400.0,42000,8400.0
ORD-103499,2026-01-22,2026-01,South,Stationery,Pen Set,Consumer,1,300,0.0,300.0,140,160.0
ORD-100325,2026-01-22,2026-01,East,Electronics,Smartwatch,Corporate,1,9000,0.1,8100.0,6000,2100.0
ORD-101471,2026-01-22,2026-01,West,Electronics,Headphones,Corporate,1,3500,0.05,3325.0,2100,1225.0
ORD-103137,2026-01-22,2026-01,Central,Electronics,Laptop,Small Business,3,55000,0.0,165000.0,126000,39000.0
ORD-102668,2026-01-23,2026-01,West,Furniture,Office Chair,Consumer,1,8500,0.0,8500.0,5500,3000.0
ORD-102204,2026-01-23,2026-01,Central,Electronics,Smartphone,Consumer,2,28000,0.0,56000.0,42000,14000.0
ORD-103116,2026-01-23,2026-01,West,Furniture,Office Chair,Consumer,2,8500,0.0,17000.0,11000,6000.0
ORD-103793,2026-01-23,2026-01,West,Accessories,Backpack,Small Business,2,1800,0.1,3240.0,1900,1340.0
ORD-103706,2026-01-23,2026-01,West,Stationery,Notebook Pack,Consumer,1,450,0.0,450.0,250,200.0
ORD-104831,2026-01-23,2026-01,West,Stationery,Notebook Pack,Consumer,2,450,0.15,765.0,500,265.0
ORD-102916,2026-01-24,2026-01,West,Furniture,Study Desk,Consumer,5,12000,0.05,57000.0,40000,17000.0
ORD-104947,2026-01-24,2026-01,South,Stationery,Notebook Pack,Consumer,4,450,0.0,1800.0,1000,800.0
ORD-102536,2026-01-24,2026-01,West,Stationery,Pen Set,Consumer,1,300,0.15,255.0,140,115.0
ORD-103578,2026-01-24,2026-01,South,Accessories,Desk Lamp,Consumer,2,1400,0.05,2660.0,1500,1160.0
ORD-104645,2026-01-24,2026-01,West,Furniture,Office Chair,Small Business,3,8500,0.0,25500.0,16500,9000.0
ORD-100723,2026-01-24,2026-01,North,Accessories,Water Bottle,Consumer,1,600,0.2,480.0,280,200.0
ORD-100265,2026-01-24,2026-01,East,Electronics,Laptop,Consumer,1,55000,0.0,55000.0,42000,13000.0
ORD-102613,2026-01-24,2026-01,South,Electronics,Smartwatch,Consumer,1,9000,0.1,8100.0,6000,2100.0
ORD-104908,2026-01-24,2026-01,North,Electronics,Laptop,Small Business,1,55000,0.0,55000.0,42000,13000.0
ORD-102276,2026-01-25,2026-01,South,Accessories,Backpack,Consumer,1,1800,0.0,1800.0,950,850.0
ORD-104928,2026-01-25,2026-01,West,Electronics,Smartphone,Small Business,2,28000,0.0,56000.0,42000,14000.0
ORD-101344,2026-01-25,2026-01,South,Furniture,Study Desk,Consumer,1,12000,0.0,12000.0,8000,4000.0
ORD-104485,2026-01-25,2026-01,East,Furniture,Bookshelf,Consumer,4,6500,0.0,26000.0,16800,9200.0
ORD-104728,2026-01-25,2026-01,North,Accessories,Desk Lamp,Corporate,5,1400,0.0,7000.0,3750,3250.0
ORD-103331,2026-01-25,2026-01,East,Furniture,Office Chair,Consumer,2,8500,0.15,14450.0,11000,3450.0
ORD-102230,2026-01-25,2026-01,North,Stationery,Pen Set,Corporate,1,300,0.0,300.0,140,160.0
ORD-103136,2026-01-25,2026-01,South,Accessories,Desk Lamp,Small Business,1,1400,0.05,1330.0,750,580.0
ORD-101163,2026-01-25,2026-01,South,Accessories,Backpack,Consumer,1,1800,0.05,1710.0,950,760.0
ORD-100653,2026-01-26,2026-01,South,Stationery,Pen Set,Consumer,1,300,0.15,255.0,140,115.0
ORD-100763,2026-01-26,2026-01,North,Electronics,Headphones,Consumer,3,3500,0.0,10500.0,6300,4200.0
ORD-101904,2026-01-26,2026-01,South,Stationery,Pen Set,Corporate,2,300,0.0,600.0,280,320.0
ORD-104596,2026-01-26,2026-01,East,Accessories,Desk Lamp,Small Business,2,1400,0.0,2800.0,1500,1300.0
ORD-102730,2026-01-27,2026-01,East,Electronics,Headphones,Consumer,1,3500,0.0,3500.0,2100,1400.0
ORD-104083,2026-01-27,2026-01,West,Electronics,Headphones,Corporate,1,3500,0.0,3500.0,2100,1400.0
ORD-100462,2026-01-27,2026-01,North,Accessories,Desk Lamp,Consumer,1,1400,0.0,1400.0,750,650.0
ORD-100627,2026-01-27,2026-01,South,Stationery,Notebook Pack,Small Business,4,450,0.05,1710.0,1000,710.0
ORD-100217,2026-01-27,2026-01,West,Furniture,Office Chair,Consumer,1,8500,0.1,7650.0,5500,2150.0
ORD-101833,2026-01-28,2026-01,Central,Accessories,Water Bottle,Corporate,5,600,0.05,2850.0,1400,1450.0
ORD-103101,2026-01-28,2026-01,Central,Furniture,Office Chair,Corporate,1,8500,0.05,8075.0,5500,2575.0
ORD-102159,2026-01-28,2026-01,East,Electronics,Headphones,Consumer,2,3500,0.0,7000.0,4200,2800.0
ORD-103404,2026-01-28,2026-01,South,Electronics,Smartwatch,Consumer,2,9000,0.0,18000.0,12000,6000.0
ORD-104955,2026-01-28,2026-01,South,Accessories,Backpack,Small Business,1,1800,0.1,1620.0,950,670.0
ORD-103207,2026-01-28,2026-01,North,Accessories,Water Bottle,Corporate,4,600,0.0,2400.0,1120,1280.0
ORD-104963,2026-01-28,2026-01,East,Electronics,Smartphone,Small Business,4,28000,0.0,112000.0,84000,28000.0
ORD-100742,2026-01-28,2026-01,West,Electronics,Headphones,Small Business,3,3500,0.0,10500.0,6300,4200.0
ORD-100619,2026-01-28,2026-01,North,Electronics,Headphones,Consumer,1,3500,0.1,3150.0,2100,1050.0
ORD-102602,2026-01-28,2026-01,East,Stationery,Notebook Pack,Consumer,1,450,0.0,450.0,250,200.0
ORD-100398,2026-01-29,2026-01,South,Stationery,Notebook Pack,Consumer,3,450,0.2,1080.0,750,330.0
ORD-103335,2026-01-29,2026-01,South,Accessories,Backpack,Small Business,5,1800,0.05,8550.0,4750,3800.0
ORD-103032,2026-01-29,2026-01,South,Stationery,Notebook Pack,Corporate,1,450,0.05,427.5,250,177.5
ORD-100851,2026-01-29,2026-01,Central,Furniture,Study Desk,Corporate,2,12000,0.05,22800.0,16000,6800.0
ORD-104526,2026-01-29,2026-01,West,Furniture,Bookshelf,Corporate,1,6500,0.2,5200.0,4200,1000.0
ORD-100388,2026-01-29,2026-01,East,Accessories,Water Bottle,Consumer,4,600,0.1,2160.0,1120,1040.0
ORD-103630,2026-01-29,2026-01,West,Electronics,Headphones,Small Business,2,3500,0.05,6650.0,4200,2450.0
ORD-104959,2026-01-29,2026-01,South,Furniture,Bookshelf,Consumer,2,6500,0.05,12350.0,8400,3950.0
ORD-103680,2026-01-29,2026-01,North,Accessories,Desk Lamp,Consumer,5,1400,0.05,6650.0,3750,2900.0
ORD-101198,2026-01-29,2026-01,North,Stationery,Notebook Pack,Corporate,2,450,0.15,765.0,500,265.0
ORD-103325,2026-01-30,2026-01,West,Electronics,Laptop,Consumer,1,55000,0.05,52250.0,42000,10250.0
ORD-104604,2026-01-30,2026-01,West,Accessories,Backpack,Small Business,4,1800,0.15,6120.0,3800,2320.0
ORD-102340,2026-01-30,2026-01,Central,Stationery,Pen Set,Corporate,1,300,0.05,285.0,140,145.0
ORD-103890,2026-01-30,2026-01,South,Accessories,Backpack,Consumer,3,1800,0.0,5400.0,2850,2550.0
ORD-100419,2026-01-30,2026-01,South,Stationery,Notebook Pack,Consumer,1,450,0.15,382.5,250,132.5
ORD-104638,2026-01-30,2026-01,South,Stationery,Pen Set,Consumer,3,300,0.0,900.0,420,480.0
ORD-101994,2026-01-30,2026-01,Central,Accessories,Desk Lamp,Consumer,1,1400,0.0,1400.0,750,650.0
ORD-103992,2026-01-30,2026-01,South,Electronics,Headphones,Small Business,1,3500,0.0,3500.0,2100,1400.0
ORD-101155,2026-01-30,2026-01,North,Furniture,Office Chair,Consumer,2,8500,0.0,17000.0,11000,6000.0
ORD-104713,2026-01-30,2026-01,South,Furniture,Office Chair,Consumer,1,8500,0.05,8075.0,5500,2575.0
ORD-103737,2026-01-30,2026-01,North,Accessories,Water Bottle,Consumer,3,600,0.1,1620.0,840,780.0
ORD-104190,2026-01-31,2026-01,Central,Stationery,Notebook Pack,Corporate,2,450,0.05,855.0,500,355.0
ORD-104762,2026-01-31,2026-01,Central,Electronics,Laptop,Small Business,1,55000,0.1,49500.0,42000,7500.0
ORD-102841,2026-01-31,2026-01,South,Stationery,Pen Set,Consumer,3,300,0.15,765.0,420,345.0
ORD-102210,2026-01-31,2026-01,South,Stationery,Pen Set,Corporate,1,300,0.0,300.0,140,160.0
ORD-100447,2026-01-31,2026-01,East,Stationery,Pen Set,Consumer,1,300,0.1,270.0,140,130.0
ORD-102538,2026-01-31,2026-01,South,Electronics,Smartwatch,Small Business,4,9000,0.0,36000.0,24000,12000.0
ORD-103738,2026-01-31,2026-01,North,Electronics,Headphones,Small Business,1,3500,0.0,3500.0,2100,1400.0
ORD-102928,2026-01-31,2026-01,West,Stationery,Pen Set,Consumer,2,300,0.15,510.0,280,230.0
ORD-100399,2026-01-31,2026-01,West,Stationery,Notebook Pack,Corporate,2,450,0.15,765.0,500,265.0
ORD-104242,2026-02-01,2026-02,West,Accessories,Water Bottle,Consumer,1,600,0.1,540.0,280,260.0
ORD-104302,2026-02-01,2026-02,West,Electronics,Smartphone,Small Business,4,28000,0.0,112000.0,84000,28000.0
ORD-101630,2026-02-01,2026-02,South,Accessories,Desk Lamp,Consumer,3,1400,0.0,4200.0,2250,1950.0
ORD-101645,2026-02-01,2026-02,South,Electronics,Smartphone,Small Business,5,28000,0.0,140000.0,105000,35000.0
ORD-101856,2026-02-01,2026-02,East,Stationery,Notebook Pack,Corporate,1,450,0.1,405.0,250,155.0
ORD-100107,2026-02-01,2026-02,North,Stationery,Notebook Pack,Consumer,3,450,0.05,1282.5,750,532.5
ORD-100558,2026-02-01,2026-02,South,Furniture,Office Chair,Small Business,1,8500,0.1,7650.0,5500,2150.0
ORD-102422,2026-02-01,2026-02,South,Electronics,Headphones,Consumer,2,3500,0.0,7000.0,4200,2800.0
ORD-103432,2026-02-02,2026-02,North,Electronics,Smartwatch,Consumer,3,9000,0.0,27000.0,18000,9000.0
ORD-103940,2026-02-02,2026-02,South,Electronics,Headphones,Corporate,3,3500,0.0,10500.0,6300,4200.0
ORD-103742,2026-02-02,2026-02,South,Stationery,Pen Set,Corporate,1,300,0.05,285.0,140,145.0
ORD-100331,2026-02-02,2026-02,South,Stationery,Pen Set,Small Business,2,300,0.1,540.0,280,260.0
ORD-104573,2026-02-02,2026-02,North,Accessories,Water Bottle,Consumer,1,600,0.05,570.0,280,290.0
ORD-102806,2026-02-02,2026-02,West,Electronics,Smartwatch,Consumer,2,9000,0.0,18000.0,12000,6000.0
ORD-102070,2026-02-02,2026-02,South,Stationery,Notebook Pack,Consumer,1,450,0.1,405.0,250,155.0
ORD-101107,2026-02-02,2026-02,North,Stationery,Notebook Pack,Corporate,2,450,0.0,900.0,500,400.0
ORD-101200,2026-02-03,2026-02,West,Electronics,Headphones,Corporate,1,3500,0.0,3500.0,2100,1400.0
ORD-104918,2026-02-03,2026-02,North,Accessories,Backpack,Small Business,2,1800,0.05,3420.0,1900,1520.0
ORD-102867,2026-02-03,2026-02,South,Electronics,Headphones,Consumer,2,3500,0.0,7000.0,4200,2800.0
ORD-102005,2026-02-03,2026-02,South,Accessories,Water Bottle,Small Business,1,600,0.0,600.0,280,320.0
ORD-103527,2026-02-03,2026-02,West,Electronics,Smartwatch,Consumer,1,9000,0.0,9000.0,6000,3000.0
ORD-102944,2026-02-03,2026-02,South,Electronics,Smartwatch,Consumer,1,9000,0.0,9000.0,6000,3000.0
ORD-103337,2026-02-03,2026-02,South,Furniture,Office Chair,Consumer,3,8500,0.0,25500.0,16500,9000.0
ORD-104002,2026-02-04,2026-02,West,Stationery,Pen Set,Consumer,1,300,0.0,300.0,140,160.0
ORD-101748,2026-02-04,2026-02,Central,Electronics,Smartwatch,Corporate,1,9000,0.0,9000.0,6000,3000.0
ORD-104574,2026-02-04,2026-02,South,Furniture,Office Chair,Corporate,2,8500,0.05,16150.0,11000,5150.0
ORD-102637,2026-02-04,2026-02,East,Accessories,Water Bottle,Consumer,1,600,0.0,600.0,280,320.0
ORD-101244,2026-02-04,2026-02,West,Electronics,Headphones,Consumer,1,3500,0.0,3500.0,2100,1400.0
ORD-100431,2026-02-04,2026-02,North,Electronics,Smartphone,Small Business,1,28000,0.0,28000.0,21000,7000.0
ORD-101178,2026-02-04,2026-02,North,Stationery,Pen Set,Corporate,1,300,0.05,285.0,140,145.0
ORD-103644,2026-02-04,2026-02,East,Stationery,Pen Set,Corporate,5,300,0.1,1350.0,700,650.0
ORD-100157,2026-02-04,2026-02,West,Electronics,Headphones,Corporate,2,3500,0.0,7000.0,4200,2800.0
ORD-100092,2026-02-04,2026-02,West,Furniture,Study Desk,Consumer,2,12000,0.0,24000.0,16000,8000.0
ORD-101902,2026-02-04,2026-02,North,Stationery,Pen Set,Consumer,3,300,0.0,900.0,420,480.0
ORD-100710,2026-02-04,2026-02,North,Stationery,Notebook Pack,Consumer,2,450,0.0,900.0,500,400.0
ORD-103376,2026-02-04,2026-02,North,Accessories,Water Bottle,Corporate,1,600,0.2,480.0,280,200.0
ORD-102838,2026-02-04,2026-02,South,Electronics,Headphones,Corporate,2,3500,0.1,6300.0,4200,2100.0
ORD-101883,2026-02-04,2026-02,South,Electronics,Laptop,Corporate,2,55000,0.0,110000.0,84000,26000.0
ORD-100766,2026-02-05,2026-02,South,Stationery,Pen Set,Corporate,4,300,0.0,1200.0,560,640.0
ORD-103587,2026-02-05,2026-02,West,Electronics,Headphones,Corporate,4,3500,0.05,13300.0,8400,4900.0
ORD-104938,2026-02-05,2026-02,West,Furniture,Study Desk,Consumer,1,12000,0.0,12000.0,8000,4000.0
ORD-102492,2026-02-05,2026-02,South,Furniture,Office Chair,Small Business,3,8500,0.0,25500.0,16500,9000.0
ORD-101477,2026-02-05,2026-02,North,Accessories,Backpack,Consumer,1,1800,0.15,1530.0,950,580.0
ORD-103422,2026-02-05,2026-02,South,Accessories,Water Bottle,Corporate,1,600,0.0,600.0,280,320.0
ORD-102442,2026-02-05,2026-02,North,Accessories,Water Bottle,Small Business,1,600,0.2,480.0,280,200.0
ORD-104362,2026-02-06,2026-02,South,Stationery,Pen Set,Corporate,3,300,0.0,900.0,420,480.0
ORD-104848,2026-02-06,2026-02,East,Stationery,Pen Set,Consumer,1,300,0.0,300.0,140,160.0
ORD-103168,2026-02-06,2026-02,South,Stationery,Pen Set,Consumer,1,300,0.1,270.0,140,130.0
ORD-101811,2026-02-06,2026-02,North,Accessories,Desk Lamp,Corporate,1,1400,0.0,1400.0,750,650.0
ORD-101689,2026-02-06,2026-02,North,Stationery,Pen Set,Consumer,1,300,0.1,270.0,140,130.0
ORD-101509,2026-02-06,2026-02,West,Furniture,Office Chair,Consumer,1,8500,0.05,8075.0,5500,2575.0
ORD-102501,2026-02-06,2026-02,West,Electronics,Laptop,Consumer,1,55000,0.0,55000.0,42000,13000.0
ORD-100918,2026-02-06,2026-02,South,Stationery,Pen Set,Corporate,2,300,0.2,480.0,280,200.0
ORD-104621,2026-02-06,2026-02,North,Furniture,Office Chair,Consumer,3,8500,0.1,22950.0,16500,6450.0
ORD-103420,2026-02-06,2026-02,East,Accessories,Desk Lamp,Corporate,1,1400,0.1,1260.0,750,510.0
ORD-104062,2026-02-07,2026-02,West,Stationery,Notebook Pack,Small Business,2,450,0.0,900.0,500,400.0
ORD-103322,2026-02-07,2026-02,North,Stationery,Pen Set,Corporate,1,300,0.0,300.0,140,160.0
ORD-104583,2026-02-07,2026-02,North,Stationery,Notebook Pack,Consumer,4,450,0.0,1800.0,1000,800.0
ORD-102901,2026-02-07,2026-02,South,Electronics,Smartwatch,Consumer,2,9000,0.1,16200.0,12000,4200.0
ORD-102187,2026-02-07,2026-02,South,Stationery,Pen Set,Small Business,1,300,0.15,255.0,140,115.0
ORD-104237,2026-02-07,2026-02,North,Electronics,Smartwatch,Consumer,1,9000,0.0,9000.0,6000,3000.0
ORD-101990,2026-02-07,2026-02,Central,Electronics,Smartphone,Consumer,2,28000,0.1,50400.0,42000,8400.0
ORD-102541,2026-02-07,2026-02,North,Stationery,Notebook Pack,Corporate,1,450,0.1,405.0,250,155.0
ORD-104078,2026-02-08,2026-02,West,Furniture,Office Chair,Consumer,2,8500,0.1,15300.0,11000,4300.0
ORD-102654,2026-02-08,2026-02,West,Electronics,Smartwatch,Consumer,2,9000,0.0,18000.0,12000,6000.0
ORD-101062,2026-02-08,2026-02,East,Accessories,Water Bottle,Consumer,1,600,0.05,570.0,280,290.0
ORD-101056,2026-02-08,2026-02,South,Stationery,Pen Set,Consumer,5,300,0.0,1500.0,700,800.0
ORD-103650,2026-02-09,2026-02,North,Stationery,Notebook Pack,Consumer,4,450,0.05,1710.0,1000,710.0
ORD-101817,2026-02-09,2026-02,Central,Electronics,Headphones,Consumer,2,3500,0.0,7000.0,4200,2800.0
ORD-104814,2026-02-09,2026-02,Central,Stationery,Pen Set,Consumer,4,300,0.0,1200.0,560,640.0
ORD-104989,2026-02-09,2026-02,West,Accessories,Water Bottle,Small Business,4,600,0.0,2400.0,1120,1280.0
ORD-102704,2026-02-09,2026-02,North,Electronics,Headphones,Consumer,3,3500,0.1,9450.0,6300,3150.0
ORD-102539,2026-02-09,2026-02,South,Electronics,Smartphone,Consumer,1,28000,0.05,26600.0,21000,5600.0
ORD-101742,2026-02-09,2026-02,East,Furniture,Office Chair,Corporate,1,8500,0.05,8075.0,5500,2575.0
ORD-100688,2026-02-09,2026-02,North,Accessories,Backpack,Consumer,3,1800,0.0,5400.0,2850,2550.0
ORD-100534,2026-02-09,2026-02,North,Stationery,Pen Set,Consumer,1,300,0.05,285.0,140,145.0
ORD-100296,2026-02-09,2026-02,South,Accessories,Water Bottle,Small Business,2,600,0.1,1080.0,560,520.0
ORD-100094,2026-02-10,2026-02,North,Accessories,Water Bottle,Corporate,2,600,0.05,1140.0,560,580.0
ORD-101242,2026-02-10,2026-02,East,Electronics,Headphones,Consumer,1,3500,0.0,3500.0,2100,1400.0
ORD-102892,2026-02-10,2026-02,West,Electronics,Headphones,Small Business,2,3500,0.0,7000.0,4200,2800.0
ORD-102079,2026-02-10,2026-02,West,Accessories,Backpack,Small Business,1,1800,0.05,1710.0,950,760.0
ORD-100076,2026-02-10,2026-02,East,Electronics,Headphones,Consumer,1,3500,0.2,2800.0,2100,700.0
ORD-101205,2026-02-10,2026-02,Central,Accessories,Water Bottle,Consumer,1,600,0.05,570.0,280,290.0
ORD-102815,2026-02-10,2026-02,East,Electronics,Smartphone,Consumer,2,28000,0.1,50400.0,42000,8400.0
ORD-100981,2026-02-10,2026-02,North,Stationery,Pen Set,Small Business,3,300,0.0,900.0,420,480.0
ORD-103682,2026-02-11,2026-02,North,Accessories,Water Bottle,Corporate,2,600,0.0,1200.0,560,640.0
ORD-100070,2026-02-11,2026-02,East,Accessories,Desk Lamp,Small Business,1,1400,0.0,1400.0,750,650.0
ORD-103319,2026-02-11,2026-02,East,Stationery,Pen Set,Consumer,1,300,0.05,285.0,140,145.0
ORD-100549,2026-02-11,2026-02,North,Electronics,Headphones,Corporate,4,3500,0.05,13300.0,8400,4900.0
ORD-101386,2026-02-11,2026-02,East,Electronics,Laptop,Consumer,3,55000,0.0,165000.0,126000,39000.0
ORD-102699,2026-02-11,2026-02,South,Electronics,Headphones,Small Business,4,3500,0.1,12600.0,8400,4200.0
ORD-102710,2026-02-11,2026-02,North,Electronics,Headphones,Consumer,1,3500,0.05,3325.0,2100,1225.0
ORD-104684,2026-02-12,2026-02,East,Accessories,Backpack,Consumer,1,1800,0.05,1710.0,950,760.0
ORD-100051,2026-02-12,2026-02,West,Stationery,Notebook Pack,Corporate,3,450,0.05,1282.5,750,532.5
ORD-102595,2026-02-12,2026-02,Central,Electronics,Laptop,Corporate,1,55000,0.05,52250.0,42000,10250.0
ORD-104852,2026-02-12,2026-02,North,Accessories,Backpack,Consumer,2,1800,0.0,3600.0,1900,1700.0
ORD-102260,2026-02-12,2026-02,South,Accessories,Desk Lamp,Corporate,3,1400,0.0,4200.0,2250,1950.0
ORD-101823,2026-02-12,2026-02,Central,Accessories,Backpack,Consumer,1,1800,0.0,1800.0,950,850.0
ORD-101805,2026-02-12,2026-02,West,Electronics,Smartphone,Small Business,1,28000,0.2,22400.0,21000,1400.0
ORD-100860,2026-02-12,2026-02,South,Accessories,Desk Lamp,Consumer,1,1400,0.05,1330.0,750,580.0
ORD-102698,2026-02-12,2026-02,South,Accessories,Desk Lamp,Corporate,1,1400,0.0,1400.0,750,650.0
ORD-103692,2026-02-12,2026-02,South,Accessories,Backpack,Corporate,2,1800,0.0,3600.0,1900,1700.0
ORD-102007,2026-02-13,2026-02,North,Accessories,Water Bottle,Consumer,4,600,0.1,2160.0,1120,1040.0
ORD-103568,2026-02-13,2026-02,South,Accessories,Desk Lamp,Corporate,2,1400,0.05,2660.0,1500,1160.0
ORD-100450,2026-02-13,2026-02,South,Accessories,Backpack,Corporate,3,1800,0.1,4860.0,2850,2010.0
ORD-102090,2026-02-13,2026-02,North,Electronics,Smartwatch,Consumer,1,9000,0.1,8100.0,6000,2100.0
ORD-101241,2026-02-13,2026-02,North,Accessories,Water Bottle,Corporate,1,600,0.05,570.0,280,290.0
ORD-100393,2026-02-13,2026-02,East,Stationery,Notebook Pack,Corporate,3,450,0.2,1080.0,750,330.0
ORD-101860,2026-02-13,2026-02,North,Accessories,Water Bottle,Consumer,2,600,0.1,1080.0,560,520.0
ORD-104757,2026-02-14,2026-02,Central,Stationery,Pen Set,Consumer,1,300,0.0,300.0,140,160.0
ORD-103375,2026-02-14,2026-02,South,Stationery,Pen Set,Small Business,2,300,0.0,600.0,280,320.0
ORD-102936,2026-02-15,2026-02,East,Stationery,Notebook Pack,Corporate,1,450,0.15,382.5,250,132.5
ORD-101272,2026-02-15,2026-02,North,Stationery,Pen Set,Small Business,2,300,0.0,600.0,280,320.0
ORD-104149,2026-02-15,2026-02,East,Electronics,Headphones,Small Business,1,3500,0.05,3325.0,2100,1225.0
ORD-104488,2026-02-15,2026-02,North,Electronics,Headphones,Consumer,1,3500,0.05,3325.0,2100,1225.0
ORD-101098,2026-02-15,2026-02,North,Accessories,Backpack,Consumer,1,1800,0.0,1800.0,950,850.0
ORD-102874,2026-02-15,2026-02,East,Accessories,Desk Lamp,Corporate,2,1400,0.15,2380.0,1500,880.0
ORD-104054,2026-02-15,2026-02,East,Electronics,Headphones,Consumer,1,3500,0.1,3150.0,2100,1050.0
ORD-101176,2026-02-15,2026-02,East,Stationery,Pen Set,Corporate,1,300,0.1,270.0,140,130.0
ORD-100199,2026-02-15,2026-02,South,Electronics,Headphones,Consumer,5,3500,0.1,15750.0,10500,5250.0
ORD-101712,2026-02-15,2026-02,West,Stationery,Pen Set,Consumer,3,300,0.05,855.0,420,435.0
ORD-101562,2026-02-15,2026-02,North,Accessories,Water Bottle,Corporate,1,600,0.05,570.0,280,290.0
ORD-103471,2026-02-15,2026-02,South,Stationery,Pen Set,Corporate,2,300,0.1,540.0,280,260.0
ORD-102722,2026-02-15,2026-02,North,Accessories,Water Bottle,Consumer,2,600,0.0,1200.0,560,640.0
ORD-103324,2026-02-16,2026-02,North,Stationery,Pen Set,Consumer,1,300,0.2,240.0,140,100.0
ORD-102642,2026-02-16,2026-02,South,Accessories,Backpack,Consumer,1,1800,0.1,1620.0,950,670.0
ORD-104582,2026-02-16,2026-02,North,Stationery,Notebook Pack,Corporate,1,450,0.05,427.5,250,177.5
ORD-101469,2026-02-16,2026-02,West,Accessories,Water Bottle,Consumer,1,600,0.0,600.0,280,320.0
ORD-101648,2026-02-16,2026-02,West,Electronics,Laptop,Consumer,4,55000,0.0,220000.0,168000,52000.0
ORD-102745,2026-02-16,2026-02,East,Electronics,Smartwatch,Consumer,1,9000,0.0,9000.0,6000,3000.0
ORD-104437,2026-02-16,2026-02,South,Stationery,Notebook Pack,Consumer,2,450,0.0,900.0,500,400.0
ORD-103922,2026-02-17,2026-02,East,Electronics,Smartwatch,Corporate,1,9000,0.05,8550.0,6000,2550.0
ORD-104309,2026-02-17,2026-02,South,Electronics,Smartwatch,Corporate,1,9000,0.0,9000.0,6000,3000.0
ORD-103414,2026-02-17,2026-02,North,Accessories,Water Bottle,Small Business,2,600,0.0,1200.0,560,640.0
ORD-104797,2026-02-17,2026-02,East,Electronics,Headphones,Consumer,5,3500,0.0,17500.0,10500,7000.0
ORD-100571,2026-02-17,2026-02,North,Accessories,Water Bottle,Corporate,1,600,0.1,540.0,280,260.0
ORD-104601,2026-02-17,2026-02,West,Electronics,Smartwatch,Consumer,1,9000,0.0,9000.0,6000,3000.0
ORD-101899,2026-02-17,2026-02,South,Electronics,Smartphone,Small Business,1,28000,0.0,28000.0,21000,7000.0
ORD-103019,2026-02-17,2026-02,West,Accessories,Desk Lamp,Consumer,2,1400,0.0,2800.0,1500,1300.0
ORD-102721,2026-02-17,2026-02,Central,Electronics,Smartphone,Consumer,2,28000,0.05,53200.0,42000,11200.0
ORD-102735,2026-02-18,2026-02,East,Stationery,Notebook Pack,Consumer,1,450,0.1,405.0,250,155.0
ORD-104706,2026-02-18,2026-02,North,Stationery,Notebook Pack,Consumer,2,450,0.05,855.0,500,355.0
ORD-101771,2026-02-18,2026-02,West,Electronics,Smartphone,Small Business,5,28000,0.1,126000.0,105000,21000.0
ORD-101942,2026-02-18,2026-02,West,Electronics,Smartwatch,Consumer,3,9000,0.0,27000.0,18000,9000.0
ORD-100025,2026-02-18,2026-02,East,Electronics,Headphones,Small Business,1,3500,0.0,3500.0,2100,1400.0
ORD-104350,2026-02-18,2026-02,North,Electronics,Smartphone,Consumer,1,28000,0.1,25200.0,21000,4200.0
ORD-101959,2026-02-18,2026-02,Central,Accessories,Water Bottle,Small Business,5,600,0.0,3000.0,1400,1600.0
ORD-101774,2026-02-19,2026-02,South,Accessories,Desk Lamp,Consumer,1,1400,0.0,1400.0,750,650.0
ORD-103965,2026-02-19,2026-02,West,Accessories,Backpack,Consumer,1,1800,0.05,1710.0,950,760.0
ORD-101080,2026-02-19,2026-02,South,Accessories,Desk Lamp,Corporate,4,1400,0.0,5600.0,3000,2600.0
ORD-102065,2026-02-19,2026-02,East,Stationery,Notebook Pack,Corporate,1,450,0.0,450.0,250,200.0
ORD-102972,2026-02-19,2026-02,North,Accessories,Water Bottle,Consumer,1,600,0.1,540.0,280,260.0
ORD-102846,2026-02-19,2026-02,West,Accessories,Desk Lamp,Consumer,3,1400,0.0,4200.0,2250,1950.0
ORD-103148,2026-02-19,2026-02,South,Accessories,Backpack,Corporate,5,1800,0.0,9000.0,4750,4250.0
ORD-100648,2026-02-20,2026-02,East,Accessories,Desk Lamp,Consumer,1,1400,0.15,1190.0,750,440.0
ORD-102377,2026-02-20,2026-02,South,Accessories,Backpack,Consumer,1,1800,0.0,1800.0,950,850.0
ORD-101944,2026-02-20,2026-02,East,Accessories,Water Bottle,Consumer,2,600,0.0,1200.0,560,640.0
ORD-102620,2026-02-20,2026-02,West,Accessories,Backpack,Consumer,1,1800,0.1,1620.0,950,670.0
ORD-102188,2026-02-20,2026-02,East,Stationery,Notebook Pack,Consumer,4,450,0.05,1710.0,1000,710.0
ORD-100759,2026-02-20,2026-02,South,Stationery,Pen Set,Consumer,2,300,0.0,600.0,280,320.0
ORD-103189,2026-02-20,2026-02,South,Accessories,Desk Lamp,Small Business,1,1400,0.05,1330.0,750,580.0
ORD-101041,2026-02-21,2026-02,North,Stationery,Pen Set,Small Business,2,300,0.0,600.0,280,320.0
ORD-101327,2026-02-21,2026-02,South,Electronics,Smartphone,Consumer,4,28000,0.05,106400.0,84000,22400.0
ORD-100421,2026-02-21,2026-02,South,Stationery,Notebook Pack,Corporate,3,450,0.15,1147.5,750,397.5
ORD-101674,2026-02-21,2026-02,North,Electronics,Laptop,Corporate,1,55000,0.2,44000.0,42000,2000.0
ORD-102477,2026-02-21,2026-02,North,Furniture,Study Desk,Small Business,1,12000,0.0,12000.0,8000,4000.0
ORD-103279,2026-02-22,2026-02,North,Accessories,Water Bottle,Corporate,2,600,0.05,1140.0,560,580.0
ORD-104124,2026-02-22,2026-02,South,Stationery,Pen Set,Corporate,1,300,0.0,300.0,140,160.0
ORD-103264,2026-02-22,2026-02,West,Stationery,Pen Set,Consumer,2,300,0.1,540.0,280,260.0
ORD-100420,2026-02-22,2026-02,North,Electronics,Headphones,Consumer,1,3500,0.15,2975.0,2100,875.0
ORD-103628,2026-02-22,2026-02,South,Accessories,Water Bottle,Small Business,1,600,0.15,510.0,280,230.0
ORD-102800,2026-02-22,2026-02,North,Stationery,Notebook Pack,Small Business,1,450,0.0,450.0,250,200.0
ORD-104037,2026-02-23,2026-02,West,Furniture,Bookshelf,Corporate,1,6500,0.0,6500.0,4200,2300.0
ORD-102240,2026-02-23,2026-02,West,Electronics,Smartphone,Consumer,3,28000,0.0,84000.0,63000,21000.0
ORD-102560,2026-02-23,2026-02,West,Accessories,Backpack,Corporate,3,1800,0.0,5400.0,2850,2550.0
ORD-102104,2026-02-23,2026-02,South,Furniture,Office Chair,Consumer,1,8500,0.05,8075.0,5500,2575.0
ORD-100755,2026-02-23,2026-02,South,Stationery,Pen Set,Corporate,1,300,0.0,300.0,140,160.0
ORD-104944,2026-02-23,2026-02,South,Electronics,Headphones,Consumer,1,3500,0.15,2975.0,2100,875.0
ORD-101924,2026-02-23,2026-02,East,Furniture,Office Chair,Consumer,2,8500,0.05,16150.0,11000,5150.0
ORD-102783,2026-02-23,2026-02,North,Electronics,Smartwatch,Consumer,1,9000,0.15,7650.0,6000,1650.0
ORD-102479,2026-02-23,2026-02,South,Electronics,Smartphone,Consumer,1,28000,0.1,25200.0,21000,4200.0
ORD-101633,2026-02-24,2026-02,East,Accessories,Water Bottle,Consumer,1,600,0.1,540.0,280,260.0
ORD-100727,2026-02-24,2026-02,North,Stationery,Notebook Pack,Corporate,1,450,0.0,450.0,250,200.0
ORD-100279,2026-02-24,2026-02,South,Stationery,Notebook Pack,Small Business,1,450,0.05,427.5,250,177.5
ORD-103618,2026-02-24,2026-02,North,Electronics,Laptop,Consumer,1,55000,0.0,55000.0,42000,13000.0
ORD-100308,2026-02-24,2026-02,West,Accessories,Water Bottle,Small Business,2,600,0.05,1140.0,560,580.0
ORD-104493,2026-02-24,2026-02,North,Electronics,Smartphone,Consumer,1,28000,0.0,28000.0,21000,7000.0
ORD-101213,2026-02-24,2026-02,South,Electronics,Laptop,Consumer,3,55000,0.0,165000.0,126000,39000.0
ORD-100230,2026-02-24,2026-02,West,Stationery,Notebook Pack,Consumer,2,450,0.1,810.0,500,310.0
ORD-103360,2026-02-24,2026-02,West,Electronics,Smartwatch,Consumer,2,9000,0.05,17100.0,12000,5100.0
ORD-104429,2026-02-25,2026-02,West,Electronics,Smartphone,Corporate,1,28000,0.0,28000.0,21000,7000.0
ORD-103001,2026-02-25,2026-02,West,Electronics,Laptop,Consumer,1,55000,0.0,55000.0,42000,13000.0
ORD-101250,2026-02-25,2026-02,South,Stationery,Notebook Pack,Consumer,3,450,0.0,1350.0,750,600.0
ORD-103613,2026-02-25,2026-02,North,Electronics,Headphones,Consumer,1,3500,0.15,2975.0,2100,875.0
ORD-102098,2026-02-25,2026-02,South,Accessories,Backpack,Consumer,2,1800,0.1,3240.0,1900,1340.0
ORD-101261,2026-02-25,2026-02,West,Furniture,Office Chair,Corporate,1,8500,0.15,7225.0,5500,1725.0
ORD-104830,2026-02-25,2026-02,South,Stationery,Notebook Pack,Corporate,1,450,0.0,450.0,250,200.0
ORD-101146,2026-02-25,2026-02,East,Stationery,Notebook Pack,Corporate,1,450,0.0,450.0,250,200.0
ORD-100774,2026-02-25,2026-02,North,Electronics,Headphones,Small Business,3,3500,0.15,8925.0,6300,2625.0
ORD-101478,2026-02-25,2026-02,East,Furniture,Office Chair,Consumer,1,8500,0.05,8075.0,5500,2575.0
ORD-101053,2026-02-26,2026-02,South,Accessories,Backpack,Corporate,1,1800,0.0,1800.0,950,850.0
ORD-103531,2026-02-26,2026-02,North,Furniture,Bookshelf,Consumer,5,6500,0.0,32500.0,21000,11500.0
ORD-100611,2026-02-26,2026-02,West,Accessories,Backpack,Corporate,2,1800,0.0,3600.0,1900,1700.0
ORD-101828,2026-02-26,2026-02,West,Electronics,Headphones,Consumer,2,3500,0.2,5600.0,4200,1400.0
ORD-104346,2026-02-26,2026-02,West,Electronics,Headphones,Consumer,4,3500,0.0,14000.0,8400,5600.0
ORD-102379,2026-02-26,2026-02,North,Accessories,Water Bottle,Consumer,4,600,0.0,2400.0,1120,1280.0
ORD-104549,2026-02-26,2026-02,Central,Stationery,Pen Set,Corporate,1,300,0.1,270.0,140,130.0
ORD-100276,2026-02-26,2026-02,North,Stationery,Pen Set,Consumer,1,300,0.0,300.0,140,160.0
ORD-104447,2026-02-26,2026-02,West,Stationery,Notebook Pack,Consumer,1,450,0.15,382.5,250,132.5
ORD-100990,2026-02-26,2026-02,North,Stationery,Pen Set,Corporate,2,300,0.1,540.0,280,260.0
ORD-101294,2026-02-27,2026-02,West,Electronics,Laptop,Consumer,3,55000,0.05,156750.0,126000,30750.0
ORD-101607,2026-02-27,2026-02,East,Electronics,Headphones,Small Business,3,3500,0.0,10500.0,6300,4200.0
ORD-101892,2026-02-27,2026-02,Central,Electronics,Smartphone,Consumer,5,28000,0.0,140000.0,105000,35000.0
ORD-101755,2026-02-27,2026-02,South,Stationery,Notebook Pack,Corporate,1,450,0.0,450.0,250,200.0
ORD-104882,2026-02-27,2026-02,South,Stationery,Pen Set,Corporate,1,300,0.0,300.0,140,160.0
ORD-100923,2026-02-27,2026-02,East,Electronics,Laptop,Consumer,1,55000,0.0,55000.0,42000,13000.0
ORD-103678,2026-02-27,2026-02,East,Stationery,Notebook Pack,Corporate,4,450,0.2,1440.0,1000,440.0
ORD-103784,2026-02-27,2026-02,East,Electronics,Smartwatch,Small Business,1,9000,0.0,9000.0,6000,3000.0
ORD-102991,2026-02-27,2026-02,South,Stationery,Notebook Pack,Small Business,2,450,0.05,855.0,500,355.0
ORD-100884,2026-02-27,2026-02,South,Stationery,Notebook Pack,Corporate,4,450,0.05,1710.0,1000,710.0
ORD-103475,2026-02-28,2026-02,West,Electronics,Laptop,Corporate,3,55000,0.0,165000.0,126000,39000.0
ORD-101981,2026-02-28,2026-02,East,Electronics,Laptop,Consumer,1,55000,0.0,55000.0,42000,13000.0
ORD-102300,2026-02-28,2026-02,North,Accessories,Desk Lamp,Consumer,1,1400,0.0,1400.0,750,650.0
ORD-101528,2026-02-28,2026-02,South,Stationery,Notebook Pack,Consumer,1,450,0.0,450.0,250,200.0
ORD-100067,2026-02-28,2026-02,South,Accessories,Backpack,Corporate,2,1800,0.15,3060.0,1900,1160.0
ORD-104289,2026-02-28,2026-02,South,Electronics,Smartwatch,Corporate,1,9000,0.05,8550.0,6000,2550.0
ORD-101307,2026-02-28,2026-02,South,Electronics,Headphones,Consumer,1,3500,0.2,2800.0,2100,700.0
ORD-100820,2026-02-28,2026-02,West,Stationery,Notebook Pack,Consumer,4,450,0.0,1800.0,1000,800.0
ORD-103326,2026-02-28,2026-02,North,Stationery,Notebook Pack,Corporate,3,450,0.15,1147.5,750,397.5
ORD-104632,2026-02-28,2026-02,North,Electronics,Headphones,Small Business,1,3500,0.1,3150.0,2100,1050.0
ORD-103501,2026-02-28,2026-02,South,Stationery,Pen Set,Consumer,4,300,0.1,1080.0,560,520.0
ORD-104749,2026-02-28,2026-02,Central,Accessories,Desk Lamp,Corporate,5,1400,0.0,7000.0,3750,3250.0
ORD-104948,2026-03-01,2026-03,East,Stationery,Notebook Pack,Consumer,1,450,0.15,382.5,250,132.5
ORD-103287,2026-03-01,2026-03,North,Furniture,Bookshelf,Small Business,1,6500,0.0,6500.0,4200,2300.0
ORD-100116,2026-03-01,2026-03,South,Electronics,Smartphone,Corporate,1,28000,0.0,28000.0,21000,7000.0
ORD-104453,2026-03-01,2026-03,North,Accessories,Desk Lamp,Consumer,1,1400,0.0,1400.0,750,650.0
ORD-100385,2026-03-01,2026-03,East,Electronics,Headphones,Corporate,1,3500,0.0,3500.0,2100,1400.0
ORD-103299,2026-03-01,2026-03,West,Electronics,Smartphone,Corporate,1,28000,0.0,28000.0,21000,7000.0
ORD-103550,2026-03-01,2026-03,Central,Furniture,Study Desk,Small Business,3,12000,0.1,32400.0,24000,8400.0
ORD-102568,2026-03-01,2026-03,West,Stationery,Pen Set,Corporate,1,300,0.0,300.0,140,160.0
ORD-102211,2026-03-01,2026-03,North,Stationery,Notebook Pack,Consumer,1,450,0.0,450.0,250,200.0
ORD-101935,2026-03-01,2026-03,South,Electronics,Headphones,Consumer,1,3500,0.1,3150.0,2100,1050.0
ORD-102120,2026-03-01,2026-03,Central,Furniture,Study Desk,Consumer,3,12000,0.0,36000.0,24000,12000.0
ORD-103130,2026-03-01,2026-03,West,Stationery,Pen Set,Consumer,3,300,0.0,900.0,420,480.0
ORD-102524,2026-03-01,2026-03,South,Electronics,Laptop,Consumer,2,55000,0.0,110000.0,84000,26000.0
ORD-103446,2026-03-01,2026-03,East,Furniture,Study Desk,Consumer,2,12000,0.1,21600.0,16000,5600.0
ORD-103318,2026-03-01,2026-03,West,Accessories,Water Bottle,Corporate,2,600,0.0,1200.0,560,640.0
ORD-102591,2026-03-01,2026-03,West,Stationery,Pen Set,Corporate,5,300,0.0,1500.0,700,800.0
ORD-102772,2026-03-02,2026-03,South,Electronics,Headphones,Consumer,4,3500,0.0,14000.0,8400,5600.0
ORD-101004,2026-03-02,2026-03,North,Electronics,Smartphone,Small Business,1,28000,0.0,28000.0,21000,7000.0
ORD-101673,2026-03-02,2026-03,North,Accessories,Water Bottle,Corporate,2,600,0.1,1080.0,560,520.0
ORD-100618,2026-03-02,2026-03,East,Electronics,Headphones,Small Business,1,3500,0.05,3325.0,2100,1225.0
ORD-103919,2026-03-02,2026-03,East,Stationery,Notebook Pack,Small Business,2,450,0.05,855.0,500,355.0
ORD-102062,2026-03-02,2026-03,West,Stationery,Pen Set,Small Business,1,300,0.0,300.0,140,160.0
ORD-102959,2026-03-02,2026-03,North,Accessories,Desk Lamp,Small Business,1,1400,0.0,1400.0,750,650.0
ORD-104001,2026-03-02,2026-03,East,Electronics,Smartphone,Consumer,1,28000,0.0,28000.0,21000,7000.0
ORD-103405,2026-03-02,2026-03,North,Furniture,Office Chair,Consumer,1,8500,0.0,8500.0,5500,3000.0
ORD-102705,2026-03-02,2026-03,North,Accessories,Water Bottle,Small Business,1,600,0.05,570.0,280,290.0
ORD-101546,2026-03-02,2026-03,East,Stationery,Notebook Pack,Small Business,2,450,0.15,765.0,500,265.0
ORD-100389,2026-03-02,2026-03,West,Accessories,Water Bottle,Small Business,1,600,0.15,510.0,280,230.0
ORD-101407,2026-03-02,2026-03,South,Stationery,Pen Set,Consumer,2,300,0.1,540.0,280,260.0
ORD-103822,2026-03-02,2026-03,North,Accessories,Desk Lamp,Consumer,4,1400,0.0,5600.0,3000,2600.0
ORD-103981,2026-03-02,2026-03,East,Accessories,Water Bottle,Corporate,1,600,0.0,600.0,280,320.0
ORD-102926,2026-03-02,2026-03,West,Stationery,Notebook Pack,Consumer,1,450,0.0,450.0,250,200.0
ORD-103831,2026-03-03,2026-03,South,Electronics,Headphones,Consumer,1,3500,0.0,3500.0,2100,1400.0
ORD-100035,2026-03-03,2026-03,South,Furniture,Office Chair,Corporate,3,8500,0.05,24225.0,16500,7725.0
ORD-100113,2026-03-03,2026-03,West,Stationery,Notebook Pack,Consumer,2,450,0.05,855.0,500,355.0
ORD-104616,2026-03-03,2026-03,West,Electronics,Smartwatch,Corporate,1,9000,0.0,9000.0,6000,3000.0
ORD-101476,2026-03-03,2026-03,East,Stationery,Pen Set,Consumer,1,300,0.05,285.0,140,145.0
ORD-100270,2026-03-03,2026-03,North,Furniture,Study Desk,Consumer,1,12000,0.0,12000.0,8000,4000.0
ORD-103541,2026-03-03,2026-03,West,Accessories,Water Bottle,Small Business,2,600,0.0,1200.0,560,640.0
ORD-102552,2026-03-03,2026-03,West,Electronics,Smartwatch,Consumer,2,9000,0.1,16200.0,12000,4200.0
ORD-100120,2026-03-03,2026-03,South,Electronics,Laptop,Corporate,2,55000,0.0,110000.0,84000,26000.0
ORD-104861,2026-03-03,2026-03,East,Stationery,Pen Set,Small Business,2,300,0.0,600.0,280,320.0
ORD-104524,2026-03-04,2026-03,North,Stationery,Notebook Pack,Corporate,4,450,0.0,1800.0,1000,800.0
ORD-101123,2026-03-04,2026-03,Central,Stationery,Pen Set,Consumer,3,300,0.0,900.0,420,480.0
ORD-102748,2026-03-04,2026-03,South,Electronics,Headphones,Consumer,1,3500,0.15,2975.0,2100,875.0
ORD-104324,2026-03-04,2026-03,North,Accessories,Desk Lamp,Consumer,3,1400,0.05,3990.0,2250,1740.0
ORD-100707,2026-03-04,2026-03,North,Stationery,Notebook Pack,Consumer,1,450,0.0,450.0,250,200.0
ORD-100271,2026-03-04,2026-03,North,Stationery,Notebook Pack,Corporate,3,450,0.0,1350.0,750,600.0
ORD-102888,2026-03-04,2026-03,South,Accessories,Desk Lamp,Corporate,2,1400,0.0,2800.0,1500,1300.0
ORD-100517,2026-03-04,2026-03,West,Stationery,Notebook Pack,Consumer,4,450,0.05,1710.0,1000,710.0
ORD-104223,2026-03-04,2026-03,South,Stationery,Notebook Pack,Small Business,3,450,0.0,1350.0,750,600.0
ORD-104177,2026-03-05,2026-03,West,Stationery,Pen Set,Consumer,3,300,0.0,900.0,420,480.0
ORD-101834,2026-03-05,2026-03,Central,Stationery,Notebook Pack,Corporate,3,450,0.1,1215.0,750,465.0
ORD-101510,2026-03-05,2026-03,North,Electronics,Laptop,Small Business,1,55000,0.0,55000.0,42000,13000.0
ORD-100530,2026-03-05,2026-03,East,Accessories,Backpack,Consumer,1,1800,0.0,1800.0,950,850.0
ORD-104939,2026-03-05,2026-03,West,Accessories,Backpack,Consumer,1,1800,0.0,1800.0,950,850.0
ORD-100444,2026-03-05,2026-03,North,Electronics,Smartwatch,Consumer,1,9000,0.2,7200.0,6000,1200.0
ORD-104639,2026-03-05,2026-03,North,Stationery,Pen Set,Consumer,4,300,0.05,1140.0,560,580.0
ORD-104545,2026-03-05,2026-03,North,Furniture,Study Desk,Consumer,3,12000,0.0,36000.0,24000,12000.0
ORD-104869,2026-03-06,2026-03,North,Stationery,Notebook Pack,Corporate,5,450,0.0,2250.0,1250,1000.0
ORD-100503,2026-03-06,2026-03,East,Furniture,Office Chair,Small Business,1,8500,0.0,8500.0,5500,3000.0
ORD-101309,2026-03-06,2026-03,West,Electronics,Smartphone,Consumer,3,28000,0.1,75600.0,63000,12600.0
ORD-103178,2026-03-06,2026-03,North,Furniture,Office Chair,Corporate,2,8500,0.0,17000.0,11000,6000.0
ORD-103860,2026-03-06,2026-03,East,Furniture,Office Chair,Consumer,1,8500,0.0,8500.0,5500,3000.0
ORD-104268,2026-03-06,2026-03,North,Accessories,Water Bottle,Corporate,1,600,0.05,570.0,280,290.0
ORD-104329,2026-03-06,2026-03,West,Electronics,Headphones,Consumer,1,3500,0.05,3325.0,2100,1225.0
ORD-100378,2026-03-06,2026-03,West,Accessories,Water Bottle,Corporate,1,600,0.1,540.0,280,260.0
ORD-100073,2026-03-06,2026-03,North,Furniture,Office Chair,Consumer,2,8500,0.0,17000.0,11000,6000.0
ORD-103374,2026-03-06,2026-03,East,Stationery,Notebook Pack,Consumer,1,450,0.0,450.0,250,200.0
ORD-100731,2026-03-06,2026-03,South,Accessories,Water Bottle,Corporate,2,600,0.05,1140.0,560,580.0
ORD-101728,2026-03-06,2026-03,Central,Electronics,Smartphone,Corporate,2,28000,0.05,53200.0,42000,11200.0
ORD-102983,2026-03-07,2026-03,North,Accessories,Water Bottle,Consumer,1,600,0.0,600.0,280,320.0
ORD-100906,2026-03-07,2026-03,South,Stationery,Notebook Pack,Small Business,3,450,0.1,1215.0,750,465.0
ORD-100186,2026-03-07,2026-03,West,Accessories,Water Bottle,Consumer,1,600,0.1,540.0,280,260.0
ORD-104998,2026-03-07,2026-03,South,Stationery,Pen Set,Consumer,2,300,0.0,600.0,280,320.0
ORD-101313,2026-03-07,2026-03,South,Accessories,Desk Lamp,Consumer,2,1400,0.0,2800.0,1500,1300.0
ORD-100680,2026-03-07,2026-03,South,Stationery,Notebook Pack,Corporate,1,450,0.0,450.0,250,200.0
ORD-101851,2026-03-07,2026-03,Central,Accessories,Water Bottle,Consumer,1,600,0.0,600.0,280,320.0
ORD-100737,2026-03-07,2026-03,South,Stationery,Notebook Pack,Corporate,1,450,0.0,450.0,250,200.0
ORD-101669,2026-03-07,2026-03,North,Electronics,Laptop,Consumer,1,55000,0.0,55000.0,42000,13000.0
ORD-101110,2026-03-07,2026-03,Central,Stationery,Pen Set,Consumer,4,300,0.1,1080.0,560,520.0
ORD-103741,2026-03-07,2026-03,South,Electronics,Smartphone,Consumer,1,28000,0.05,26600.0,21000,5600.0
ORD-103984,2026-03-07,2026-03,North,Accessories,Desk Lamp,Corporate,1,1400,0.1,1260.0,750,510.0
ORD-102922,2026-03-07,2026-03,North,Stationery,Notebook Pack,Corporate,1,450,0.0,450.0,250,200.0
ORD-103513,2026-03-07,2026-03,West,Accessories,Backpack,Small Business,1,1800,0.0,1800.0,950,850.0
ORD-104773,2026-03-08,2026-03,South,Stationery,Notebook Pack,Small Business,1,450,0.05,427.5,250,177.5
ORD-104817,2026-03-08,2026-03,South,Furniture,Study Desk,Small Business,1,12000,0.0,12000.0,8000,4000.0
ORD-101165,2026-03-08,2026-03,South,Stationery,Notebook Pack,Corporate,1,450,0.0,450.0,250,200.0
ORD-102140,2026-03-08,2026-03,Central,Stationery,Pen Set,Corporate,2,300,0.05,570.0,280,290.0
ORD-100989,2026-03-08,2026-03,West,Stationery,Pen Set,Consumer,1,300,0.0,300.0,140,160.0
ORD-100126,2026-03-08,2026-03,East,Stationery,Notebook Pack,Corporate,2,450,0.15,765.0,500,265.0
ORD-101552,2026-03-08,2026-03,East,Accessories,Water Bottle,Consumer,2,600,0.0,1200.0,560,640.0
ORD-101870,2026-03-08,2026-03,East,Accessories,Desk Lamp,Corporate,2,1400,0.0,2800.0,1500,1300.0
ORD-104056,2026-03-08,2026-03,West,Stationery,Notebook Pack,Corporate,2,450,0.05,855.0,500,355.0
ORD-103802,2026-03-08,2026-03,South,Accessories,Desk Lamp,Consumer,1,1400,0.1,1260.0,750,510.0
ORD-101480,2026-03-08,2026-03,East,Stationery,Pen Set,Consumer,1,300,0.2,240.0,140,100.0
ORD-102145,2026-03-09,2026-03,West,Stationery,Pen Set,Corporate,1,300,0.05,285.0,140,145.0
ORD-104342,2026-03-09,2026-03,West,Electronics,Headphones,Corporate,3,3500,0.0,10500.0,6300,4200.0
ORD-103776,2026-03-09,2026-03,Central,Furniture,Bookshelf,Consumer,2,6500,0.05,12350.0,8400,3950.0
ORD-104804,2026-03-09,2026-03,East,Electronics,Smartphone,Consumer,2,28000,0.0,56000.0,42000,14000.0
ORD-103275,2026-03-09,2026-03,West,Furniture,Office Chair,Corporate,1,8500,0.0,8500.0,5500,3000.0
ORD-103818,2026-03-09,2026-03,East,Stationery,Pen Set,Consumer,2,300,0.0,600.0,280,320.0
ORD-104708,2026-03-09,2026-03,South,Electronics,Smartwatch,Consumer,2,9000,0.2,14400.0,12000,2400.0
ORD-104215,2026-03-09,2026-03,South,Electronics,Smartphone,Consumer,2,28000,0.0,56000.0,42000,14000.0
ORD-100769,2026-03-09,2026-03,Central,Stationery,Pen Set,Consumer,1,300,0.0,300.0,140,160.0
ORD-100437,2026-03-09,2026-03,West,Stationery,Notebook Pack,Consumer,3,450,0.0,1350.0,750,600.0
ORD-102326,2026-03-09,2026-03,North,Accessories,Backpack,Consumer,2,1800,0.05,3420.0,1900,1520.0
ORD-103358,2026-03-09,2026-03,North,Accessories,Water Bottle,Consumer,3,600,0.0,1800.0,840,960.0
ORD-104052,2026-03-10,2026-03,North,Stationery,Pen Set,Small Business,2,300,0.1,540.0,280,260.0
ORD-100292,2026-03-10,2026-03,North,Furniture,Office Chair,Corporate,2,8500,0.1,15300.0,11000,4300.0
ORD-102380,2026-03-10,2026-03,South,Furniture,Office Chair,Corporate,1,8500,0.1,7650.0,5500,2150.0
ORD-103131,2026-03-10,2026-03,East,Electronics,Headphones,Consumer,1,3500,0.0,3500.0,2100,1400.0
ORD-101564,2026-03-10,2026-03,North,Accessories,Water Bottle,Small Business,1,600,0.05,570.0,280,290.0
ORD-103561,2026-03-10,2026-03,West,Furniture,Study Desk,Corporate,3,12000,0.1,32400.0,24000,8400.0
ORD-100507,2026-03-10,2026-03,South,Stationery,Notebook Pack,Consumer,1,450,0.0,450.0,250,200.0
ORD-103832,2026-03-10,2026-03,West,Stationery,Pen Set,Consumer,1,300,0.0,300.0,140,160.0
ORD-102324,2026-03-10,2026-03,North,Electronics,Headphones,Consumer,2,3500,0.1,6300.0,4200,2100.0
ORD-101683,2026-03-10,2026-03,South,Electronics,Smartwatch,Small Business,1,9000,0.1,8100.0,6000,2100.0
ORD-102590,2026-03-10,2026-03,North,Accessories,Water Bottle,Consumer,1,600,0.2,480.0,280,200.0
ORD-103817,2026-03-10,2026-03,South,Stationery,Notebook Pack,Consumer,1,450,0.05,427.5,250,177.5
ORD-102088,2026-03-10,2026-03,South,Stationery,Pen Set,Consumer,1,300,0.0,300.0,140,160.0
ORD-102656,2026-03-10,2026-03,West,Accessories,Backpack,Consumer,1,1800,0.0,1800.0,950,850.0
ORD-103396,2026-03-11,2026-03,East,Stationery,Notebook Pack,Consumer,1,450,0.05,427.5,250,177.5
ORD-103895,2026-03-11,2026-03,North,Stationery,Pen Set,Corporate,1,300,0.05,285.0,140,145.0
ORD-103158,2026-03-11,2026-03,South,Accessories,Water Bottle,Consumer,1,600,0.0,600.0,280,320.0
ORD-101937,2026-03-11,2026-03,West,Furniture,Bookshelf,Consumer,1,6500,0.1,5850.0,4200,1650.0
ORD-104879,2026-03-11,2026-03,East,Electronics,Laptop,Consumer,1,55000,0.0,55000.0,42000,13000.0
ORD-104025,2026-03-11,2026-03,South,Furniture,Study Desk,Corporate,2,12000,0.0,24000.0,16000,8000.0
ORD-101140,2026-03-11,2026-03,South,Accessories,Backpack,Consumer,3,1800,0.0,5400.0,2850,2550.0
ORD-102153,2026-03-11,2026-03,West,Stationery,Pen Set,Corporate,1,300,0.05,285.0,140,145.0
ORD-101160,2026-03-11,2026-03,North,Electronics,Smartwatch,Consumer,1,9000,0.05,8550.0,6000,2550.0
ORD-103606,2026-03-11,2026-03,West,Furniture,Study Desk,Corporate,5,12000,0.0,60000.0,40000,20000.0
ORD-101647,2026-03-12,2026-03,West,Furniture,Bookshelf,Consumer,1,6500,0.1,5850.0,4200,1650.0
ORD-102950,2026-03-12,2026-03,Central,Stationery,Notebook Pack,Corporate,1,450,0.0,450.0,250,200.0
ORD-100403,2026-03-12,2026-03,South,Electronics,Headphones,Consumer,2,3500,0.1,6300.0,4200,2100.0
ORD-103690,2026-03-12,2026-03,South,Stationery,Notebook Pack,Corporate,1,450,0.0,450.0,250,200.0
ORD-104023,2026-03-12,2026-03,South,Electronics,Headphones,Small Business,2,3500,0.1,6300.0,4200,2100.0
ORD-102500,2026-03-12,2026-03,East,Accessories,Water Bottle,Consumer,1,600,0.2,480.0,280,200.0
ORD-103783,2026-03-12,2026-03,West,Electronics,Smartwatch,Corporate,2,9000,0.05,17100.0,12000,5100.0
ORD-104775,2026-03-12,2026-03,South,Accessories,Backpack,Consumer,2,1800,0.2,2880.0,1900,980.0
ORD-102431,2026-03-12,2026-03,South,Electronics,Laptop,Small Business,2,55000,0.1,99000.0,84000,15000.0
ORD-104343,2026-03-12,2026-03,West,Accessories,Desk Lamp,Corporate,1,1400,0.0,1400.0,750,650.0
ORD-101740,2026-03-12,2026-03,North,Furniture,Office Chair,Consumer,1,8500,0.1,7650.0,5500,2150.0
ORD-103873,2026-03-12,2026-03,North,Accessories,Water Bottle,Consumer,1,600,0.0,600.0,280,320.0
ORD-103652,2026-03-12,2026-03,South,Electronics,Laptop,Small Business,1,55000,0.05,52250.0,42000,10250.0
ORD-101395,2026-03-13,2026-03,South,Electronics,Smartwatch,Consumer,1,9000,0.0,9000.0,6000,3000.0
ORD-102216,2026-03-13,2026-03,East,Stationery,Notebook Pack,Consumer,1,450,0.1,405.0,250,155.0
ORD-104304,2026-03-13,2026-03,West,Stationery,Notebook Pack,Corporate,2,450,0.0,900.0,500,400.0
ORD-102253,2026-03-13,2026-03,Central,Stationery,Notebook Pack,Consumer,2,450,0.0,900.0,500,400.0
ORD-104308,2026-03-13,2026-03,North,Electronics,Headphones,Small Business,2,3500,0.15,5950.0,4200,1750.0
ORD-104663,2026-03-13,2026-03,North,Stationery,Notebook Pack,Consumer,4,450,0.1,1620.0,1000,620.0
ORD-100062,2026-03-13,2026-03,East,Stationery,Pen Set,Consumer,2,300,0.1,540.0,280,260.0
ORD-101029,2026-03-13,2026-03,North,Electronics,Laptop,Small Business,2,55000,0.15,93500.0,84000,9500.0
ORD-102531,2026-03-13,2026-03,North,Stationery,Pen Set,Consumer,2,300,0.05,570.0,280,290.0
ORD-104664,2026-03-13,2026-03,South,Electronics,Headphones,Corporate,1,3500,0.0,3500.0,2100,1400.0
ORD-100943,2026-03-13,2026-03,West,Furniture,Office Chair,Consumer,2,8500,0.1,15300.0,11000,4300.0
ORD-102149,2026-03-13,2026-03,East,Electronics,Smartwatch,Consumer,1,9000,0.05,8550.0,6000,2550.0
ORD-103188,2026-03-13,2026-03,East,Accessories,Desk Lamp,Consumer,1,1400,0.05,1330.0,750,580.0
ORD-100716,2026-03-14,2026-03,North,Electronics,Smartwatch,Consumer,1,9000,0.0,9000.0,6000,3000.0
ORD-104441,2026-03-14,2026-03,North,Stationery,Notebook Pack,Corporate,1,450,0.0,450.0,250,200.0
ORD-100892,2026-03-14,2026-03,East,Accessories,Water Bottle,Small Business,1,600,0.05,570.0,280,290.0
ORD-103759,2026-03-14,2026-03,East,Stationery,Notebook Pack,Corporate,1,450,0.05,427.5,250,177.5
ORD-102247,2026-03-14,2026-03,West,Electronics,Smartphone,Corporate,3,28000,0.0,84000.0,63000,21000.0
ORD-101971,2026-03-14,2026-03,East,Furniture,Office Chair,Corporate,2,8500,0.0,17000.0,11000,6000.0
ORD-101166,2026-03-14,2026-03,South,Electronics,Smartphone,Consumer,1,28000,0.15,23800.0,21000,2800.0
ORD-104143,2026-03-14,2026-03,East,Stationery,Notebook Pack,Corporate,1,450,0.05,427.5,250,177.5
ORD-103980,2026-03-15,2026-03,West,Electronics,Smartphone,Small Business,1,28000,0.05,26600.0,21000,5600.0
ORD-100012,2026-03-15,2026-03,East,Accessories,Water Bottle,Small Business,1,600,0.1,540.0,280,260.0
ORD-102443,2026-03-15,2026-03,East,Electronics,Headphones,Consumer,2,3500,0.1,6300.0,4200,2100.0
ORD-103859,2026-03-15,2026-03,East,Furniture,Bookshelf,Consumer,1,6500,0.0,6500.0,4200,2300.0
ORD-102535,2026-03-15,2026-03,West,Stationery,Pen Set,Small Business,2,300,0.0,600.0,280,320.0
ORD-103897,2026-03-15,2026-03,East,Electronics,Smartphone,Corporate,2,28000,0.05,53200.0,42000,11200.0
ORD-104452,2026-03-15,2026-03,North,Stationery,Notebook Pack,Consumer,1,450,0.0,450.0,250,200.0
ORD-103005,2026-03-15,2026-03,South,Stationery,Pen Set,Consumer,1,300,0.05,285.0,140,145.0
ORD-103951,2026-03-16,2026-03,West,Accessories,Backpack,Consumer,3,1800,0.1,4860.0,2850,2010.0
ORD-102681,2026-03-16,2026-03,East,Accessories,Backpack,Corporate,1,1800,0.0,1800.0,950,850.0
ORD-102889,2026-03-16,2026-03,South,Accessories,Backpack,Corporate,2,1800,0.05,3420.0,1900,1520.0
ORD-103274,2026-03-16,2026-03,East,Stationery,Pen Set,Corporate,1,300,0.05,285.0,140,145.0
ORD-103721,2026-03-16,2026-03,West,Accessories,Backpack,Corporate,1,1800,0.0,1800.0,950,850.0
ORD-100165,2026-03-16,2026-03,Central,Electronics,Smartphone,Consumer,1,28000,0.1,25200.0,21000,4200.0
ORD-100931,2026-03-16,2026-03,South,Furniture,Study Desk,Consumer,2,12000,0.0,24000.0,16000,8000.0
ORD-100314,2026-03-16,2026-03,East,Stationery,Pen Set,Consumer,1,300,0.05,285.0,140,145.0
ORD-103474,2026-03-17,2026-03,West,Stationery,Notebook Pack,Small Business,1,450,0.05,427.5,250,177.5
ORD-103468,2026-03-17,2026-03,South,Electronics,Smartwatch,Consumer,4,9000,0.1,32400.0,24000,8400.0
ORD-104656,2026-03-17,2026-03,Central,Stationery,Pen Set,Consumer,5,300,0.15,1275.0,700,575.0
ORD-103205,2026-03-17,2026-03,South,Accessories,Water Bottle,Consumer,2,600,0.1,1080.0,560,520.0
ORD-102175,2026-03-17,2026-03,South,Stationery,Pen Set,Corporate,2,300,0.1,540.0,280,260.0
ORD-100524,2026-03-17,2026-03,East,Furniture,Bookshelf,Consumer,3,6500,0.15,16575.0,12600,3975.0
ORD-103424,2026-03-17,2026-03,North,Accessories,Water Bottle,Consumer,3,600,0.05,1710.0,840,870.0
ORD-101447,2026-03-17,2026-03,South,Furniture,Bookshelf,Small Business,1,6500,0.0,6500.0,4200,2300.0
ORD-103581,2026-03-17,2026-03,West,Electronics,Headphones,Corporate,5,3500,0.0,17500.0,10500,7000.0
ORD-101151,2026-03-17,2026-03,East,Stationery,Pen Set,Corporate,4,300,0.0,1200.0,560,640.0
ORD-103666,2026-03-18,2026-03,West,Stationery,Notebook Pack,Corporate,2,450,0.0,900.0,500,400.0
ORD-102610,2026-03-18,2026-03,South,Electronics,Smartwatch,Consumer,2,9000,0.1,16200.0,12000,4200.0
ORD-103093,2026-03-18,2026-03,Central,Electronics,Smartphone,Consumer,4,28000,0.0,112000.0,84000,28000.0
ORD-103572,2026-03-18,2026-03,South,Accessories,Desk Lamp,Consumer,5,1400,0.05,6650.0,3750,2900.0
ORD-102976,2026-03-18,2026-03,Central,Electronics,Smartphone,Consumer,3,28000,0.15,71400.0,63000,8400.0
ORD-104667,2026-03-18,2026-03,North,Stationery,Notebook Pack,Consumer,2,450,0.2,720.0,500,220.0
ORD-101558,2026-03-18,2026-03,West,Electronics,Smartphone,Corporate,3,28000,0.0,84000.0,63000,21000.0
ORD-104983,2026-03-18,2026-03,Central,Furniture,Study Desk,Consumer,2,12000,0.1,21600.0,16000,5600.0
ORD-103129,2026-03-18,2026-03,South,Electronics,Headphones,Corporate,4,3500,0.05,13300.0,8400,4900.0
ORD-101962,2026-03-18,2026-03,Central,Furniture,Office Chair,Corporate,1,8500,0.0,8500.0,5500,3000.0
ORD-104377,2026-03-18,2026-03,South,Stationery,Pen Set,Corporate,1,300,0.05,285.0,140,145.0
ORD-100811,2026-03-18,2026-03,Central,Accessories,Backpack,Consumer,2,1800,0.15,3060.0,1900,1160.0
ORD-103828,2026-03-19,2026-03,South,Electronics,Laptop,Small Business,3,55000,0.0,165000.0,126000,39000.0
ORD-101779,2026-03-19,2026-03,North,Stationery,Pen Set,Consumer,1,300,0.0,300.0,140,160.0
ORD-102163,2026-03-19,2026-03,West,Electronics,Headphones,Small Business,2,3500,0.0,7000.0,4200,2800.0
ORD-101873,2026-03-19,2026-03,South,Stationery,Pen Set,Small Business,1,300,0.1,270.0,140,130.0
ORD-101641,2026-03-19,2026-03,West,Accessories,Water Bottle,Consumer,2,600,0.05,1140.0,560,580.0
ORD-100725,2026-03-19,2026-03,East,Furniture,Bookshelf,Consumer,4,6500,0.0,26000.0,16800,9200.0
ORD-101858,2026-03-19,2026-03,Central,Accessories,Backpack,Corporate,2,1800,0.0,3600.0,1900,1700.0
ORD-100523,2026-03-19,2026-03,South,Stationery,Notebook Pack,Corporate,3,450,0.0,1350.0,750,600.0
ORD-104395,2026-03-19,2026-03,North,Stationery,Notebook Pack,Corporate,1,450,0.05,427.5,250,177.5
ORD-101979,2026-03-19,2026-03,North,Electronics,Smartwatch,Corporate,1,9000,0.15,7650.0,6000,1650.0
ORD-104727,2026-03-20,2026-03,North,Stationery,Notebook Pack,Consumer,3,450,0.0,1350.0,750,600.0
ORD-103899,2026-03-20,2026-03,Central,Electronics,Smartphone,Consumer,5,28000,0.1,126000.0,105000,21000.0
ORD-102781,2026-03-20,2026-03,North,Accessories,Water Bottle,Corporate,1,600,0.0,600.0,280,320.0
ORD-101761,2026-03-20,2026-03,North,Electronics,Smartphone,Small Business,1,28000,0.0,28000.0,21000,7000.0
ORD-101406,2026-03-20,2026-03,South,Electronics,Headphones,Consumer,3,3500,0.05,9975.0,6300,3675.0
ORD-102618,2026-03-20,2026-03,Central,Electronics,Headphones,Small Business,2,3500,0.0,7000.0,4200,2800.0
ORD-103276,2026-03-20,2026-03,East,Stationery,Notebook Pack,Consumer,1,450,0.05,427.5,250,177.5
ORD-101027,2026-03-20,2026-03,North,Stationery,Notebook Pack,Corporate,2,450,0.05,855.0,500,355.0
ORD-103904,2026-03-20,2026-03,East,Stationery,Notebook Pack,Consumer,1,450,0.05,427.5,250,177.5
ORD-104949,2026-03-21,2026-03,South,Furniture,Office Chair,Consumer,4,8500,0.05,32300.0,22000,10300.0
ORD-100771,2026-03-21,2026-03,West,Stationery,Pen Set,Consumer,1,300,0.15,255.0,140,115.0
ORD-103397,2026-03-21,2026-03,South,Stationery,Notebook Pack,Consumer,1,450,0.2,360.0,250,110.0
ORD-104606,2026-03-21,2026-03,West,Accessories,Backpack,Small Business,1,1800,0.0,1800.0,950,850.0
ORD-101243,2026-03-21,2026-03,West,Stationery,Notebook Pack,Consumer,1,450,0.1,405.0,250,155.0
ORD-101853,2026-03-21,2026-03,West,Accessories,Backpack,Small Business,1,1800,0.1,1620.0,950,670.0
ORD-100376,2026-03-21,2026-03,East,Electronics,Headphones,Corporate,2,3500,0.1,6300.0,4200,2100.0
ORD-103617,2026-03-21,2026-03,North,Stationery,Notebook Pack,Small Business,1,450,0.1,405.0,250,155.0
ORD-102542,2026-03-21,2026-03,East,Accessories,Desk Lamp,Corporate,1,1400,0.05,1330.0,750,580.0
ORD-102371,2026-03-21,2026-03,East,Furniture,Bookshelf,Consumer,4,6500,0.05,24700.0,16800,7900.0
ORD-104069,2026-03-22,2026-03,North,Electronics,Headphones,Consumer,2,3500,0.1,6300.0,4200,2100.0
ORD-102508,2026-03-22,2026-03,East,Electronics,Headphones,Consumer,1,3500,0.05,3325.0,2100,1225.0
ORD-102917,2026-03-22,2026-03,North,Stationery,Pen Set,Corporate,4,300,0.1,1080.0,560,520.0
ORD-102825,2026-03-22,2026-03,West,Electronics,Headphones,Corporate,4,3500,0.1,12600.0,8400,4200.0
ORD-102718,2026-03-22,2026-03,South,Stationery,Pen Set,Consumer,1,300,0.0,300.0,140,160.0
ORD-104942,2026-03-22,2026-03,North,Electronics,Smartphone,Small Business,2,28000,0.1,50400.0,42000,8400.0
ORD-103508,2026-03-22,2026-03,Central,Furniture,Office Chair,Consumer,2,8500,0.0,17000.0,11000,6000.0
ORD-103703,2026-03-22,2026-03,South,Stationery,Notebook Pack,Corporate,1,450,0.0,450.0,250,200.0
ORD-102040,2026-03-23,2026-03,West,Stationery,Pen Set,Consumer,2,300,0.0,600.0,280,320.0
ORD-100219,2026-03-23,2026-03,North,Electronics,Smartphone,Consumer,5,28000,0.05,133000.0,105000,28000.0
ORD-101007,2026-03-23,2026-03,North,Accessories,Water Bottle,Consumer,1,600,0.1,540.0,280,260.0
ORD-102054,2026-03-23,2026-03,East,Accessories,Backpack,Consumer,2,1800,0.1,3240.0,1900,1340.0
ORD-100536,2026-03-23,2026-03,North,Furniture,Office Chair,Consumer,1,8500,0.1,7650.0,5500,2150.0
ORD-104653,2026-03-23,2026-03,South,Stationery,Pen Set,Consumer,2,300,0.0,600.0,280,320.0
ORD-104088,2026-03-23,2026-03,South,Electronics,Laptop,Corporate,1,55000,0.0,55000.0,42000,13000.0
ORD-104048,2026-03-23,2026-03,Central,Accessories,Water Bottle,Consumer,1,600,0.05,570.0,280,290.0
ORD-101148,2026-03-23,2026-03,East,Accessories,Water Bottle,Consumer,5,600,0.0,3000.0,1400,1600.0
ORD-104200,2026-03-23,2026-03,Central,Stationery,Notebook Pack,Consumer,3,450,0.1,1215.0,750,465.0
ORD-102657,2026-03-23,2026-03,West,Electronics,Laptop,Small Business,1,55000,0.0,55000.0,42000,13000.0
ORD-104157,2026-03-24,2026-03,East,Stationery,Pen Set,Consumer,1,300,0.15,255.0,140,115.0
ORD-100551,2026-03-24,2026-03,South,Furniture,Bookshelf,Consumer,1,6500,0.0,6500.0,4200,2300.0
ORD-101136,2026-03-24,2026-03,South,Furniture,Office Chair,Consumer,5,8500,0.05,40375.0,27500,12875.0
ORD-101665,2026-03-24,2026-03,West,Furniture,Study Desk,Consumer,3,12000,0.05,34200.0,24000,10200.0
ORD-100252,2026-03-24,2026-03,West,Electronics,Laptop,Consumer,3,55000,0.0,165000.0,126000,39000.0
ORD-103514,2026-03-24,2026-03,South,Electronics,Laptop,Corporate,1,55000,0.0,55000.0,42000,13000.0
ORD-102233,2026-03-24,2026-03,East,Electronics,Headphones,Corporate,4,3500,0.0,14000.0,8400,5600.0
ORD-102881,2026-03-25,2026-03,South,Accessories,Backpack,Corporate,2,1800,0.05,3420.0,1900,1520.0
ORD-101372,2026-03-25,2026-03,Central,Accessories,Backpack,Consumer,1,1800,0.0,1800.0,950,850.0
ORD-102784,2026-03-25,2026-03,Central,Stationery,Notebook Pack,Consumer,1,450,0.05,427.5,250,177.5
ORD-104811,2026-03-25,2026-03,West,Stationery,Notebook Pack,Small Business,2,450,0.0,900.0,500,400.0
ORD-100249,2026-03-25,2026-03,South,Electronics,Laptop,Consumer,1,55000,0.0,55000.0,42000,13000.0
ORD-103282,2026-03-25,2026-03,West,Stationery,Pen Set,Consumer,5,300,0.0,1500.0,700,800.0
ORD-102506,2026-03-25,2026-03,South,Stationery,Pen Set,Consumer,2,300,0.05,570.0,280,290.0
ORD-102173,2026-03-26,2026-03,West,Accessories,Desk Lamp,Consumer,1,1400,0.15,1190.0,750,440.0
ORD-100336,2026-03-26,2026-03,South,Electronics,Smartwatch,Consumer,3,9000,0.1,24300.0,18000,6300.0
ORD-102964,2026-03-26,2026-03,East,Electronics,Smartphone,Consumer,1,28000,0.05,26600.0,21000,5600.0
ORD-100351,2026-03-26,2026-03,Central,Stationery,Pen Set,Consumer,1,300,0.15,255.0,140,115.0
ORD-100891,2026-03-26,2026-03,East,Electronics,Smartphone,Consumer,2,28000,0.0,56000.0,42000,14000.0
ORD-102244,2026-03-26,2026-03,South,Electronics,Smartphone,Consumer,3,28000,0.0,84000.0,63000,21000.0
ORD-104642,2026-03-27,2026-03,South,Accessories,Backpack,Consumer,1,1800,0.0,1800.0,950,850.0
ORD-103406,2026-03-27,2026-03,North,Stationery,Pen Set,Small Business,2,300,0.15,510.0,280,230.0
ORD-100396,2026-03-27,2026-03,North,Stationery,Notebook Pack,Consumer,1,450,0.1,405.0,250,155.0
ORD-104766,2026-03-27,2026-03,East,Stationery,Notebook Pack,Consumer,1,450,0.05,427.5,250,177.5
ORD-104569,2026-03-27,2026-03,West,Furniture,Bookshelf,Corporate,1,6500,0.0,6500.0,4200,2300.0
ORD-102207,2026-03-27,2026-03,South,Stationery,Pen Set,Consumer,1,300,0.0,300.0,140,160.0
ORD-102381,2026-03-27,2026-03,North,Stationery,Pen Set,Corporate,1,300,0.1,270.0,140,130.0
ORD-103203,2026-03-27,2026-03,South,Accessories,Water Bottle,Corporate,1,600,0.1,540.0,280,260.0
ORD-102139,2026-03-27,2026-03,North,Accessories,Water Bottle,Corporate,4,600,0.0,2400.0,1120,1280.0
ORD-104619,2026-03-27,2026-03,North,Stationery,Notebook Pack,Corporate,1,450,0.05,427.5,250,177.5
ORD-104620,2026-03-27,2026-03,South,Accessories,Water Bottle,Corporate,1,600,0.0,600.0,280,320.0
ORD-103206,2026-03-27,2026-03,North,Stationery,Pen Set,Corporate,1,300,0.0,300.0,140,160.0
ORD-102106,2026-03-27,2026-03,North,Accessories,Backpack,Corporate,1,1800,0.05,1710.0,950,760.0
ORD-104809,2026-03-28,2026-03,East,Accessories,Desk Lamp,Consumer,4,1400,0.0,5600.0,3000,2600.0
ORD-103583,2026-03-28,2026-03,South,Accessories,Backpack,Corporate,1,1800,0.1,1620.0,950,670.0
ORD-102044,2026-03-28,2026-03,Central,Accessories,Backpack,Consumer,2,1800,0.1,3240.0,1900,1340.0
ORD-101271,2026-03-28,2026-03,Central,Electronics,Smartphone,Corporate,1,28000,0.0,28000.0,21000,7000.0
ORD-100127,2026-03-28,2026-03,South,Accessories,Water Bottle,Consumer,1,600,0.0,600.0,280,320.0
ORD-102989,2026-03-29,2026-03,West,Electronics,Laptop,Consumer,3,55000,0.1,148500.0,126000,22500.0
ORD-103569,2026-03-29,2026-03,South,Accessories,Water Bottle,Consumer,1,600,0.0,600.0,280,320.0
ORD-100080,2026-03-29,2026-03,North,Stationery,Pen Set,Corporate,2,300,0.2,480.0,280,200.0
ORD-104520,2026-03-29,2026-03,South,Accessories,Backpack,Small Business,3,1800,0.05,5130.0,2850,2280.0
ORD-104633,2026-03-29,2026-03,West,Stationery,Pen Set,Consumer,1,300,0.05,285.0,140,145.0
ORD-101573,2026-03-29,2026-03,West,Electronics,Smartwatch,Corporate,1,9000,0.0,9000.0,6000,3000.0
ORD-101122,2026-03-29,2026-03,North,Furniture,Study Desk,Consumer,2,12000,0.05,22800.0,16000,6800.0
ORD-104754,2026-03-29,2026-03,South,Stationery,Notebook Pack,Small Business,2,450,0.1,810.0,500,310.0
ORD-100868,2026-03-29,2026-03,West,Stationery,Notebook Pack,Small Business,4,450,0.05,1710.0,1000,710.0
ORD-101852,2026-03-29,2026-03,Central,Accessories,Water Bottle,Corporate,2,600,0.0,1200.0,560,640.0
ORD-103496,2026-03-29,2026-03,Central,Accessories,Water Bottle,Small Business,2,600,0.0,1200.0,560,640.0
ORD-100574,2026-03-29,2026-03,East,Accessories,Water Bottle,Consumer,4,600,0.0,2400.0,1120,1280.0
ORD-101685,2026-03-29,2026-03,North,Stationery,Notebook Pack,Consumer,1,450,0.1,405.0,250,155.0
ORD-101026,2026-03-29,2026-03,West,Electronics,Headphones,Corporate,1,3500,0.0,3500.0,2100,1400.0
ORD-102957,2026-03-29,2026-03,West,Accessories,Water Bottle,Small Business,1,600,0.0,600.0,280,320.0
ORD-101236,2026-03-30,2026-03,East,Stationery,Notebook Pack,Consumer,2,450,0.0,900.0,500,400.0
ORD-102197,2026-03-30,2026-03,West,Electronics,Headphones,Consumer,1,3500,0.0,3500.0,2100,1400.0
ORD-102487,2026-03-30,2026-03,Central,Electronics,Smartphone,Consumer,2,28000,0.1,50400.0,42000,8400.0
ORD-100529,2026-03-30,2026-03,South,Electronics,Laptop,Consumer,1,55000,0.0,55000.0,42000,13000.0
ORD-101499,2026-03-30,2026-03,West,Accessories,Desk Lamp,Small Business,4,1400,0.15,4760.0,3000,1760.0
ORD-102995,2026-03-30,2026-03,South,Accessories,Desk Lamp,Corporate,1,1400,0.0,1400.0,750,650.0
ORD-103428,2026-03-30,2026-03,South,Electronics,Smartwatch,Consumer,1,9000,0.0,9000.0,6000,3000.0
ORD-100513,2026-03-31,2026-03,West,Stationery,Notebook Pack,Corporate,2,450,0.1,810.0,500,310.0
ORD-104064,2026-03-31,2026-03,East,Accessories,Backpack,Consumer,1,1800,0.0,1800.0,950,850.0
ORD-101350,2026-03-31,2026-03,North,Furniture,Bookshelf,Consumer,1,6500,0.05,6175.0,4200,1975.0
ORD-104040,2026-03-31,2026-03,North,Electronics,Laptop,Corporate,1,55000,0.1,49500.0,42000,7500.0
ORD-102497,2026-03-31,2026-03,West,Stationery,Notebook Pack,Corporate,5,450,0.0,2250.0,1250,1000.0
ORD-103075,2026-03-31,2026-03,South,Stationery,Pen Set,Corporate,2,300,0.05,570.0,280,290.0
ORD-104755,2026-03-31,2026-03,South,Accessories,Backpack,Consumer,2,1800,0.0,3600.0,1900,1700.0
ORD-104454,2026-03-31,2026-03,West,Furniture,Study Desk,Corporate,2,12000,0.1,21600.0,16000,5600.0
ORD-100007,2026-03-31,2026-03,West,Stationery,Pen Set,Corporate,1,300,0.0,300.0,140,160.0
ORD-100679,2026-03-31,2026-03,North,Electronics,Smartwatch,Consumer,1,9000,0.2,7200.0,6000,1200.0
ORD-102860,2026-03-31,2026-03,North,Furniture,Office Chair,Small Business,1,8500,0.0,8500.0,5500,3000.0
ORD-100272,2026-03-31,2026-03,South,Accessories,Desk Lamp,Consumer,2,1400,0.0,2800.0,1500,1300.0
ORD-101149,2026-03-31,2026-03,Central,Accessories,Water Bottle,Small Business,1,600,0.05,570.0,280,290.0
ORD-101409,2026-04-01,2026-04,Central,Furniture,Bookshelf,Small Business,1,6500,0.05,6175.0,4200,1975.0
ORD-101342,2026-04-01,2026-04,West,Furniture,Study Desk,Corporate,2,12000,0.15,20400.0,16000,4400.0
ORD-101452,2026-04-01,2026-04,South,Electronics,Laptop,Consumer,1,55000,0.15,46750.0,42000,4750.0
ORD-101429,2026-04-01,2026-04,East,Stationery,Notebook Pack,Corporate,1,450,0.05,427.5,250,177.5
ORD-101444,2026-04-01,2026-04,East,Stationery,Notebook Pack,Consumer,1,450,0.2,360.0,250,110.0
ORD-103955,2026-04-01,2026-04,South,Stationery,Pen Set,Small Business,2,300,0.0,600.0,280,320.0
ORD-101240,2026-04-01,2026-04,Central,Electronics,Headphones,Consumer,3,3500,0.0,10500.0,6300,4200.0
ORD-101672,2026-04-01,2026-04,South,Electronics,Headphones,Small Business,2,3500,0.2,5600.0,4200,1400.0
ORD-100920,2026-04-01,2026-04,North,Accessories,Backpack,Small Business,4,1800,0.0,7200.0,3800,3400.0
ORD-100467,2026-04-01,2026-04,West,Furniture,Study Desk,Corporate,4,12000,0.05,45600.0,32000,13600.0
ORD-101375,2026-04-02,2026-04,North,Stationery,Notebook Pack,Consumer,2,450,0.0,900.0,500,400.0
ORD-101468,2026-04-02,2026-04,Central,Electronics,Headphones,Corporate,2,3500,0.0,7000.0,4200,2800.0
ORD-101195,2026-04-02,2026-04,North,Electronics,Smartwatch,Consumer,1,9000,0.15,7650.0,6000,1650.0
ORD-102186,2026-04-02,2026-04,East,Stationery,Pen Set,Consumer,1,300,0.0,300.0,140,160.0
ORD-103248,2026-04-02,2026-04,Central,Stationery,Pen Set,Consumer,4,300,0.05,1140.0,560,580.0
ORD-103989,2026-04-02,2026-04,East,Electronics,Smartphone,Consumer,1,28000,0.0,28000.0,21000,7000.0
ORD-101048,2026-04-02,2026-04,West,Furniture,Bookshelf,Corporate,5,6500,0.0,32500.0,21000,11500.0
ORD-101305,2026-04-02,2026-04,South,Electronics,Smartphone,Corporate,3,28000,0.0,84000.0,63000,21000.0
ORD-103627,2026-04-02,2026-04,West,Electronics,Laptop,Consumer,5,55000,0.1,247500.0,210000,37500.0
ORD-102475,2026-04-02,2026-04,East,Furniture,Study Desk,Consumer,1,12000,0.1,10800.0,8000,2800.0
ORD-100814,2026-04-02,2026-04,North,Stationery,Pen Set,Consumer,1,300,0.15,255.0,140,115.0
ORD-100115,2026-04-02,2026-04,East,Electronics,Headphones,Corporate,2,3500,0.1,6300.0,4200,2100.0
ORD-102075,2026-04-02,2026-04,North,Accessories,Water Bottle,Consumer,1,600,0.0,600.0,280,320.0
ORD-102999,2026-04-02,2026-04,North,Electronics,Laptop,Corporate,1,55000,0.0,55000.0,42000,13000.0
ORD-100795,2026-04-03,2026-04,West,Furniture,Office Chair,Consumer,3,8500,0.0,25500.0,16500,9000.0
ORD-102353,2026-04-03,2026-04,East,Furniture,Office Chair,Consumer,4,8500,0.1,30600.0,22000,8600.0
ORD-101881,2026-04-03,2026-04,North,Electronics,Headphones,Corporate,2,3500,0.0,7000.0,4200,2800.0
ORD-102218,2026-04-03,2026-04,Central,Electronics,Smartphone,Corporate,2,28000,0.05,53200.0,42000,11200.0
ORD-101322,2026-04-03,2026-04,East,Electronics,Headphones,Small Business,1,3500,0.0,3500.0,2100,1400.0
ORD-100614,2026-04-03,2026-04,South,Furniture,Bookshelf,Small Business,1,6500,0.0,6500.0,4200,2300.0
ORD-104174,2026-04-03,2026-04,South,Accessories,Desk Lamp,Consumer,2,1400,0.0,2800.0,1500,1300.0
ORD-101060,2026-04-03,2026-04,South,Accessories,Backpack,Consumer,1,1800,0.05,1710.0,950,760.0
ORD-104191,2026-04-03,2026-04,North,Electronics,Smartphone,Small Business,2,28000,0.0,56000.0,42000,14000.0
ORD-104286,2026-04-03,2026-04,East,Electronics,Smartphone,Corporate,1,28000,0.1,25200.0,21000,4200.0
ORD-101002,2026-04-03,2026-04,West,Stationery,Pen Set,Consumer,3,300,0.05,855.0,420,435.0
ORD-104648,2026-04-03,2026-04,East,Accessories,Water Bottle,Corporate,2,600,0.05,1140.0,560,580.0
ORD-101978,2026-04-03,2026-04,West,Stationery,Notebook Pack,Consumer,5,450,0.0,2250.0,1250,1000.0
ORD-101158,2026-04-03,2026-04,North,Stationery,Pen Set,Consumer,5,300,0.2,1200.0,700,500.0
ORD-101355,2026-04-03,2026-04,Central,Electronics,Headphones,Small Business,1,3500,0.0,3500.0,2100,1400.0
ORD-101050,2026-04-04,2026-04,East,Electronics,Laptop,Corporate,2,55000,0.0,110000.0,84000,26000.0
ORD-102311,2026-04-04,2026-04,East,Stationery,Pen Set,Corporate,2,300,0.0,600.0,280,320.0
ORD-104440,2026-04-04,2026-04,North,Furniture,Office Chair,Consumer,1,8500,0.0,8500.0,5500,3000.0
ORD-104313,2026-04-04,2026-04,South,Stationery,Notebook Pack,Consumer,1,450,0.0,450.0,250,200.0
ORD-100948,2026-04-04,2026-04,West,Electronics,Headphones,Consumer,1,3500,0.0,3500.0,2100,1400.0
ORD-104617,2026-04-04,2026-04,Central,Furniture,Study Desk,Consumer,1,12000,0.05,11400.0,8000,3400.0
ORD-103623,2026-04-04,2026-04,West,Stationery,Pen Set,Consumer,1,300,0.0,300.0,140,160.0
ORD-101911,2026-04-05,2026-04,Central,Stationery,Pen Set,Corporate,1,300,0.15,255.0,140,115.0
ORD-100383,2026-04-05,2026-04,North,Accessories,Water Bottle,Corporate,1,600,0.0,600.0,280,320.0
ORD-100183,2026-04-05,2026-04,Central,Furniture,Study Desk,Consumer,5,12000,0.05,57000.0,40000,17000.0
ORD-100264,2026-04-05,2026-04,Central,Accessories,Water Bottle,Corporate,1,600,0.1,540.0,280,260.0
ORD-101117,2026-04-05,2026-04,Central,Stationery,Notebook Pack,Consumer,3,450,0.0,1350.0,750,600.0
ORD-104786,2026-04-05,2026-04,North,Accessories,Backpack,Consumer,1,1800,0.05,1710.0,950,760.0
ORD-101671,2026-04-05,2026-04,West,Electronics,Headphones,Consumer,2,3500,0.0,7000.0,4200,2800.0
ORD-102481,2026-04-05,2026-04,North,Accessories,Water Bottle,Small Business,1,600,0.0,600.0,280,320.0
ORD-103115,2026-04-05,2026-04,South,Stationery,Notebook Pack,Consumer,1,450,0.0,450.0,250,200.0
ORD-103291,2026-04-05,2026-04,West,Electronics,Smartphone,Consumer,1,28000,0.0,28000.0,21000,7000.0
ORD-102895,2026-04-05,2026-04,West,Electronics,Smartphone,Corporate,1,28000,0.0,28000.0,21000,7000.0
ORD-102073,2026-04-05,2026-04,North,Accessories,Desk Lamp,Consumer,1,1400,0.1,1260.0,750,510.0
ORD-100554,2026-04-05,2026-04,West,Accessories,Backpack,Consumer,1,1800,0.0,1800.0,950,850.0
ORD-100735,2026-04-05,2026-04,West,Electronics,Headphones,Consumer,2,3500,0.0,7000.0,4200,2800.0
ORD-103197,2026-04-05,2026-04,South,Stationery,Notebook Pack,Corporate,2,450,0.05,855.0,500,355.0
ORD-100767,2026-04-05,2026-04,North,Furniture,Study Desk,Corporate,3,12000,0.15,30600.0,24000,6600.0
ORD-102254,2026-04-06,2026-04,South,Accessories,Backpack,Corporate,1,1800,0.0,1800.0,950,850.0
ORD-104469,2026-04-06,2026-04,South,Electronics,Headphones,Consumer,2,3500,0.0,7000.0,4200,2800.0
ORD-101145,2026-04-06,2026-04,North,Stationery,Pen Set,Consumer,2,300,0.0,600.0,280,320.0
ORD-104562,2026-04-06,2026-04,West,Stationery,Notebook Pack,Consumer,1,450,0.1,405.0,250,155.0
ORD-101472,2026-04-06,2026-04,East,Accessories,Desk Lamp,Consumer,2,1400,0.0,2800.0,1500,1300.0
ORD-104695,2026-04-06,2026-04,East,Furniture,Office Chair,Consumer,1,8500,0.05,8075.0,5500,2575.0
ORD-103877,2026-04-06,2026-04,South,Furniture,Office Chair,Small Business,2,8500,0.1,15300.0,11000,4300.0
ORD-101083,2026-04-06,2026-04,South,Stationery,Pen Set,Small Business,4,300,0.15,1020.0,560,460.0
ORD-104671,2026-04-06,2026-04,West,Accessories,Water Bottle,Corporate,1,600,0.15,510.0,280,230.0
ORD-102074,2026-04-06,2026-04,East,Furniture,Bookshelf,Corporate,4,6500,0.0,26000.0,16800,9200.0
ORD-104384,2026-04-06,2026-04,East,Accessories,Water Bottle,Small Business,3,600,0.05,1710.0,840,870.0
ORD-101610,2026-04-06,2026-04,West,Accessories,Water Bottle,Consumer,2,600,0.1,1080.0,560,520.0
ORD-103385,2026-04-06,2026-04,East,Furniture,Office Chair,Corporate,1,8500,0.0,8500.0,5500,3000.0
ORD-101157,2026-04-07,2026-04,West,Electronics,Headphones,Consumer,2,3500,0.0,7000.0,4200,2800.0
ORD-102461,2026-04-07,2026-04,South,Accessories,Backpack,Consumer,3,1800,0.0,5400.0,2850,2550.0
ORD-104923,2026-04-07,2026-04,East,Stationery,Notebook Pack,Corporate,5,450,0.15,1912.5,1250,662.5
ORD-103492,2026-04-07,2026-04,South,Electronics,Smartwatch,Consumer,4,9000,0.1,32400.0,24000,8400.0
ORD-102661,2026-04-07,2026-04,East,Stationery,Pen Set,Consumer,2,300,0.1,540.0,280,260.0
ORD-103177,2026-04-07,2026-04,West,Stationery,Notebook Pack,Consumer,1,450,0.0,450.0,250,200.0
ORD-102128,2026-04-07,2026-04,South,Stationery,Pen Set,Consumer,2,300,0.15,510.0,280,230.0
ORD-102511,2026-04-08,2026-04,Central,Accessories,Desk Lamp,Consumer,1,1400,0.0,1400.0,750,650.0
ORD-103283,2026-04-08,2026-04,South,Electronics,Smartwatch,Consumer,1,9000,0.05,8550.0,6000,2550.0
ORD-104885,2026-04-08,2026-04,West,Accessories,Water Bottle,Consumer,1,600,0.0,600.0,280,320.0
ORD-101553,2026-04-08,2026-04,North,Stationery,Pen Set,Small Business,1,300,0.0,300.0,140,160.0
ORD-103081,2026-04-08,2026-04,North,Electronics,Headphones,Consumer,3,3500,0.05,9975.0,6300,3675.0
ORD-101102,2026-04-08,2026-04,South,Accessories,Backpack,Consumer,1,1800,0.05,1710.0,950,760.0
ORD-102119,2026-04-08,2026-04,East,Accessories,Backpack,Consumer,3,1800,0.1,4860.0,2850,2010.0
ORD-104261,2026-04-08,2026-04,East,Accessories,Water Bottle,Small Business,1,600,0.0,600.0,280,320.0
ORD-103493,2026-04-08,2026-04,Central,Stationery,Notebook Pack,Corporate,1,450,0.0,450.0,250,200.0
ORD-104675,2026-04-09,2026-04,East,Electronics,Laptop,Consumer,1,55000,0.0,55000.0,42000,13000.0
ORD-104016,2026-04-09,2026-04,North,Accessories,Desk Lamp,Consumer,1,1400,0.05,1330.0,750,580.0
ORD-103705,2026-04-09,2026-04,East,Electronics,Smartphone,Consumer,5,28000,0.05,133000.0,105000,28000.0
ORD-103749,2026-04-09,2026-04,North,Electronics,Headphones,Corporate,2,3500,0.0,7000.0,4200,2800.0
ORD-103497,2026-04-09,2026-04,East,Electronics,Smartphone,Consumer,2,28000,0.05,53200.0,42000,11200.0
ORD-104553,2026-04-09,2026-04,East,Accessories,Water Bottle,Consumer,1,600,0.2,480.0,280,200.0
ORD-103884,2026-04-09,2026-04,West,Electronics,Smartwatch,Corporate,1,9000,0.1,8100.0,6000,2100.0
ORD-101916,2026-04-09,2026-04,South,Accessories,Water Bottle,Consumer,2,600,0.05,1140.0,560,580.0
ORD-104910,2026-04-09,2026-04,South,Electronics,Smartwatch,Consumer,2,9000,0.0,18000.0,12000,6000.0
ORD-101044,2026-04-09,2026-04,West,Furniture,Study Desk,Consumer,3,12000,0.0,36000.0,24000,12000.0
ORD-101735,2026-04-10,2026-04,East,Stationery,Pen Set,Small Business,1,300,0.05,285.0,140,145.0
ORD-102429,2026-04-10,2026-04,West,Stationery,Pen Set,Consumer,1,300,0.0,300.0,140,160.0
ORD-100088,2026-04-10,2026-04,East,Accessories,Backpack,Corporate,2,1800,0.05,3420.0,1900,1520.0
ORD-104859,2026-04-10,2026-04,North,Accessories,Water Bottle,Corporate,2,600,0.0,1200.0,560,640.0
ORD-104818,2026-04-10,2026-04,South,Electronics,Laptop,Consumer,1,55000,0.0,55000.0,42000,13000.0
ORD-103392,2026-04-10,2026-04,Central,Electronics,Headphones,Consumer,2,3500,0.15,5950.0,4200,1750.0
ORD-100198,2026-04-10,2026-04,South,Electronics,Headphones,Consumer,3,3500,0.1,9450.0,6300,3150.0
ORD-100427,2026-04-10,2026-04,South,Accessories,Water Bottle,Consumer,1,600,0.0,600.0,280,320.0
ORD-101848,2026-04-10,2026-04,East,Furniture,Office Chair,Consumer,1,8500,0.0,8500.0,5500,3000.0
ORD-101120,2026-04-11,2026-04,North,Accessories,Backpack,Corporate,1,1800,0.05,1710.0,950,760.0
ORD-102581,2026-04-11,2026-04,South,Accessories,Water Bottle,Consumer,3,600,0.1,1620.0,840,780.0
ORD-104058,2026-04-11,2026-04,South,Furniture,Bookshelf,Consumer,2,6500,0.0,13000.0,8400,4600.0
ORD-100489,2026-04-11,2026-04,Central,Furniture,Office Chair,Corporate,1,8500,0.1,7650.0,5500,2150.0
ORD-103574,2026-04-11,2026-04,West,Stationery,Notebook Pack,Consumer,4,450,0.0,1800.0,1000,800.0
ORD-104108,2026-04-11,2026-04,South,Accessories,Water Bottle,Small Business,1,600,0.0,600.0,280,320.0
ORD-100645,2026-04-11,2026-04,South,Electronics,Smartphone,Small Business,3,28000,0.15,71400.0,63000,8400.0
ORD-102394,2026-04-11,2026-04,South,Accessories,Water Bottle,Consumer,1,600,0.0,600.0,280,320.0
ORD-103340,2026-04-11,2026-04,West,Accessories,Water Bottle,Corporate,1,600,0.0,600.0,280,320.0
ORD-100280,2026-04-11,2026-04,Central,Furniture,Bookshelf,Small Business,1,6500,0.05,6175.0,4200,1975.0
ORD-103334,2026-04-11,2026-04,West,Furniture,Bookshelf,Consumer,5,6500,0.0,32500.0,21000,11500.0
ORD-102674,2026-04-11,2026-04,East,Furniture,Office Chair,Corporate,1,8500,0.15,7225.0,5500,1725.0
ORD-102757,2026-04-11,2026-04,West,Accessories,Water Bottle,Corporate,5,600,0.0,3000.0,1400,1600.0
ORD-102135,2026-04-11,2026-04,West,Furniture,Study Desk,Small Business,1,12000,0.15,10200.0,8000,2200.0
ORD-102872,2026-04-12,2026-04,Central,Furniture,Study Desk,Small Business,2,12000,0.0,24000.0,16000,8000.0
ORD-103225,2026-04-12,2026-04,East,Electronics,Headphones,Consumer,4,3500,0.05,13300.0,8400,4900.0
ORD-100905,2026-04-12,2026-04,East,Furniture,Bookshelf,Consumer,4,6500,0.0,26000.0,16800,9200.0
ORD-100118,2026-04-12,2026-04,West,Electronics,Smartphone,Consumer,1,28000,0.05,26600.0,21000,5600.0
ORD-102621,2026-04-12,2026-04,East,Accessories,Water Bottle,Corporate,4,600,0.05,2280.0,1120,1160.0
ORD-102236,2026-04-12,2026-04,East,Accessories,Backpack,Consumer,4,1800,0.15,6120.0,3800,2320.0
ORD-104522,2026-04-12,2026-04,Central,Accessories,Water Bottle,Consumer,3,600,0.15,1530.0,840,690.0
ORD-102262,2026-04-12,2026-04,West,Accessories,Backpack,Corporate,1,1800,0.1,1620.0,950,670.0
ORD-100473,2026-04-12,2026-04,West,Electronics,Smartphone,Consumer,1,28000,0.0,28000.0,21000,7000.0
ORD-101772,2026-04-12,2026-04,East,Electronics,Smartwatch,Corporate,2,9000,0.15,15300.0,12000,3300.0
ORD-100228,2026-04-12,2026-04,North,Electronics,Headphones,Corporate,2,3500,0.1,6300.0,4200,2100.0
ORD-100922,2026-04-13,2026-04,North,Furniture,Office Chair,Consumer,1,8500,0.0,8500.0,5500,3000.0
ORD-102870,2026-04-13,2026-04,West,Stationery,Pen Set,Consumer,1,300,0.0,300.0,140,160.0
ORD-102509,2026-04-13,2026-04,Central,Accessories,Water Bottle,Small Business,1,600,0.1,540.0,280,260.0
ORD-100758,2026-04-13,2026-04,South,Furniture,Office Chair,Consumer,3,8500,0.0,25500.0,16500,9000.0
ORD-101599,2026-04-13,2026-04,East,Stationery,Pen Set,Corporate,3,300,0.0,900.0,420,480.0
ORD-101230,2026-04-13,2026-04,East,Accessories,Backpack,Consumer,1,1800,0.1,1620.0,950,670.0
ORD-102113,2026-04-13,2026-04,North,Accessories,Water Bottle,Small Business,3,600,0.1,1620.0,840,780.0
ORD-100671,2026-04-14,2026-04,South,Electronics,Headphones,Corporate,1,3500,0.0,3500.0,2100,1400.0
ORD-103750,2026-04-14,2026-04,East,Electronics,Smartphone,Consumer,3,28000,0.05,79800.0,63000,16800.0
ORD-100594,2026-04-14,2026-04,South,Accessories,Water Bottle,Consumer,1,600,0.15,510.0,280,230.0
ORD-103259,2026-04-14,2026-04,West,Electronics,Headphones,Consumer,2,3500,0.0,7000.0,4200,2800.0
ORD-101785,2026-04-14,2026-04,West,Accessories,Water Bottle,Corporate,2,600,0.0,1200.0,560,640.0
ORD-100053,2026-04-14,2026-04,North,Furniture,Bookshelf,Small Business,1,6500,0.0,6500.0,4200,2300.0
ORD-104017,2026-04-14,2026-04,West,Electronics,Laptop,Consumer,3,55000,0.05,156750.0,126000,30750.0
ORD-100121,2026-04-14,2026-04,Central,Electronics,Smartwatch,Consumer,5,9000,0.1,40500.0,30000,10500.0
ORD-100897,2026-04-14,2026-04,South,Electronics,Headphones,Small Business,1,3500,0.15,2975.0,2100,875.0
ORD-100405,2026-04-14,2026-04,West,Electronics,Headphones,Consumer,1,3500,0.0,3500.0,2100,1400.0
ORD-104517,2026-04-14,2026-04,West,Stationery,Notebook Pack,Consumer,5,450,0.0,2250.0,1250,1000.0
ORD-101311,2026-04-14,2026-04,East,Stationery,Notebook Pack,Small Business,4,450,0.05,1710.0,1000,710.0
ORD-103146,2026-04-14,2026-04,South,Accessories,Desk Lamp,Corporate,1,1400,0.15,1190.0,750,440.0
ORD-100631,2026-04-14,2026-04,East,Accessories,Backpack,Consumer,2,1800,0.05,3420.0,1900,1520.0
ORD-104222,2026-04-15,2026-04,East,Stationery,Notebook Pack,Corporate,1,450,0.0,450.0,250,200.0
ORD-101517,2026-04-15,2026-04,West,Electronics,Headphones,Small Business,1,3500,0.2,2800.0,2100,700.0
ORD-103941,2026-04-15,2026-04,South,Electronics,Smartwatch,Consumer,5,9000,0.0,45000.0,30000,15000.0
ORD-102720,2026-04-15,2026-04,East,Stationery,Notebook Pack,Small Business,2,450,0.05,855.0,500,355.0
ORD-103504,2026-04-15,2026-04,North,Electronics,Smartphone,Corporate,1,28000,0.0,28000.0,21000,7000.0
ORD-104971,2026-04-15,2026-04,Central,Stationery,Notebook Pack,Corporate,1,450,0.1,405.0,250,155.0
ORD-104565,2026-04-15,2026-04,South,Electronics,Headphones,Small Business,1,3500,0.0,3500.0,2100,1400.0
ORD-100853,2026-04-15,2026-04,West,Accessories,Backpack,Small Business,5,1800,0.1,8100.0,4750,3350.0
ORD-100203,2026-04-15,2026-04,West,Furniture,Office Chair,Consumer,1,8500,0.0,8500.0,5500,3000.0
ORD-104605,2026-04-15,2026-04,West,Accessories,Water Bottle,Consumer,1,600,0.15,510.0,280,230.0
ORD-100191,2026-04-15,2026-04,West,Furniture,Office Chair,Consumer,2,8500,0.2,13600.0,11000,2600.0
ORD-103779,2026-04-15,2026-04,South,Stationery,Pen Set,Corporate,2,300,0.1,540.0,280,260.0
ORD-103391,2026-04-15,2026-04,North,Furniture,Office Chair,Small Business,1,8500,0.0,8500.0,5500,3000.0
ORD-104995,2026-04-15,2026-04,West,Stationery,Pen Set,Small Business,1,300,0.2,240.0,140,100.0
ORD-100197,2026-04-15,2026-04,North,Accessories,Backpack,Small Business,1,1800,0.0,1800.0,950,850.0
ORD-102425,2026-04-16,2026-04,South,Accessories,Water Bottle,Consumer,1,600,0.0,600.0,280,320.0
ORD-100947,2026-04-16,2026-04,North,Accessories,Desk Lamp,Corporate,1,1400,0.15,1190.0,750,440.0
ORD-101559,2026-04-16,2026-04,Central,Accessories,Water Bottle,Corporate,1,600,0.1,540.0,280,260.0
ORD-100192,2026-04-16,2026-04,West,Electronics,Laptop,Consumer,2,55000,0.0,110000.0,84000,26000.0
ORD-101356,2026-04-16,2026-04,East,Electronics,Smartphone,Consumer,2,28000,0.0,56000.0,42000,14000.0
ORD-100745,2026-04-16,2026-04,West,Stationery,Pen Set,Corporate,5,300,0.05,1425.0,700,725.0
ORD-102017,2026-04-16,2026-04,North,Accessories,Water Bottle,Consumer,1,600,0.2,480.0,280,200.0
ORD-104123,2026-04-16,2026-04,West,Furniture,Study Desk,Small Business,2,12000,0.15,20400.0,16000,4400.0
ORD-101781,2026-04-17,2026-04,South,Stationery,Pen Set,Consumer,4,300,0.05,1140.0,560,580.0
ORD-100485,2026-04-17,2026-04,Central,Accessories,Water Bottle,Corporate,1,600,0.15,510.0,280,230.0
ORD-103288,2026-04-17,2026-04,North,Electronics,Smartwatch,Corporate,4,9000,0.1,32400.0,24000,8400.0
ORD-102232,2026-04-17,2026-04,North,Electronics,Smartphone,Corporate,1,28000,0.0,28000.0,21000,7000.0
ORD-104337,2026-04-17,2026-04,Central,Accessories,Desk Lamp,Corporate,1,1400,0.0,1400.0,750,650.0
ORD-100401,2026-04-17,2026-04,Central,Electronics,Smartwatch,Consumer,1,9000,0.05,8550.0,6000,2550.0
ORD-103771,2026-04-17,2026-04,South,Accessories,Water Bottle,Corporate,1,600,0.0,600.0,280,320.0
ORD-102925,2026-04-17,2026-04,South,Furniture,Study Desk,Corporate,1,12000,0.0,12000.0,8000,4000.0
ORD-102356,2026-04-17,2026-04,Central,Accessories,Water Bottle,Consumer,1,600,0.1,540.0,280,260.0
ORD-103975,2026-04-18,2026-04,East,Electronics,Headphones,Small Business,3,3500,0.0,10500.0,6300,4200.0
ORD-103740,2026-04-18,2026-04,East,Electronics,Smartwatch,Consumer,2,9000,0.0,18000.0,12000,6000.0
ORD-100568,2026-04-18,2026-04,West,Accessories,Water Bottle,Consumer,1,600,0.0,600.0,280,320.0
ORD-104787,2026-04-18,2026-04,North,Stationery,Notebook Pack,Consumer,3,450,0.1,1215.0,750,465.0
ORD-102107,2026-04-19,2026-04,South,Furniture,Office Chair,Small Business,2,8500,0.1,15300.0,11000,4300.0
ORD-102191,2026-04-19,2026-04,South,Electronics,Headphones,Corporate,1,3500,0.0,3500.0,2100,1400.0
ORD-103006,2026-04-19,2026-04,West,Accessories,Desk Lamp,Consumer,1,1400,0.0,1400.0,750,650.0
ORD-102571,2026-04-19,2026-04,East,Accessories,Water Bottle,Small Business,5,600,0.0,3000.0,1400,1600.0
ORD-102012,2026-04-19,2026-04,South,Accessories,Water Bottle,Corporate,2,600,0.05,1140.0,560,580.0
ORD-100367,2026-04-19,2026-04,South,Furniture,Study Desk,Consumer,2,12000,0.0,24000.0,16000,8000.0
ORD-100748,2026-04-19,2026-04,Central,Stationery,Notebook Pack,Consumer,1,450,0.2,360.0,250,110.0
ORD-102002,2026-04-19,2026-04,West,Electronics,Smartwatch,Small Business,1,9000,0.15,7650.0,6000,1650.0
ORD-100453,2026-04-19,2026-04,South,Accessories,Water Bottle,Consumer,2,600,0.05,1140.0,560,580.0
ORD-104470,2026-04-19,2026-04,South,Accessories,Water Bottle,Consumer,1,600,0.0,600.0,280,320.0
ORD-100104,2026-04-20,2026-04,South,Stationery,Pen Set,Small Business,2,300,0.0,600.0,280,320.0
ORD-100043,2026-04-20,2026-04,West,Stationery,Notebook Pack,Corporate,1,450,0.0,450.0,250,200.0
ORD-104816,2026-04-20,2026-04,East,Stationery,Notebook Pack,Corporate,2,450,0.0,900.0,500,400.0
ORD-101367,2026-04-20,2026-04,North,Accessories,Desk Lamp,Consumer,3,1400,0.0,4200.0,2250,1950.0
ORD-103751,2026-04-20,2026-04,North,Electronics,Smartwatch,Corporate,1,9000,0.0,9000.0,6000,3000.0
ORD-103641,2026-04-20,2026-04,South,Stationery,Notebook Pack,Corporate,1,450,0.15,382.5,250,132.5
ORD-102472,2026-04-20,2026-04,West,Electronics,Smartwatch,Consumer,3,9000,0.0,27000.0,18000,9000.0
ORD-100785,2026-04-20,2026-04,Central,Electronics,Smartphone,Consumer,1,28000,0.1,25200.0,21000,4200.0
ORD-102801,2026-04-20,2026-04,North,Electronics,Smartphone,Small Business,3,28000,0.1,75600.0,63000,12600.0
ORD-104602,2026-04-20,2026-04,North,Electronics,Smartphone,Consumer,2,28000,0.0,56000.0,42000,14000.0
ORD-103336,2026-04-20,2026-04,Central,Accessories,Water Bottle,Corporate,1,600,0.05,570.0,280,290.0
ORD-104293,2026-04-20,2026-04,East,Electronics,Smartphone,Corporate,2,28000,0.2,44800.0,42000,2800.0
ORD-102083,2026-04-20,2026-04,South,Electronics,Headphones,Small Business,1,3500,0.05,3325.0,2100,1225.0
ORD-100150,2026-04-20,2026-04,South,Accessories,Water Bottle,Corporate,1,600,0.05,570.0,280,290.0
ORD-103352,2026-04-20,2026-04,West,Accessories,Water Bottle,Corporate,1,600,0.05,570.0,280,290.0
ORD-104802,2026-04-20,2026-04,North,Accessories,Desk Lamp,Consumer,3,1400,0.0,4200.0,2250,1950.0
ORD-102320,2026-04-20,2026-04,South,Stationery,Notebook Pack,Consumer,1,450,0.05,427.5,250,177.5
ORD-102623,2026-04-21,2026-04,West,Electronics,Headphones,Small Business,1,3500,0.0,3500.0,2100,1400.0
ORD-100506,2026-04-21,2026-04,East,Stationery,Notebook Pack,Corporate,2,450,0.1,810.0,500,310.0
ORD-103659,2026-04-21,2026-04,West,Electronics,Smartphone,Small Business,2,28000,0.05,53200.0,42000,11200.0
ORD-102209,2026-04-21,2026-04,West,Electronics,Headphones,Corporate,2,3500,0.1,6300.0,4200,2100.0
ORD-104936,2026-04-21,2026-04,South,Accessories,Backpack,Corporate,2,1800,0.15,3060.0,1900,1160.0
ORD-102251,2026-04-21,2026-04,Central,Accessories,Backpack,Corporate,1,1800,0.1,1620.0,950,670.0
ORD-104899,2026-04-21,2026-04,North,Stationery,Notebook Pack,Consumer,1,450,0.15,382.5,250,132.5
ORD-104233,2026-04-21,2026-04,South,Accessories,Water Bottle,Corporate,1,600,0.2,480.0,280,200.0
ORD-101360,2026-04-22,2026-04,North,Accessories,Backpack,Consumer,2,1800,0.0,3600.0,1900,1700.0
ORD-104527,2026-04-22,2026-04,North,Furniture,Study Desk,Consumer,1,12000,0.05,11400.0,8000,3400.0
ORD-102351,2026-04-22,2026-04,North,Accessories,Water Bottle,Corporate,4,600,0.05,2280.0,1120,1160.0
ORD-100273,2026-04-22,2026-04,West,Electronics,Smartphone,Corporate,5,28000,0.05,133000.0,105000,28000.0
ORD-104726,2026-04-23,2026-04,West,Stationery,Pen Set,Consumer,2,300,0.1,540.0,280,260.0
ORD-103102,2026-04-23,2026-04,South,Electronics,Headphones,Consumer,3,3500,0.0,10500.0,6300,4200.0
ORD-101018,2026-04-23,2026-04,East,Furniture,Bookshelf,Small Business,1,6500,0.05,6175.0,4200,1975.0
ORD-100937,2026-04-23,2026-04,North,Electronics,Headphones,Consumer,1,3500,0.05,3325.0,2100,1225.0
ORD-100953,2026-04-23,2026-04,East,Electronics,Smartphone,Consumer,2,28000,0.0,56000.0,42000,14000.0
ORD-100242,2026-04-23,2026-04,East,Stationery,Notebook Pack,Consumer,4,450,0.0,1800.0,1000,800.0
ORD-103191,2026-04-23,2026-04,South,Furniture,Study Desk,Corporate,1,12000,0.05,11400.0,8000,3400.0
ORD-103902,2026-04-23,2026-04,West,Stationery,Pen Set,Small Business,1,300,0.0,300.0,140,160.0
ORD-102100,2026-04-23,2026-04,North,Furniture,Bookshelf,Corporate,1,6500,0.0,6500.0,4200,2300.0
ORD-100836,2026-04-23,2026-04,West,Stationery,Pen Set,Small Business,1,300,0.1,270.0,140,130.0
ORD-102382,2026-04-24,2026-04,Central,Stationery,Notebook Pack,Consumer,1,450,0.05,427.5,250,177.5
ORD-104116,2026-04-24,2026-04,East,Furniture,Study Desk,Consumer,1,12000,0.1,10800.0,8000,2800.0
ORD-104915,2026-04-24,2026-04,Central,Electronics,Smartphone,Corporate,1,28000,0.0,28000.0,21000,7000.0
ORD-100996,2026-04-24,2026-04,East,Accessories,Water Bottle,Corporate,3,600,0.2,1440.0,840,600.0
ORD-103886,2026-04-24,2026-04,West,Stationery,Pen Set,Consumer,1,300,0.15,255.0,140,115.0
ORD-104858,2026-04-24,2026-04,South,Stationery,Pen Set,Small Business,1,300,0.1,270.0,140,130.0
ORD-102754,2026-04-24,2026-04,South,Stationery,Pen Set,Consumer,5,300,0.0,1500.0,700,800.0
ORD-104144,2026-04-25,2026-04,West,Stationery,Notebook Pack,Consumer,1,450,0.1,405.0,250,155.0
ORD-102853,2026-04-25,2026-04,South,Stationery,Notebook Pack,Consumer,2,450,0.1,810.0,500,310.0
ORD-101854,2026-04-25,2026-04,North,Stationery,Pen Set,Corporate,2,300,0.0,600.0,280,320.0
ORD-102205,2026-04-25,2026-04,North,Electronics,Laptop,Consumer,1,55000,0.05,52250.0,42000,10250.0
ORD-101662,2026-04-25,2026-04,South,Stationery,Pen Set,Small Business,1,300,0.05,285.0,140,145.0
ORD-102842,2026-04-25,2026-04,North,Stationery,Notebook Pack,Small Business,2,450,0.0,900.0,500,400.0
ORD-104929,2026-04-25,2026-04,West,Stationery,Notebook Pack,Small Business,1,450,0.15,382.5,250,132.5
ORD-102835,2026-04-25,2026-04,South,Stationery,Pen Set,Consumer,2,300,0.1,540.0,280,260.0
ORD-100055,2026-04-26,2026-04,West,Stationery,Notebook Pack,Corporate,5,450,0.0,2250.0,1250,1000.0
ORD-103141,2026-04-26,2026-04,West,Electronics,Smartwatch,Consumer,1,9000,0.0,9000.0,6000,3000.0
ORD-103483,2026-04-26,2026-04,Central,Electronics,Smartphone,Corporate,4,28000,0.0,112000.0,84000,28000.0
ORD-102954,2026-04-26,2026-04,West,Stationery,Notebook Pack,Small Business,1,450,0.1,405.0,250,155.0
ORD-100615,2026-04-26,2026-04,West,Stationery,Notebook Pack,Consumer,1,450,0.05,427.5,250,177.5
ORD-103636,2026-04-26,2026-04,West,Accessories,Backpack,Corporate,5,1800,0.1,8100.0,4750,3350.0
ORD-101248,2026-04-26,2026-04,West,Furniture,Study Desk,Corporate,1,12000,0.0,12000.0,8000,4000.0
ORD-104719,2026-04-26,2026-04,West,Furniture,Office Chair,Consumer,1,8500,0.05,8075.0,5500,2575.0
ORD-100813,2026-04-26,2026-04,South,Accessories,Water Bottle,Corporate,1,600,0.0,600.0,280,320.0
ORD-104433,2026-04-27,2026-04,South,Accessories,Water Bottle,Consumer,2,600,0.15,1020.0,560,460.0
ORD-100799,2026-04-27,2026-04,North,Electronics,Smartphone,Consumer,2,28000,0.1,50400.0,42000,8400.0
ORD-101686,2026-04-27,2026-04,South,Electronics,Smartphone,Consumer,1,28000,0.2,22400.0,21000,1400.0
ORD-100807,2026-04-28,2026-04,Central,Furniture,Study Desk,Corporate,2,12000,0.0,24000.0,16000,8000.0
ORD-104904,2026-04-28,2026-04,Central,Accessories,Backpack,Consumer,4,1800,0.1,6480.0,3800,2680.0
ORD-101015,2026-04-28,2026-04,West,Accessories,Water Bottle,Consumer,1,600,0.0,600.0,280,320.0
ORD-102820,2026-04-28,2026-04,South,Electronics,Headphones,Corporate,1,3500,0.1,3150.0,2100,1050.0
ORD-100182,2026-04-28,2026-04,North,Furniture,Bookshelf,Corporate,4,6500,0.1,23400.0,16800,6600.0
ORD-101022,2026-04-28,2026-04,West,Accessories,Water Bottle,Consumer,2,600,0.0,1200.0,560,640.0
ORD-101519,2026-04-29,2026-04,North,Accessories,Water Bottle,Consumer,3,600,0.0,1800.0,840,960.0
ORD-100245,2026-04-29,2026-04,East,Accessories,Desk Lamp,Consumer,1,1400,0.0,1400.0,750,650.0
ORD-102515,2026-04-29,2026-04,West,Stationery,Notebook Pack,Small Business,4,450,0.0,1800.0,1000,800.0
ORD-103438,2026-04-29,2026-04,East,Accessories,Water Bottle,Consumer,1,600,0.0,600.0,280,320.0
ORD-103166,2026-04-29,2026-04,North,Furniture,Bookshelf,Small Business,2,6500,0.05,12350.0,8400,3950.0
ORD-101639,2026-04-29,2026-04,South,Furniture,Bookshelf,Corporate,1,6500,0.05,6175.0,4200,1975.0
ORD-103608,2026-04-29,2026-04,East,Electronics,Headphones,Small Business,2,3500,0.05,6650.0,4200,2450.0
ORD-103956,2026-04-29,2026-04,East,Electronics,Smartphone,Consumer,2,28000,0.15,47600.0,42000,5600.0
ORD-101838,2026-04-29,2026-04,North,Electronics,Smartphone,Consumer,1,28000,0.1,25200.0,21000,4200.0
ORD-100577,2026-04-29,2026-04,Central,Accessories,Water Bottle,Corporate,2,600,0.0,1200.0,560,640.0
ORD-101634,2026-04-29,2026-04,East,Furniture,Office Chair,Consumer,1,8500,0.15,7225.0,5500,1725.0
ORD-101103,2026-04-29,2026-04,Central,Furniture,Study Desk,Consumer,2,12000,0.0,24000.0,16000,8000.0
ORD-103686,2026-04-30,2026-04,South,Stationery,Pen Set,Corporate,1,300,0.05,285.0,140,145.0
ORD-103985,2026-04-30,2026-04,West,Furniture,Study Desk,Corporate,1,12000,0.1,10800.0,8000,2800.0
ORD-103439,2026-04-30,2026-04,South,Stationery,Notebook Pack,Corporate,2,450,0.05,855.0,500,355.0
ORD-100684,2026-04-30,2026-04,North,Stationery,Notebook Pack,Corporate,1,450,0.0,450.0,250,200.0
ORD-104733,2026-04-30,2026-04,West,Stationery,Pen Set,Consumer,1,300,0.0,300.0,140,160.0
ORD-104093,2026-04-30,2026-04,West,Accessories,Desk Lamp,Consumer,1,1400,0.15,1190.0,750,440.0
ORD-100112,2026-04-30,2026-04,East,Stationery,Pen Set,Small Business,1,300,0.0,300.0,140,160.0
ORD-102569,2026-04-30,2026-04,North,Electronics,Smartphone,Corporate,1,28000,0.15,23800.0,21000,2800.0
ORD-100715,2026-04-30,2026-04,South,Electronics,Laptop,Small Business,2,55000,0.15,93500.0,84000,9500.0
ORD-103725,2026-04-30,2026-04,West,Accessories,Desk Lamp,Consumer,2,1400,0.05,2660.0,1500,1160.0
ORD-100796,2026-05-01,2026-05,North,Furniture,Bookshelf,Consumer,4,6500,0.1,23400.0,16800,6600.0
ORD-104558,2026-05-01,2026-05,West,Stationery,Pen Set,Corporate,3,300,0.1,810.0,420,390.0
ORD-103132,2026-05-01,2026-05,Central,Stationery,Pen Set,Consumer,1,300,0.05,285.0,140,145.0
ORD-101183,2026-05-01,2026-05,Central,Stationery,Pen Set,Consumer,1,300,0.0,300.0,140,160.0
ORD-100395,2026-05-01,2026-05,South,Accessories,Backpack,Consumer,1,1800,0.0,1800.0,950,850.0
ORD-101667,2026-05-01,2026-05,West,Accessories,Water Bottle,Small Business,2,600,0.05,1140.0,560,580.0
ORD-100512,2026-05-01,2026-05,West,Furniture,Office Chair,Small Business,5,8500,0.05,40375.0,27500,12875.0
ORD-103775,2026-05-01,2026-05,North,Accessories,Desk Lamp,Corporate,1,1400,0.1,1260.0,750,510.0
ORD-101455,2026-05-01,2026-05,North,Electronics,Smartphone,Small Business,1,28000,0.05,26600.0,21000,5600.0
ORD-102304,2026-05-01,2026-05,North,Accessories,Water Bottle,Corporate,1,600,0.2,480.0,280,200.0
ORD-103836,2026-05-01,2026-05,East,Accessories,Desk Lamp,Consumer,1,1400,0.0,1400.0,750,650.0
ORD-104550,2026-05-01,2026-05,North,Furniture,Office Chair,Corporate,1,8500,0.0,8500.0,5500,3000.0
ORD-101419,2026-05-02,2026-05,East,Stationery,Notebook Pack,Consumer,2,450,0.1,810.0,500,310.0
ORD-104580,2026-05-02,2026-05,South,Stationery,Notebook Pack,Corporate,2,450,0.2,720.0,500,220.0
ORD-104815,2026-05-02,2026-05,West,Stationery,Notebook Pack,Consumer,3,450,0.1,1215.0,750,465.0
ORD-104050,2026-05-02,2026-05,West,Stationery,Pen Set,Consumer,1,300,0.0,300.0,140,160.0
ORD-104245,2026-05-02,2026-05,Central,Electronics,Smartphone,Small Business,2,28000,0.15,47600.0,42000,5600.0
ORD-103698,2026-05-02,2026-05,South,Electronics,Headphones,Consumer,4,3500,0.2,11200.0,8400,2800.0
ORD-101521,2026-05-02,2026-05,North,Electronics,Laptop,Corporate,5,55000,0.1,247500.0,210000,37500.0
ORD-101955,2026-05-02,2026-05,South,Accessories,Water Bottle,Consumer,1,600,0.1,540.0,280,260.0
ORD-103885,2026-05-02,2026-05,West,Accessories,Water Bottle,Corporate,4,600,0.0,2400.0,1120,1280.0
ORD-103838,2026-05-02,2026-05,Central,Stationery,Notebook Pack,Small Business,3,450,0.05,1282.5,750,532.5
ORD-100806,2026-05-02,2026-05,South,Electronics,Smartwatch,Consumer,4,9000,0.2,28800.0,24000,4800.0
ORD-102949,2026-05-02,2026-05,South,Electronics,Smartphone,Consumer,3,28000,0.0,84000.0,63000,21000.0
ORD-100178,2026-05-03,2026-05,East,Stationery,Pen Set,Consumer,1,300,0.05,285.0,140,145.0
ORD-101415,2026-05-03,2026-05,South,Furniture,Office Chair,Consumer,1,8500,0.0,8500.0,5500,3000.0
ORD-102022,2026-05-03,2026-05,Central,Accessories,Water Bottle,Consumer,1,600,0.0,600.0,280,320.0
ORD-100256,2026-05-03,2026-05,North,Stationery,Pen Set,Corporate,1,300,0.1,270.0,140,130.0
ORD-100971,2026-05-03,2026-05,North,Accessories,Desk Lamp,Consumer,2,1400,0.1,2520.0,1500,1020.0
ORD-101655,2026-05-03,2026-05,South,Stationery,Pen Set,Consumer,1,300,0.0,300.0,140,160.0
ORD-101185,2026-05-03,2026-05,West,Accessories,Desk Lamp,Corporate,1,1400,0.0,1400.0,750,650.0
ORD-103156,2026-05-03,2026-05,West,Electronics,Headphones,Corporate,2,3500,0.0,7000.0,4200,2800.0
ORD-104321,2026-05-03,2026-05,West,Electronics,Laptop,Small Business,1,55000,0.1,49500.0,42000,7500.0
ORD-101301,2026-05-03,2026-05,South,Electronics,Headphones,Corporate,3,3500,0.15,8925.0,6300,2625.0
ORD-103722,2026-05-03,2026-05,South,Electronics,Headphones,Small Business,1,3500,0.0,3500.0,2100,1400.0
ORD-103930,2026-05-04,2026-05,South,Furniture,Study Desk,Consumer,1,12000,0.0,12000.0,8000,4000.0
ORD-102185,2026-05-04,2026-05,Central,Stationery,Pen Set,Consumer,1,300,0.05,285.0,140,145.0
ORD-103801,2026-05-04,2026-05,South,Electronics,Laptop,Corporate,1,55000,0.0,55000.0,42000,13000.0
ORD-100720,2026-05-04,2026-05,North,Stationery,Pen Set,Consumer,3,300,0.0,900.0,420,480.0
ORD-104857,2026-05-04,2026-05,East,Stationery,Pen Set,Corporate,1,300,0.0,300.0,140,160.0
ORD-101052,2026-05-04,2026-05,East,Stationery,Pen Set,Corporate,2,300,0.05,570.0,280,290.0
ORD-100052,2026-05-04,2026-05,North,Accessories,Water Bottle,Consumer,2,600,0.05,1140.0,560,580.0
ORD-103515,2026-05-04,2026-05,South,Stationery,Notebook Pack,Consumer,2,450,0.0,900.0,500,400.0
ORD-103853,2026-05-04,2026-05,West,Electronics,Smartphone,Consumer,5,28000,0.0,140000.0,105000,35000.0
ORD-101865,2026-05-04,2026-05,South,Electronics,Smartphone,Corporate,5,28000,0.1,126000.0,105000,21000.0
ORD-103364,2026-05-04,2026-05,East,Furniture,Office Chair,Consumer,3,8500,0.0,25500.0,16500,9000.0
ORD-104269,2026-05-05,2026-05,South,Furniture,Office Chair,Corporate,1,8500,0.1,7650.0,5500,2150.0
ORD-100364,2026-05-05,2026-05,East,Electronics,Laptop,Corporate,1,55000,0.1,49500.0,42000,7500.0
ORD-104509,2026-05-05,2026-05,North,Stationery,Pen Set,Corporate,2,300,0.05,570.0,280,290.0
ORD-104945,2026-05-05,2026-05,South,Accessories,Desk Lamp,Consumer,5,1400,0.0,7000.0,3750,3250.0
ORD-102344,2026-05-05,2026-05,East,Stationery,Notebook Pack,Consumer,1,450,0.05,427.5,250,177.5
ORD-102885,2026-05-05,2026-05,West,Electronics,Smartphone,Consumer,3,28000,0.0,84000.0,63000,21000.0
ORD-104311,2026-05-05,2026-05,South,Furniture,Bookshelf,Consumer,1,6500,0.05,6175.0,4200,1975.0
ORD-104301,2026-05-05,2026-05,East,Stationery,Pen Set,Corporate,2,300,0.0,600.0,280,320.0
ORD-103454,2026-05-05,2026-05,Central,Stationery,Notebook Pack,Small Business,2,450,0.05,855.0,500,355.0
ORD-103196,2026-05-05,2026-05,West,Accessories,Desk Lamp,Corporate,1,1400,0.05,1330.0,750,580.0
ORD-101975,2026-05-05,2026-05,South,Accessories,Water Bottle,Corporate,4,600,0.1,2160.0,1120,1040.0
ORD-100358,2026-05-05,2026-05,West,Electronics,Smartphone,Consumer,1,28000,0.0,28000.0,21000,7000.0
ORD-100751,2026-05-05,2026-05,West,Stationery,Pen Set,Corporate,2,300,0.05,570.0,280,290.0
ORD-100240,2026-05-05,2026-05,Central,Stationery,Notebook Pack,Small Business,1,450,0.1,405.0,250,155.0
ORD-100134,2026-05-06,2026-05,Central,Electronics,Laptop,Corporate,1,55000,0.0,55000.0,42000,13000.0
ORD-101223,2026-05-06,2026-05,South,Accessories,Water Bottle,Consumer,2,600,0.1,1080.0,560,520.0
ORD-102802,2026-05-06,2026-05,Central,Stationery,Pen Set,Consumer,2,300,0.0,600.0,280,320.0
ORD-104682,2026-05-06,2026-05,South,Accessories,Backpack,Corporate,3,1800,0.05,5130.0,2850,2280.0
ORD-101090,2026-05-06,2026-05,South,Accessories,Desk Lamp,Consumer,2,1400,0.0,2800.0,1500,1300.0
ORD-101844,2026-05-06,2026-05,Central,Accessories,Desk Lamp,Corporate,3,1400,0.1,3780.0,2250,1530.0
ORD-102734,2026-05-06,2026-05,North,Electronics,Smartwatch,Corporate,2,9000,0.1,16200.0,12000,4200.0
ORD-102482,2026-05-07,2026-05,South,Electronics,Headphones,Corporate,3,3500,0.0,10500.0,6300,4200.0
ORD-101448,2026-05-07,2026-05,North,Electronics,Laptop,Small Business,3,55000,0.0,165000.0,126000,39000.0
ORD-101084,2026-05-07,2026-05,South,Accessories,Backpack,Corporate,1,1800,0.1,1620.0,950,670.0
ORD-104127,2026-05-07,2026-05,East,Electronics,Smartphone,Consumer,1,28000,0.0,28000.0,21000,7000.0
ORD-100869,2026-05-07,2026-05,East,Furniture,Study Desk,Consumer,2,12000,0.2,19200.0,16000,3200.0
ORD-104394,2026-05-07,2026-05,South,Stationery,Notebook Pack,Small Business,1,450,0.0,450.0,250,200.0
ORD-104624,2026-05-07,2026-05,South,Stationery,Notebook Pack,Consumer,1,450,0.05,427.5,250,177.5
ORD-104640,2026-05-07,2026-05,South,Stationery,Notebook Pack,Consumer,1,450,0.0,450.0,250,200.0
ORD-103079,2026-05-07,2026-05,South,Accessories,Desk Lamp,Corporate,2,1400,0.2,2240.0,1500,740.0
ORD-101012,2026-05-07,2026-05,Central,Accessories,Desk Lamp,Consumer,3,1400,0.0,4200.0,2250,1950.0
ORD-101024,2026-05-07,2026-05,North,Stationery,Notebook Pack,Corporate,3,450,0.0,1350.0,750,600.0
ORD-103026,2026-05-07,2026-05,West,Electronics,Laptop,Consumer,2,55000,0.0,110000.0,84000,26000.0
ORD-100535,2026-05-07,2026-05,North,Stationery,Notebook Pack,Small Business,2,450,0.1,810.0,500,310.0
ORD-102053,2026-05-07,2026-05,South,Accessories,Backpack,Consumer,4,1800,0.0,7200.0,3800,3400.0
ORD-103704,2026-05-08,2026-05,South,Stationery,Notebook Pack,Consumer,4,450,0.0,1800.0,1000,800.0
ORD-100917,2026-05-08,2026-05,West,Stationery,Notebook Pack,Corporate,2,450,0.05,855.0,500,355.0
ORD-102553,2026-05-08,2026-05,South,Stationery,Pen Set,Corporate,2,300,0.0,600.0,280,320.0
ORD-103076,2026-05-08,2026-05,East,Accessories,Water Bottle,Corporate,2,600,0.0,1200.0,560,640.0
ORD-103920,2026-05-08,2026-05,East,Electronics,Headphones,Consumer,2,3500,0.0,7000.0,4200,2800.0
ORD-102968,2026-05-08,2026-05,South,Stationery,Pen Set,Consumer,1,300,0.1,270.0,140,130.0
ORD-100445,2026-05-08,2026-05,North,Accessories,Backpack,Consumer,2,1800,0.0,3600.0,1900,1700.0
ORD-100789,2026-05-08,2026-05,North,Furniture,Office Chair,Small Business,4,8500,0.0,34000.0,22000,12000.0
ORD-102871,2026-05-08,2026-05,North,Accessories,Water Bottle,Small Business,2,600,0.05,1140.0,560,580.0
ORD-104846,2026-05-08,2026-05,West,Furniture,Study Desk,Consumer,3,12000,0.05,34200.0,24000,10200.0
ORD-102862,2026-05-09,2026-05,North,Stationery,Notebook Pack,Consumer,1,450,0.1,405.0,250,155.0
ORD-100033,2026-05-09,2026-05,East,Accessories,Water Bottle,Small Business,1,600,0.15,510.0,280,230.0
ORD-100998,2026-05-09,2026-05,South,Electronics,Smartwatch,Corporate,1,9000,0.1,8100.0,6000,2100.0
ORD-101079,2026-05-09,2026-05,South,Accessories,Water Bottle,Consumer,1,600,0.15,510.0,280,230.0
ORD-104325,2026-05-09,2026-05,Central,Accessories,Water Bottle,Small Business,4,600,0.0,2400.0,1120,1280.0
ORD-104406,2026-05-09,2026-05,South,Electronics,Laptop,Consumer,5,55000,0.0,275000.0,210000,65000.0
ORD-102274,2026-05-09,2026-05,South,Furniture,Office Chair,Consumer,4,8500,0.0,34000.0,22000,12000.0
ORD-100488,2026-05-09,2026-05,East,Stationery,Pen Set,Consumer,3,300,0.0,900.0,420,480.0
ORD-100508,2026-05-09,2026-05,South,Stationery,Pen Set,Consumer,1,300,0.0,300.0,140,160.0
ORD-100412,2026-05-09,2026-05,West,Electronics,Smartwatch,Small Business,2,9000,0.1,16200.0,12000,4200.0
ORD-100411,2026-05-09,2026-05,South,Accessories,Backpack,Corporate,2,1800,0.0,3600.0,1900,1700.0
ORD-104468,2026-05-09,2026-05,East,Stationery,Pen Set,Consumer,2,300,0.1,540.0,280,260.0
ORD-100575,2026-05-09,2026-05,North,Accessories,Water Bottle,Corporate,2,600,0.0,1200.0,560,640.0
ORD-104920,2026-05-10,2026-05,South,Accessories,Backpack,Consumer,5,1800,0.05,8550.0,4750,3800.0
ORD-100001,2026-05-10,2026-05,South,Furniture,Office Chair,Corporate,1,8500,0.0,8500.0,5500,3000.0
ORD-103128,2026-05-10,2026-05,West,Stationery,Pen Set,Consumer,2,300,0.0,600.0,280,320.0
ORD-104635,2026-05-10,2026-05,North,Electronics,Headphones,Corporate,1,3500,0.2,2800.0,2100,700.0
ORD-102843,2026-05-10,2026-05,South,Electronics,Headphones,Consumer,3,3500,0.1,9450.0,6300,3150.0
ORD-101550,2026-05-10,2026-05,South,Electronics,Headphones,Consumer,2,3500,0.1,6300.0,4200,2100.0
ORD-103192,2026-05-10,2026-05,South,Electronics,Smartphone,Consumer,1,28000,0.2,22400.0,21000,1400.0
ORD-101220,2026-05-10,2026-05,West,Electronics,Smartphone,Small Business,1,28000,0.1,25200.0,21000,4200.0
ORD-103059,2026-05-10,2026-05,East,Electronics,Smartwatch,Consumer,1,9000,0.1,8100.0,6000,2100.0
ORD-102788,2026-05-10,2026-05,North,Stationery,Notebook Pack,Consumer,2,450,0.1,810.0,500,310.0
ORD-102938,2026-05-10,2026-05,South,Electronics,Headphones,Small Business,1,3500,0.1,3150.0,2100,1050.0
ORD-103590,2026-05-10,2026-05,West,Electronics,Smartwatch,Consumer,2,9000,0.1,16200.0,12000,4200.0
ORD-102638,2026-05-10,2026-05,North,Furniture,Bookshelf,Consumer,1,6500,0.1,5850.0,4200,1650.0
ORD-101427,2026-05-10,2026-05,West,Stationery,Pen Set,Corporate,1,300,0.2,240.0,140,100.0
ORD-104791,2026-05-11,2026-05,East,Furniture,Study Desk,Consumer,1,12000,0.0,12000.0,8000,4000.0
ORD-100324,2026-05-11,2026-05,North,Electronics,Headphones,Consumer,1,3500,0.05,3325.0,2100,1225.0
ORD-104841,2026-05-11,2026-05,Central,Furniture,Study Desk,Corporate,1,12000,0.05,11400.0,8000,3400.0
ORD-102325,2026-05-11,2026-05,North,Accessories,Backpack,Corporate,2,1800,0.0,3600.0,1900,1700.0
ORD-104271,2026-05-11,2026-05,East,Stationery,Notebook Pack,Small Business,1,450,0.0,450.0,250,200.0
ORD-100241,2026-05-11,2026-05,South,Electronics,Headphones,Consumer,3,3500,0.2,8400.0,6300,2100.0
ORD-102555,2026-05-11,2026-05,South,Stationery,Notebook Pack,Consumer,2,450,0.0,900.0,500,400.0
ORD-100540,2026-05-11,2026-05,North,Electronics,Smartphone,Consumer,2,28000,0.05,53200.0,42000,11200.0
ORD-104807,2026-05-12,2026-05,East,Accessories,Water Bottle,Consumer,1,600,0.0,600.0,280,320.0
ORD-104968,2026-05-12,2026-05,West,Furniture,Bookshelf,Corporate,1,6500,0.0,6500.0,4200,2300.0
ORD-104840,2026-05-12,2026-05,West,Electronics,Headphones,Small Business,1,3500,0.1,3150.0,2100,1050.0
ORD-101512,2026-05-12,2026-05,West,Accessories,Water Bottle,Corporate,1,600,0.0,600.0,280,320.0
ORD-104608,2026-05-12,2026-05,North,Stationery,Notebook Pack,Corporate,2,450,0.05,855.0,500,355.0
ORD-102503,2026-05-12,2026-05,North,Stationery,Pen Set,Consumer,4,300,0.0,1200.0,560,640.0
ORD-101800,2026-05-12,2026-05,North,Electronics,Headphones,Consumer,2,3500,0.1,6300.0,4200,2100.0
ORD-104421,2026-05-12,2026-05,East,Stationery,Notebook Pack,Consumer,3,450,0.15,1147.5,750,397.5
ORD-101121,2026-05-12,2026-05,North,Electronics,Headphones,Corporate,1,3500,0.0,3500.0,2100,1400.0
ORD-101773,2026-05-12,2026-05,North,Electronics,Headphones,Corporate,1,3500,0.1,3150.0,2100,1050.0
ORD-102646,2026-05-12,2026-05,East,Electronics,Headphones,Consumer,5,3500,0.0,17500.0,10500,7000.0
ORD-102427,2026-05-12,2026-05,South,Stationery,Pen Set,Consumer,2,300,0.05,570.0,280,290.0
ORD-101996,2026-05-12,2026-05,West,Accessories,Water Bottle,Consumer,2,600,0.05,1140.0,560,580.0
ORD-101623,2026-05-13,2026-05,East,Electronics,Laptop,Small Business,2,55000,0.0,110000.0,84000,26000.0
ORD-103091,2026-05-13,2026-05,South,Furniture,Study Desk,Corporate,1,12000,0.0,12000.0,8000,4000.0
ORD-102733,2026-05-13,2026-05,West,Electronics,Headphones,Consumer,1,3500,0.0,3500.0,2100,1400.0
ORD-102527,2026-05-13,2026-05,East,Electronics,Laptop,Small Business,2,55000,0.05,104500.0,84000,20500.0
ORD-103882,2026-05-13,2026-05,North,Stationery,Pen Set,Corporate,1,300,0.15,255.0,140,115.0
ORD-104158,2026-05-13,2026-05,West,Accessories,Water Bottle,Consumer,4,600,0.0,2400.0,1120,1280.0
ORD-102765,2026-05-13,2026-05,East,Stationery,Notebook Pack,Consumer,2,450,0.1,810.0,500,310.0
ORD-104353,2026-05-13,2026-05,North,Furniture,Study Desk,Consumer,1,12000,0.05,11400.0,8000,3400.0
ORD-101906,2026-05-13,2026-05,South,Accessories,Backpack,Consumer,1,1800,0.0,1800.0,950,850.0
ORD-101756,2026-05-13,2026-05,West,Accessories,Water Bottle,Consumer,3,600,0.05,1710.0,840,870.0
ORD-103237,2026-05-14,2026-05,West,Stationery,Pen Set,Consumer,2,300,0.0,600.0,280,320.0
ORD-103696,2026-05-14,2026-05,Central,Accessories,Desk Lamp,Small Business,3,1400,0.05,3990.0,2250,1740.0
ORD-102803,2026-05-14,2026-05,South,Electronics,Smartphone,Consumer,2,28000,0.0,56000.0,42000,14000.0
ORD-103476,2026-05-14,2026-05,North,Electronics,Smartphone,Corporate,1,28000,0.05,26600.0,21000,5600.0
ORD-100366,2026-05-14,2026-05,East,Accessories,Water Bottle,Small Business,4,600,0.2,1920.0,1120,800.0
ORD-104677,2026-05-14,2026-05,North,Accessories,Backpack,Consumer,2,1800,0.05,3420.0,1900,1520.0
ORD-104932,2026-05-14,2026-05,South,Stationery,Pen Set,Consumer,1,300,0.15,255.0,140,115.0
ORD-100843,2026-05-14,2026-05,North,Electronics,Smartwatch,Consumer,5,9000,0.0,45000.0,30000,15000.0
ORD-102786,2026-05-14,2026-05,South,Electronics,Laptop,Consumer,2,55000,0.0,110000.0,84000,26000.0
ORD-102434,2026-05-14,2026-05,North,Electronics,Smartwatch,Consumer,1,9000,0.0,9000.0,6000,3000.0
ORD-104386,2026-05-14,2026-05,Central,Accessories,Water Bottle,Consumer,2,600,0.0,1200.0,560,640.0
ORD-100464,2026-05-15,2026-05,South,Electronics,Headphones,Corporate,5,3500,0.1,15750.0,10500,5250.0
ORD-100469,2026-05-15,2026-05,South,Stationery,Notebook Pack,Corporate,1,450,0.1,405.0,250,155.0
ORD-101544,2026-05-15,2026-05,East,Stationery,Notebook Pack,Corporate,4,450,0.05,1710.0,1000,710.0
ORD-102738,2026-05-15,2026-05,West,Accessories,Water Bottle,Consumer,1,600,0.0,600.0,280,320.0
ORD-102213,2026-05-15,2026-05,East,Accessories,Desk Lamp,Consumer,2,1400,0.1,2520.0,1500,1020.0
ORD-101180,2026-05-15,2026-05,East,Accessories,Backpack,Small Business,1,1800,0.05,1710.0,950,760.0
ORD-102471,2026-05-15,2026-05,North,Stationery,Pen Set,Consumer,3,300,0.2,720.0,420,300.0
ORD-102020,2026-05-15,2026-05,East,Furniture,Bookshelf,Consumer,2,6500,0.0,13000.0,8400,4600.0
ORD-100140,2026-05-15,2026-05,East,Electronics,Laptop,Corporate,3,55000,0.0,165000.0,126000,39000.0
ORD-102415,2026-05-15,2026-05,East,Electronics,Smartphone,Small Business,1,28000,0.0,28000.0,21000,7000.0
ORD-101698,2026-05-15,2026-05,West,Accessories,Water Bottle,Corporate,1,600,0.0,600.0,280,320.0
ORD-100248,2026-05-15,2026-05,South,Accessories,Desk Lamp,Corporate,3,1400,0.0,4200.0,2250,1950.0
ORD-102694,2026-05-15,2026-05,Central,Accessories,Backpack,Consumer,2,1800,0.0,3600.0,1900,1700.0
ORD-100313,2026-05-15,2026-05,Central,Electronics,Smartphone,Consumer,4,28000,0.15,95200.0,84000,11200.0
ORD-103709,2026-05-15,2026-05,West,Accessories,Backpack,Consumer,1,1800,0.1,1620.0,950,670.0
ORD-102625,2026-05-15,2026-05,West,Electronics,Smartwatch,Consumer,2,9000,0.0,18000.0,12000,6000.0
ORD-104203,2026-05-15,2026-05,South,Accessories,Water Bottle,Consumer,2,600,0.0,1200.0,560,640.0
ORD-104106,2026-05-16,2026-05,North,Stationery,Pen Set,Consumer,3,300,0.05,855.0,420,435.0
ORD-103067,2026-05-16,2026-05,South,Stationery,Notebook Pack,Corporate,1,450,0.05,427.5,250,177.5
ORD-104585,2026-05-16,2026-05,West,Furniture,Study Desk,Corporate,2,12000,0.15,20400.0,16000,4400.0
ORD-101700,2026-05-16,2026-05,East,Electronics,Smartphone,Small Business,1,28000,0.0,28000.0,21000,7000.0
ORD-103914,2026-05-16,2026-05,North,Stationery,Notebook Pack,Corporate,1,450,0.0,450.0,250,200.0
ORD-102636,2026-05-16,2026-05,South,Accessories,Backpack,Consumer,2,1800,0.0,3600.0,1900,1700.0
ORD-104906,2026-05-16,2026-05,West,Stationery,Notebook Pack,Consumer,5,450,0.0,2250.0,1250,1000.0
ORD-102091,2026-05-16,2026-05,Central,Electronics,Smartwatch,Corporate,3,9000,0.1,24300.0,18000,6300.0
ORD-100034,2026-05-16,2026-05,North,Stationery,Pen Set,Corporate,1,300,0.1,270.0,140,130.0
ORD-100717,2026-05-16,2026-05,South,Electronics,Headphones,Corporate,1,3500,0.0,3500.0,2100,1400.0
ORD-101425,2026-05-16,2026-05,North,Furniture,Study Desk,Corporate,3,12000,0.05,34200.0,24000,10200.0
ORD-101238,2026-05-17,2026-05,West,Stationery,Notebook Pack,Consumer,1,450,0.0,450.0,250,200.0
ORD-104966,2026-05-17,2026-05,West,Stationery,Notebook Pack,Corporate,1,450,0.0,450.0,250,200.0
ORD-102451,2026-05-17,2026-05,South,Accessories,Backpack,Consumer,1,1800,0.0,1800.0,950,850.0
ORD-103528,2026-05-17,2026-05,West,Stationery,Notebook Pack,Consumer,1,450,0.05,427.5,250,177.5
ORD-103055,2026-05-17,2026-05,South,Stationery,Pen Set,Corporate,1,300,0.0,300.0,140,160.0
ORD-102913,2026-05-17,2026-05,North,Electronics,Smartphone,Small Business,1,28000,0.05,26600.0,21000,5600.0
ORD-103294,2026-05-17,2026-05,West,Furniture,Office Chair,Corporate,4,8500,0.05,32300.0,22000,10300.0
ORD-101827,2026-05-17,2026-05,North,Accessories,Desk Lamp,Consumer,2,1400,0.0,2800.0,1500,1300.0
ORD-100247,2026-05-17,2026-05,West,Accessories,Backpack,Consumer,1,1800,0.05,1710.0,950,760.0
ORD-101815,2026-05-17,2026-05,North,Stationery,Notebook Pack,Consumer,2,450,0.0,900.0,500,400.0
ORD-102985,2026-05-17,2026-05,West,Accessories,Water Bottle,Consumer,3,600,0.05,1710.0,840,870.0
ORD-103731,2026-05-17,2026-05,West,Furniture,Office Chair,Small Business,1,8500,0.0,8500.0,5500,3000.0
ORD-102122,2026-05-17,2026-05,East,Stationery,Pen Set,Consumer,5,300,0.0,1500.0,700,800.0
ORD-104249,2026-05-18,2026-05,South,Accessories,Desk Lamp,Corporate,2,1400,0.05,2660.0,1500,1160.0
ORD-100471,2026-05-18,2026-05,South,Accessories,Water Bottle,Corporate,1,600,0.05,570.0,280,290.0
ORD-103041,2026-05-18,2026-05,South,Stationery,Pen Set,Small Business,1,300,0.1,270.0,140,130.0
ORD-100678,2026-05-18,2026-05,West,Electronics,Headphones,Small Business,1,3500,0.1,3150.0,2100,1050.0
ORD-103609,2026-05-18,2026-05,West,Stationery,Notebook Pack,Consumer,1,450,0.0,450.0,250,200.0
ORD-103805,2026-05-18,2026-05,West,Electronics,Smartphone,Corporate,2,28000,0.0,56000.0,42000,14000.0
ORD-100522,2026-05-18,2026-05,East,Accessories,Water Bottle,Consumer,1,600,0.0,600.0,280,320.0
ORD-100011,2026-05-18,2026-05,West,Accessories,Backpack,Consumer,1,1800,0.05,1710.0,950,760.0
ORD-100050,2026-05-18,2026-05,North,Accessories,Water Bottle,Small Business,1,600,0.05,570.0,280,290.0
ORD-101101,2026-05-18,2026-05,West,Accessories,Water Bottle,Consumer,1,600,0.15,510.0,280,230.0
ORD-101197,2026-05-18,2026-05,West,Furniture,Office Chair,Consumer,3,8500,0.05,24225.0,16500,7725.0
ORD-101382,2026-05-18,2026-05,North,Stationery,Pen Set,Consumer,1,300,0.05,285.0,140,145.0
ORD-100478,2026-05-18,2026-05,West,Stationery,Notebook Pack,Small Business,1,450,0.0,450.0,250,200.0
ORD-102979,2026-05-18,2026-05,West,Accessories,Backpack,Corporate,3,1800,0.2,4320.0,2850,1470.0
ORD-101388,2026-05-18,2026-05,South,Accessories,Desk Lamp,Consumer,2,1400,0.2,2240.0,1500,740.0
ORD-101440,2026-05-18,2026-05,South,Furniture,Office Chair,Consumer,1,8500,0.15,7225.0,5500,1725.0
ORD-100226,2026-05-19,2026-05,East,Stationery,Pen Set,Consumer,1,300,0.05,285.0,140,145.0
ORD-103526,2026-05-19,2026-05,South,Accessories,Water Bottle,Consumer,2,600,0.0,1200.0,560,640.0
ORD-101023,2026-05-19,2026-05,North,Stationery,Notebook Pack,Consumer,1,450,0.0,450.0,250,200.0
ORD-103846,2026-05-19,2026-05,Central,Stationery,Pen Set,Corporate,1,300,0.15,255.0,140,115.0
ORD-102286,2026-05-19,2026-05,East,Accessories,Backpack,Corporate,3,1800,0.0,5400.0,2850,2550.0
ORD-104314,2026-05-19,2026-05,East,Accessories,Backpack,Consumer,1,1800,0.05,1710.0,950,760.0
ORD-101370,2026-05-19,2026-05,West,Accessories,Desk Lamp,Corporate,2,1400,0.0,2800.0,1500,1300.0
ORD-102033,2026-05-19,2026-05,East,Stationery,Notebook Pack,Corporate,5,450,0.1,2025.0,1250,775.0
ORD-102906,2026-05-19,2026-05,North,Stationery,Pen Set,Consumer,1,300,0.0,300.0,140,160.0
ORD-100139,2026-05-19,2026-05,Central,Stationery,Notebook Pack,Corporate,1,450,0.15,382.5,250,132.5
ORD-103506,2026-05-20,2026-05,North,Stationery,Notebook Pack,Consumer,5,450,0.0,2250.0,1250,1000.0
ORD-103970,2026-05-20,2026-05,North,Electronics,Headphones,Consumer,5,3500,0.0,17500.0,10500,7000.0
ORD-103952,2026-05-20,2026-05,North,Accessories,Desk Lamp,Small Business,1,1400,0.05,1330.0,750,580.0
ORD-102717,2026-05-20,2026-05,Central,Accessories,Backpack,Consumer,1,1800,0.0,1800.0,950,850.0
ORD-103512,2026-05-20,2026-05,West,Accessories,Backpack,Small Business,1,1800,0.2,1440.0,950,490.0
ORD-100498,2026-05-20,2026-05,East,Furniture,Office Chair,Consumer,2,8500,0.1,15300.0,11000,4300.0
ORD-101334,2026-05-20,2026-05,South,Electronics,Headphones,Corporate,2,3500,0.05,6650.0,4200,2450.0
ORD-102200,2026-05-21,2026-05,South,Furniture,Office Chair,Corporate,1,8500,0.0,8500.0,5500,3000.0
ORD-101754,2026-05-21,2026-05,North,Furniture,Bookshelf,Corporate,1,6500,0.1,5850.0,4200,1650.0
ORD-104990,2026-05-21,2026-05,South,Accessories,Desk Lamp,Corporate,2,1400,0.05,2660.0,1500,1160.0
ORD-104980,2026-05-21,2026-05,South,Electronics,Smartwatch,Small Business,2,9000,0.0,18000.0,12000,6000.0
ORD-100305,2026-05-21,2026-05,East,Accessories,Backpack,Consumer,2,1800,0.0,3600.0,1900,1700.0
ORD-102805,2026-05-21,2026-05,North,Accessories,Water Bottle,Consumer,2,600,0.0,1200.0,560,640.0
ORD-101681,2026-05-21,2026-05,South,Electronics,Smartwatch,Corporate,3,9000,0.05,25650.0,18000,7650.0
ORD-104578,2026-05-21,2026-05,North,Electronics,Headphones,Consumer,1,3500,0.0,3500.0,2100,1400.0
ORD-103096,2026-05-21,2026-05,North,Electronics,Headphones,Consumer,1,3500,0.0,3500.0,2100,1400.0
ORD-104689,2026-05-21,2026-05,West,Furniture,Study Desk,Consumer,3,12000,0.1,32400.0,24000,8400.0
ORD-104036,2026-05-21,2026-05,North,Electronics,Smartwatch,Corporate,1,9000,0.05,8550.0,6000,2550.0
ORD-102701,2026-05-21,2026-05,West,Electronics,Smartwatch,Consumer,2,9000,0.2,14400.0,12000,2400.0
ORD-101466,2026-05-21,2026-05,East,Electronics,Headphones,Consumer,1,3500,0.0,3500.0,2100,1400.0
ORD-101324,2026-05-21,2026-05,North,Accessories,Desk Lamp,Small Business,2,1400,0.15,2380.0,1500,880.0
ORD-104445,2026-05-22,2026-05,North,Furniture,Bookshelf,Consumer,3,6500,0.0,19500.0,12600,6900.0
ORD-102576,2026-05-22,2026-05,East,Electronics,Laptop,Consumer,1,55000,0.2,44000.0,42000,2000.0
ORD-102165,2026-05-22,2026-05,North,Stationery,Pen Set,Small Business,4,300,0.2,960.0,560,400.0
ORD-102963,2026-05-22,2026-05,South,Electronics,Headphones,Consumer,3,3500,0.0,10500.0,6300,4200.0
ORD-103913,2026-05-22,2026-05,North,Accessories,Water Bottle,Corporate,1,600,0.1,540.0,280,260.0
ORD-104067,2026-05-22,2026-05,East,Furniture,Office Chair,Consumer,1,8500,0.15,7225.0,5500,1725.0
ORD-103037,2026-05-23,2026-05,West,Stationery,Notebook Pack,Corporate,2,450,0.05,855.0,500,355.0
ORD-102791,2026-05-23,2026-05,North,Electronics,Headphones,Consumer,2,3500,0.15,5950.0,4200,1750.0
ORD-100581,2026-05-23,2026-05,South,Accessories,Desk Lamp,Consumer,1,1400,0.1,1260.0,750,510.0
ORD-103444,2026-05-23,2026-05,North,Electronics,Headphones,Corporate,3,3500,0.15,8925.0,6300,2625.0
ORD-102798,2026-05-23,2026-05,South,Stationery,Pen Set,Consumer,3,300,0.1,810.0,420,390.0
ORD-102485,2026-05-23,2026-05,West,Electronics,Headphones,Consumer,2,3500,0.05,6650.0,4200,2450.0
ORD-104850,2026-05-23,2026-05,East,Accessories,Water Bottle,Consumer,4,600,0.0,2400.0,1120,1280.0
ORD-102782,2026-05-23,2026-05,West,Electronics,Headphones,Consumer,1,3500,0.1,3150.0,2100,1050.0
ORD-101830,2026-05-23,2026-05,Central,Stationery,Notebook Pack,Corporate,1,450,0.15,382.5,250,132.5
ORD-101171,2026-05-23,2026-05,East,Accessories,Backpack,Corporate,2,1800,0.0,3600.0,1900,1700.0
ORD-102498,2026-05-23,2026-05,North,Accessories,Backpack,Consumer,5,1800,0.2,7200.0,4750,2450.0
ORD-102027,2026-05-23,2026-05,Central,Stationery,Pen Set,Corporate,2,300,0.0,600.0,280,320.0
ORD-103789,2026-05-23,2026-05,West,Stationery,Pen Set,Consumer,2,300,0.15,510.0,280,230.0
ORD-103803,2026-05-24,2026-05,Central,Stationery,Notebook Pack,Consumer,2,450,0.1,810.0,500,310.0
ORD-102109,2026-05-24,2026-05,South,Electronics,Headphones,Corporate,1,3500,0.05,3325.0,2100,1225.0
ORD-104327,2026-05-24,2026-05,North,Furniture,Study Desk,Consumer,1,12000,0.05,11400.0,8000,3400.0
ORD-102124,2026-05-24,2026-05,South,Furniture,Office Chair,Consumer,3,8500,0.0,25500.0,16500,9000.0
ORD-101061,2026-05-24,2026-05,South,Electronics,Smartphone,Consumer,1,28000,0.1,25200.0,21000,4200.0
ORD-100675,2026-05-24,2026-05,North,Accessories,Backpack,Corporate,1,1800,0.1,1620.0,950,670.0
ORD-104699,2026-05-24,2026-05,West,Stationery,Pen Set,Corporate,1,300,0.05,285.0,140,145.0
ORD-102432,2026-05-24,2026-05,North,Accessories,Water Bottle,Corporate,1,600,0.0,600.0,280,320.0
ORD-101228,2026-05-24,2026-05,West,Electronics,Smartwatch,Consumer,1,9000,0.05,8550.0,6000,2550.0
ORD-101718,2026-05-24,2026-05,South,Electronics,Smartwatch,Consumer,1,9000,0.0,9000.0,6000,3000.0
ORD-102078,2026-05-25,2026-05,East,Electronics,Laptop,Corporate,3,55000,0.0,165000.0,126000,39000.0
ORD-102927,2026-05-25,2026-05,West,Stationery,Notebook Pack,Consumer,1,450,0.0,450.0,250,200.0
ORD-100661,2026-05-25,2026-05,North,Electronics,Laptop,Consumer,2,55000,0.0,110000.0,84000,26000.0
ORD-100446,2026-05-25,2026-05,South,Furniture,Bookshelf,Consumer,1,6500,0.1,5850.0,4200,1650.0
ORD-101864,2026-05-25,2026-05,East,Accessories,Backpack,Consumer,2,1800,0.1,3240.0,1900,1340.0
ORD-100932,2026-05-25,2026-05,South,Electronics,Headphones,Small Business,2,3500,0.0,7000.0,4200,2800.0
ORD-100810,2026-05-25,2026-05,North,Stationery,Pen Set,Consumer,1,300,0.1,270.0,140,130.0
ORD-100499,2026-05-25,2026-05,East,Electronics,Laptop,Small Business,1,55000,0.1,49500.0,42000,7500.0
ORD-100154,2026-05-25,2026-05,West,Accessories,Backpack,Consumer,1,1800,0.05,1710.0,950,760.0
ORD-102408,2026-05-26,2026-05,North,Accessories,Desk Lamp,Consumer,1,1400,0.0,1400.0,750,650.0
ORD-104035,2026-05-26,2026-05,West,Accessories,Backpack,Consumer,2,1800,0.05,3420.0,1900,1520.0
ORD-101277,2026-05-26,2026-05,South,Stationery,Pen Set,Consumer,2,300,0.2,480.0,280,200.0
ORD-101348,2026-05-26,2026-05,East,Electronics,Headphones,Corporate,3,3500,0.15,8925.0,6300,2625.0
ORD-100518,2026-05-26,2026-05,North,Accessories,Backpack,Consumer,5,1800,0.0,9000.0,4750,4250.0
ORD-101584,2026-05-26,2026-05,West,Stationery,Pen Set,Consumer,1,300,0.15,255.0,140,115.0
ORD-101011,2026-05-26,2026-05,West,Stationery,Pen Set,Consumer,1,300,0.1,270.0,140,130.0
ORD-100069,2026-05-26,2026-05,North,Accessories,Water Bottle,Small Business,2,600,0.05,1140.0,560,580.0
ORD-100441,2026-05-26,2026-05,North,Accessories,Backpack,Consumer,1,1800,0.0,1800.0,950,850.0
ORD-101424,2026-05-26,2026-05,South,Accessories,Water Bottle,Consumer,1,600,0.1,540.0,280,260.0
ORD-104761,2026-05-26,2026-05,North,Accessories,Water Bottle,Small Business,1,600,0.05,570.0,280,290.0
ORD-101074,2026-05-26,2026-05,South,Furniture,Office Chair,Small Business,1,8500,0.2,6800.0,5500,1300.0
ORD-104171,2026-05-26,2026-05,West,Electronics,Laptop,Small Business,2,55000,0.05,104500.0,84000,20500.0
ORD-100390,2026-05-27,2026-05,North,Accessories,Water Bottle,Consumer,1,600,0.0,600.0,280,320.0
ORD-100261,2026-05-27,2026-05,West,Stationery,Pen Set,Corporate,3,300,0.0,900.0,420,480.0
ORD-104759,2026-05-27,2026-05,East,Electronics,Laptop,Consumer,4,55000,0.0,220000.0,168000,52000.0
ORD-103924,2026-05-27,2026-05,North,Stationery,Notebook Pack,Consumer,2,450,0.1,810.0,500,310.0
ORD-103714,2026-05-27,2026-05,West,Electronics,Headphones,Consumer,2,3500,0.1,6300.0,4200,2100.0
ORD-103431,2026-05-27,2026-05,East,Accessories,Desk Lamp,Corporate,1,1400,0.0,1400.0,750,650.0
ORD-103573,2026-05-27,2026-05,South,Stationery,Notebook Pack,Corporate,1,450,0.05,427.5,250,177.5
ORD-100705,2026-05-27,2026-05,South,Stationery,Pen Set,Consumer,5,300,0.05,1425.0,700,725.0
ORD-104404,2026-05-27,2026-05,North,Stationery,Notebook Pack,Corporate,3,450,0.05,1282.5,750,532.5
ORD-104471,2026-05-28,2026-05,West,Accessories,Desk Lamp,Small Business,4,1400,0.1,5040.0,3000,2040.0
ORD-102314,2026-05-28,2026-05,North,Stationery,Pen Set,Consumer,5,300,0.0,1500.0,700,800.0
ORD-104438,2026-05-28,2026-05,North,Stationery,Pen Set,Corporate,1,300,0.05,285.0,140,145.0
ORD-102836,2026-05-28,2026-05,East,Accessories,Water Bottle,Consumer,1,600,0.0,600.0,280,320.0
ORD-100475,2026-05-28,2026-05,South,Stationery,Notebook Pack,Consumer,3,450,0.1,1215.0,750,465.0
ORD-101889,2026-05-28,2026-05,East,Furniture,Bookshelf,Consumer,1,6500,0.0,6500.0,4200,2300.0
ORD-102736,2026-05-28,2026-05,Central,Electronics,Headphones,Corporate,2,3500,0.0,7000.0,4200,2800.0
ORD-101664,2026-05-28,2026-05,West,Accessories,Backpack,Consumer,1,1800,0.0,1800.0,950,850.0
ORD-104059,2026-05-28,2026-05,North,Accessories,Desk Lamp,Small Business,1,1400,0.1,1260.0,750,510.0
ORD-101638,2026-05-28,2026-05,North,Stationery,Notebook Pack,Consumer,4,450,0.0,1800.0,1000,800.0
ORD-104765,2026-05-28,2026-05,North,Furniture,Study Desk,Consumer,4,12000,0.1,43200.0,32000,11200.0
ORD-101591,2026-05-28,2026-05,South,Accessories,Water Bottle,Corporate,1,600,0.0,600.0,280,320.0
ORD-101088,2026-05-28,2026-05,West,Stationery,Notebook Pack,Corporate,1,450,0.1,405.0,250,155.0
ORD-104033,2026-05-28,2026-05,West,Electronics,Smartwatch,Consumer,1,9000,0.1,8100.0,6000,2100.0
ORD-101715,2026-05-29,2026-05,South,Furniture,Bookshelf,Small Business,1,6500,0.1,5850.0,4200,1650.0
ORD-102789,2026-05-29,2026-05,East,Furniture,Study Desk,Consumer,4,12000,0.05,45600.0,32000,13600.0
ORD-102243,2026-05-29,2026-05,East,Accessories,Water Bottle,Consumer,2,600,0.2,960.0,560,400.0
ORD-102460,2026-05-29,2026-05,South,Electronics,Headphones,Consumer,2,3500,0.0,7000.0,4200,2800.0
ORD-104743,2026-05-29,2026-05,West,Stationery,Notebook Pack,Consumer,3,450,0.05,1282.5,750,532.5
ORD-101616,2026-05-29,2026-05,North,Furniture,Office Chair,Consumer,1,8500,0.1,7650.0,5500,2150.0
ORD-101104,2026-05-29,2026-05,North,Accessories,Backpack,Corporate,1,1800,0.05,1710.0,950,760.0
ORD-100532,2026-05-30,2026-05,West,Accessories,Desk Lamp,Small Business,1,1400,0.0,1400.0,750,650.0
ORD-101209,2026-05-30,2026-05,North,Furniture,Study Desk,Consumer,1,12000,0.1,10800.0,8000,2800.0
ORD-103301,2026-05-30,2026-05,South,Electronics,Headphones,Consumer,1,3500,0.1,3150.0,2100,1050.0
ORD-101727,2026-05-30,2026-05,North,Accessories,Backpack,Consumer,4,1800,0.1,6480.0,3800,2680.0
ORD-103502,2026-05-30,2026-05,South,Electronics,Headphones,Corporate,2,3500,0.0,7000.0,4200,2800.0
ORD-104717,2026-05-30,2026-05,South,Accessories,Water Bottle,Corporate,3,600,0.0,1800.0,840,960.0
ORD-101912,2026-05-30,2026-05,North,Electronics,Headphones,Small Business,3,3500,0.05,9975.0,6300,3675.0
ORD-103407,2026-05-30,2026-05,South,Accessories,Water Bottle,Corporate,3,600,0.0,1800.0,840,960.0
ORD-103395,2026-05-30,2026-05,West,Electronics,Headphones,Corporate,1,3500,0.0,3500.0,2100,1400.0
ORD-101333,2026-05-30,2026-05,East,Accessories,Backpack,Small Business,2,1800,0.0,3600.0,1900,1700.0
ORD-104559,2026-05-30,2026-05,East,Electronics,Laptop,Consumer,1,55000,0.0,55000.0,42000,13000.0
ORD-103443,2026-05-30,2026-05,South,Accessories,Backpack,Consumer,3,1800,0.05,5130.0,2850,2280.0
ORD-104175,2026-05-30,2026-05,North,Accessories,Water Bottle,Consumer,4,600,0.0,2400.0,1120,1280.0
ORD-104462,2026-05-30,2026-05,West,Electronics,Smartwatch,Corporate,1,9000,0.05,8550.0,6000,2550.0
ORD-104256,2026-05-30,2026-05,South,Furniture,Office Chair,Small Business,2,8500,0.0,17000.0,11000,6000.0
ORD-100847,2026-05-30,2026-05,West,Accessories,Water Bottle,Corporate,1,600,0.0,600.0,280,320.0
ORD-101054,2026-05-31,2026-05,West,Accessories,Desk Lamp,Corporate,2,1400,0.0,2800.0,1500,1300.0
ORD-101464,2026-05-31,2026-05,West,Stationery,Pen Set,Consumer,1,300,0.0,300.0,140,160.0
ORD-101954,2026-05-31,2026-05,West,Accessories,Water Bottle,Small Business,2,600,0.0,1200.0,560,640.0
ORD-103649,2026-05-31,2026-05,North,Stationery,Pen Set,Corporate,1,300,0.0,300.0,140,160.0
ORD-100531,2026-05-31,2026-05,North,Accessories,Backpack,Corporate,2,1800,0.05,3420.0,1900,1520.0
ORD-103402,2026-05-31,2026-05,East,Furniture,Study Desk,Small Business,2,12000,0.0,24000.0,16000,8000.0
ORD-102529,2026-05-31,2026-05,South,Electronics,Headphones,Consumer,3,3500,0.0,10500.0,6300,4200.0
